[2024-08-20 05:59:42] production.ERROR: SQLSTATE[HY000] [1045] Access denied for user 'forge'@'localhost' (using password: NO) (Connection: mysql, SQL: select * from `cms` limit 1) {"exception":"[object] (Illuminate\\Database\\QueryException(code: 1045): SQLSTATE[HY000] [1045] Access denied for user 'forge'@'localhost' (using password: NO) (Connection: mysql, SQL: select * from `cms` limit 1) at /media/suraiya/New Volume/Lomeyo-Work/Practice-Projects(Internship)/ogani-ecommerce/vendor/laravel/framework/src/Illuminate/Database/Connection.php:795)
[stacktrace]
#0 /media/suraiya/New Volume/Lomeyo-Work/Practice-Projects(Internship)/ogani-ecommerce/vendor/laravel/framework/src/Illuminate/Database/Connection.php(755): Illuminate\\Database\\Connection->runQueryCallback()
#1 /media/suraiya/New Volume/Lomeyo-Work/Practice-Projects(Internship)/ogani-ecommerce/vendor/laravel/framework/src/Illuminate/Database/Connection.php(407): Illuminate\\Database\\Connection->run()
#2 /media/suraiya/New Volume/Lomeyo-Work/Practice-Projects(Internship)/ogani-ecommerce/vendor/laravel/framework/src/Illuminate/Database/Query/Builder.php(2735): Illuminate\\Database\\Connection->select()
#3 /media/suraiya/New Volume/Lomeyo-Work/Practice-Projects(Internship)/ogani-ecommerce/vendor/laravel/framework/src/Illuminate/Database/Query/Builder.php(2724): Illuminate\\Database\\Query\\Builder->runSelect()
#4 /media/suraiya/New Volume/Lomeyo-Work/Practice-Projects(Internship)/ogani-ecommerce/vendor/laravel/framework/src/Illuminate/Database/Query/Builder.php(3278): Illuminate\\Database\\Query\\Builder->Illuminate\\Database\\Query\\{closure}()
#5 /media/suraiya/New Volume/Lomeyo-Work/Practice-Projects(Internship)/ogani-ecommerce/vendor/laravel/framework/src/Illuminate/Database/Query/Builder.php(2723): Illuminate\\Database\\Query\\Builder->onceWithColumns()
#6 /media/suraiya/New Volume/Lomeyo-Work/Practice-Projects(Internship)/ogani-ecommerce/vendor/laravel/framework/src/Illuminate/Database/Eloquent/Builder.php(717): Illuminate\\Database\\Query\\Builder->get()
#7 /media/suraiya/New Volume/Lomeyo-Work/Practice-Projects(Internship)/ogani-ecommerce/vendor/laravel/framework/src/Illuminate/Database/Eloquent/Builder.php(701): Illuminate\\Database\\Eloquent\\Builder->getModels()
#8 /media/suraiya/New Volume/Lomeyo-Work/Practice-Projects(Internship)/ogani-ecommerce/vendor/laravel/framework/src/Illuminate/Database/Concerns/BuildsQueries.php(296): Illuminate\\Database\\Eloquent\\Builder->get()
#9 /media/suraiya/New Volume/Lomeyo-Work/Practice-Projects(Internship)/ogani-ecommerce/vendor/laravel/framework/src/Illuminate/Support/Traits/ForwardsCalls.php(23): Illuminate\\Database\\Eloquent\\Builder->first()
#10 /media/suraiya/New Volume/Lomeyo-Work/Practice-Projects(Internship)/ogani-ecommerce/vendor/laravel/framework/src/Illuminate/Database/Eloquent/Model.php(2335): Illuminate\\Database\\Eloquent\\Model->forwardCallTo()
#11 /media/suraiya/New Volume/Lomeyo-Work/Practice-Projects(Internship)/ogani-ecommerce/vendor/laravel/framework/src/Illuminate/Database/Eloquent/Model.php(2347): Illuminate\\Database\\Eloquent\\Model->__call()
#12 /media/suraiya/New Volume/Lomeyo-Work/Practice-Projects(Internship)/ogani-ecommerce/app/Providers/AppServiceProvider.php(61): Illuminate\\Database\\Eloquent\\Model::__callStatic()
#13 /media/suraiya/New Volume/Lomeyo-Work/Practice-Projects(Internship)/ogani-ecommerce/vendor/laravel/framework/src/Illuminate/View/Concerns/ManagesEvents.php(162): App\\Providers\\AppServiceProvider->App\\Providers\\{closure}()
#14 /media/suraiya/New Volume/Lomeyo-Work/Practice-Projects(Internship)/ogani-ecommerce/vendor/laravel/framework/src/Illuminate/Events/Dispatcher.php(418): Illuminate\\View\\Factory->Illuminate\\View\\Concerns\\{closure}()
#15 /media/suraiya/New Volume/Lomeyo-Work/Practice-Projects(Internship)/ogani-ecommerce/vendor/laravel/framework/src/Illuminate/Events/Dispatcher.php(249): Illuminate\\Events\\Dispatcher->Illuminate\\Events\\{closure}()
#16 /media/suraiya/New Volume/Lomeyo-Work/Practice-Projects(Internship)/ogani-ecommerce/vendor/laravel/framework/src/Illuminate/View/Concerns/ManagesEvents.php(177): Illuminate\\Events\\Dispatcher->dispatch()
#17 /media/suraiya/New Volume/Lomeyo-Work/Practice-Projects(Internship)/ogani-ecommerce/vendor/laravel/framework/src/Illuminate/View/View.php(176): Illuminate\\View\\Factory->callComposer()
#18 /media/suraiya/New Volume/Lomeyo-Work/Practice-Projects(Internship)/ogani-ecommerce/vendor/laravel/framework/src/Illuminate/View/View.php(147): Illuminate\\View\\View->renderContents()
#19 /media/suraiya/New Volume/Lomeyo-Work/Practice-Projects(Internship)/ogani-ecommerce/vendor/laravel/framework/src/Illuminate/Http/Response.php(69): Illuminate\\View\\View->render()
#20 /media/suraiya/New Volume/Lomeyo-Work/Practice-Projects(Internship)/ogani-ecommerce/vendor/laravel/framework/src/Illuminate/Http/Response.php(35): Illuminate\\Http\\Response->setContent()
#21 /media/suraiya/New Volume/Lomeyo-Work/Practice-Projects(Internship)/ogani-ecommerce/vendor/laravel/framework/src/Illuminate/Routing/ResponseFactory.php(57): Illuminate\\Http\\Response->__construct()
#22 /media/suraiya/New Volume/Lomeyo-Work/Practice-Projects(Internship)/ogani-ecommerce/vendor/laravel/framework/src/Illuminate/Routing/ResponseFactory.php(87): Illuminate\\Routing\\ResponseFactory->make()
#23 /media/suraiya/New Volume/Lomeyo-Work/Practice-Projects(Internship)/ogani-ecommerce/vendor/laravel/framework/src/Illuminate/Foundation/Exceptions/Handler.php(645): Illuminate\\Routing\\ResponseFactory->view()
#24 /media/suraiya/New Volume/Lomeyo-Work/Practice-Projects(Internship)/ogani-ecommerce/vendor/laravel/framework/src/Illuminate/Foundation/Exceptions/Handler.php(573): Illuminate\\Foundation\\Exceptions\\Handler->renderHttpException()
#25 /media/suraiya/New Volume/Lomeyo-Work/Practice-Projects(Internship)/ogani-ecommerce/vendor/laravel/framework/src/Illuminate/Foundation/Exceptions/Handler.php(479): Illuminate\\Foundation\\Exceptions\\Handler->prepareResponse()
#26 /media/suraiya/New Volume/Lomeyo-Work/Practice-Projects(Internship)/ogani-ecommerce/vendor/laravel/framework/src/Illuminate/Foundation/Exceptions/Handler.php(396): Illuminate\\Foundation\\Exceptions\\Handler->renderExceptionResponse()
#27 /media/suraiya/New Volume/Lomeyo-Work/Practice-Projects(Internship)/ogani-ecommerce/vendor/laravel/framework/src/Illuminate/Routing/Pipeline.php(51): Illuminate\\Foundation\\Exceptions\\Handler->render()
#28 /media/suraiya/New Volume/Lomeyo-Work/Practice-Projects(Internship)/ogani-ecommerce/vendor/laravel/framework/src/Illuminate/Pipeline/Pipeline.php(143): Illuminate\\Routing\\Pipeline->handleException()
#29 /media/suraiya/New Volume/Lomeyo-Work/Practice-Projects(Internship)/ogani-ecommerce/vendor/laravel/framework/src/Illuminate/Foundation/Http/Middleware/TransformsRequest.php(21): Illuminate\\Pipeline\\Pipeline->Illuminate\\Pipeline\\{closure}()
#30 /media/suraiya/New Volume/Lomeyo-Work/Practice-Projects(Internship)/ogani-ecommerce/vendor/laravel/framework/src/Illuminate/Foundation/Http/Middleware/ConvertEmptyStringsToNull.php(31): Illuminate\\Foundation\\Http\\Middleware\\TransformsRequest->handle()
#31 /media/suraiya/New Volume/Lomeyo-Work/Practice-Projects(Internship)/ogani-ecommerce/vendor/laravel/framework/src/Illuminate/Pipeline/Pipeline.php(180): Illuminate\\Foundation\\Http\\Middleware\\ConvertEmptyStringsToNull->handle()
#32 /media/suraiya/New Volume/Lomeyo-Work/Practice-Projects(Internship)/ogani-ecommerce/vendor/laravel/framework/src/Illuminate/Foundation/Http/Middleware/TransformsRequest.php(21): Illuminate\\Pipeline\\Pipeline->Illuminate\\Pipeline\\{closure}()
#33 /media/suraiya/New Volume/Lomeyo-Work/Practice-Projects(Internship)/ogani-ecommerce/vendor/laravel/framework/src/Illuminate/Foundation/Http/Middleware/TrimStrings.php(40): Illuminate\\Foundation\\Http\\Middleware\\TransformsRequest->handle()
#34 /media/suraiya/New Volume/Lomeyo-Work/Practice-Projects(Internship)/ogani-ecommerce/vendor/laravel/framework/src/Illuminate/Pipeline/Pipeline.php(180): Illuminate\\Foundation\\Http\\Middleware\\TrimStrings->handle()
#35 /media/suraiya/New Volume/Lomeyo-Work/Practice-Projects(Internship)/ogani-ecommerce/vendor/laravel/framework/src/Illuminate/Foundation/Http/Middleware/ValidatePostSize.php(27): Illuminate\\Pipeline\\Pipeline->Illuminate\\Pipeline\\{closure}()
#36 /media/suraiya/New Volume/Lomeyo-Work/Practice-Projects(Internship)/ogani-ecommerce/vendor/laravel/framework/src/Illuminate/Pipeline/Pipeline.php(180): Illuminate\\Foundation\\Http\\Middleware\\ValidatePostSize->handle()
#37 /media/suraiya/New Volume/Lomeyo-Work/Practice-Projects(Internship)/ogani-ecommerce/vendor/laravel/framework/src/Illuminate/Foundation/Http/Middleware/PreventRequestsDuringMaintenance.php(86): Illuminate\\Pipeline\\Pipeline->Illuminate\\Pipeline\\{closure}()
#38 /media/suraiya/New Volume/Lomeyo-Work/Practice-Projects(Internship)/ogani-ecommerce/vendor/laravel/framework/src/Illuminate/Pipeline/Pipeline.php(180): Illuminate\\Foundation\\Http\\Middleware\\PreventRequestsDuringMaintenance->handle()
#39 /media/suraiya/New Volume/Lomeyo-Work/Practice-Projects(Internship)/ogani-ecommerce/vendor/laravel/framework/src/Illuminate/Http/Middleware/HandleCors.php(49): Illuminate\\Pipeline\\Pipeline->Illuminate\\Pipeline\\{closure}()
#40 /media/suraiya/New Volume/Lomeyo-Work/Practice-Projects(Internship)/ogani-ecommerce/vendor/laravel/framework/src/Illuminate/Pipeline/Pipeline.php(180): Illuminate\\Http\\Middleware\\HandleCors->handle()
#41 /media/suraiya/New Volume/Lomeyo-Work/Practice-Projects(Internship)/ogani-ecommerce/vendor/laravel/framework/src/Illuminate/Http/Middleware/TrustProxies.php(39): Illuminate\\Pipeline\\Pipeline->Illuminate\\Pipeline\\{closure}()
#42 /media/suraiya/New Volume/Lomeyo-Work/Practice-Projects(Internship)/ogani-ecommerce/vendor/laravel/framework/src/Illuminate/Pipeline/Pipeline.php(180): Illuminate\\Http\\Middleware\\TrustProxies->handle()
#43 /media/suraiya/New Volume/Lomeyo-Work/Practice-Projects(Internship)/ogani-ecommerce/vendor/laravel/framework/src/Illuminate/Pipeline/Pipeline.php(116): Illuminate\\Pipeline\\Pipeline->Illuminate\\Pipeline\\{closure}()
#44 /media/suraiya/New Volume/Lomeyo-Work/Practice-Projects(Internship)/ogani-ecommerce/vendor/laravel/framework/src/Illuminate/Foundation/Http/Kernel.php(175): Illuminate\\Pipeline\\Pipeline->then()
#45 /media/suraiya/New Volume/Lomeyo-Work/Practice-Projects(Internship)/ogani-ecommerce/vendor/laravel/framework/src/Illuminate/Foundation/Http/Kernel.php(144): Illuminate\\Foundation\\Http\\Kernel->sendRequestThroughRouter()
#46 /media/suraiya/New Volume/Lomeyo-Work/Practice-Projects(Internship)/ogani-ecommerce/public/index.php(51): Illuminate\\Foundation\\Http\\Kernel->handle()
#47 /media/suraiya/New Volume/Lomeyo-Work/Practice-Projects(Internship)/ogani-ecommerce/vendor/laravel/framework/src/Illuminate/Foundation/resources/server.php(16): require_once('...')
#48 {main}

[previous exception] [object] (PDOException(code: 1045): SQLSTATE[HY000] [1045] Access denied for user 'forge'@'localhost' (using password: NO) at /media/suraiya/New Volume/Lomeyo-Work/Practice-Projects(Internship)/ogani-ecommerce/vendor/laravel/framework/src/Illuminate/Database/Connectors/Connector.php:65)
[stacktrace]
#0 /media/suraiya/New Volume/Lomeyo-Work/Practice-Projects(Internship)/ogani-ecommerce/vendor/laravel/framework/src/Illuminate/Database/Connectors/Connector.php(65): PDO->__construct()
#1 /media/suraiya/New Volume/Lomeyo-Work/Practice-Projects(Internship)/ogani-ecommerce/vendor/laravel/framework/src/Illuminate/Database/Connectors/Connector.php(44): Illuminate\\Database\\Connectors\\Connector->createPdoConnection()
#2 /media/suraiya/New Volume/Lomeyo-Work/Practice-Projects(Internship)/ogani-ecommerce/vendor/laravel/framework/src/Illuminate/Database/Connectors/MySqlConnector.php(24): Illuminate\\Database\\Connectors\\Connector->createConnection()
#3 /media/suraiya/New Volume/Lomeyo-Work/Practice-Projects(Internship)/ogani-ecommerce/vendor/laravel/framework/src/Illuminate/Database/Connectors/ConnectionFactory.php(184): Illuminate\\Database\\Connectors\\MySqlConnector->connect()
#4 [internal function]: Illuminate\\Database\\Connectors\\ConnectionFactory->Illuminate\\Database\\Connectors\\{closure}()
#5 /media/suraiya/New Volume/Lomeyo-Work/Practice-Projects(Internship)/ogani-ecommerce/vendor/laravel/framework/src/Illuminate/Database/Connection.php(1275): call_user_func()
#6 /media/suraiya/New Volume/Lomeyo-Work/Practice-Projects(Internship)/ogani-ecommerce/vendor/laravel/framework/src/Illuminate/Database/Connection.php(1311): Illuminate\\Database\\Connection->getPdo()
#7 /media/suraiya/New Volume/Lomeyo-Work/Practice-Projects(Internship)/ogani-ecommerce/vendor/laravel/framework/src/Illuminate/Database/Connection.php(521): Illuminate\\Database\\Connection->getReadPdo()
#8 /media/suraiya/New Volume/Lomeyo-Work/Practice-Projects(Internship)/ogani-ecommerce/vendor/laravel/framework/src/Illuminate/Database/Connection.php(416): Illuminate\\Database\\Connection->getPdoForSelect()
#9 /media/suraiya/New Volume/Lomeyo-Work/Practice-Projects(Internship)/ogani-ecommerce/vendor/laravel/framework/src/Illuminate/Database/Connection.php(788): Illuminate\\Database\\Connection->Illuminate\\Database\\{closure}()
#10 /media/suraiya/New Volume/Lomeyo-Work/Practice-Projects(Internship)/ogani-ecommerce/vendor/laravel/framework/src/Illuminate/Database/Connection.php(755): Illuminate\\Database\\Connection->runQueryCallback()
#11 /media/suraiya/New Volume/Lomeyo-Work/Practice-Projects(Internship)/ogani-ecommerce/vendor/laravel/framework/src/Illuminate/Database/Connection.php(407): Illuminate\\Database\\Connection->run()
#12 /media/suraiya/New Volume/Lomeyo-Work/Practice-Projects(Internship)/ogani-ecommerce/vendor/laravel/framework/src/Illuminate/Database/Query/Builder.php(2735): Illuminate\\Database\\Connection->select()
#13 /media/suraiya/New Volume/Lomeyo-Work/Practice-Projects(Internship)/ogani-ecommerce/vendor/laravel/framework/src/Illuminate/Database/Query/Builder.php(2724): Illuminate\\Database\\Query\\Builder->runSelect()
#14 /media/suraiya/New Volume/Lomeyo-Work/Practice-Projects(Internship)/ogani-ecommerce/vendor/laravel/framework/src/Illuminate/Database/Query/Builder.php(3278): Illuminate\\Database\\Query\\Builder->Illuminate\\Database\\Query\\{closure}()
#15 /media/suraiya/New Volume/Lomeyo-Work/Practice-Projects(Internship)/ogani-ecommerce/vendor/laravel/framework/src/Illuminate/Database/Query/Builder.php(2723): Illuminate\\Database\\Query\\Builder->onceWithColumns()
#16 /media/suraiya/New Volume/Lomeyo-Work/Practice-Projects(Internship)/ogani-ecommerce/vendor/laravel/framework/src/Illuminate/Database/Eloquent/Builder.php(717): Illuminate\\Database\\Query\\Builder->get()
#17 /media/suraiya/New Volume/Lomeyo-Work/Practice-Projects(Internship)/ogani-ecommerce/vendor/laravel/framework/src/Illuminate/Database/Eloquent/Builder.php(701): Illuminate\\Database\\Eloquent\\Builder->getModels()
#18 /media/suraiya/New Volume/Lomeyo-Work/Practice-Projects(Internship)/ogani-ecommerce/vendor/laravel/framework/src/Illuminate/Database/Concerns/BuildsQueries.php(296): Illuminate\\Database\\Eloquent\\Builder->get()
#19 /media/suraiya/New Volume/Lomeyo-Work/Practice-Projects(Internship)/ogani-ecommerce/vendor/laravel/framework/src/Illuminate/Support/Traits/ForwardsCalls.php(23): Illuminate\\Database\\Eloquent\\Builder->first()
#20 /media/suraiya/New Volume/Lomeyo-Work/Practice-Projects(Internship)/ogani-ecommerce/vendor/laravel/framework/src/Illuminate/Database/Eloquent/Model.php(2335): Illuminate\\Database\\Eloquent\\Model->forwardCallTo()
#21 /media/suraiya/New Volume/Lomeyo-Work/Practice-Projects(Internship)/ogani-ecommerce/vendor/laravel/framework/src/Illuminate/Database/Eloquent/Model.php(2347): Illuminate\\Database\\Eloquent\\Model->__call()
#22 /media/suraiya/New Volume/Lomeyo-Work/Practice-Projects(Internship)/ogani-ecommerce/app/Providers/AppServiceProvider.php(61): Illuminate\\Database\\Eloquent\\Model::__callStatic()
#23 /media/suraiya/New Volume/Lomeyo-Work/Practice-Projects(Internship)/ogani-ecommerce/vendor/laravel/framework/src/Illuminate/View/Concerns/ManagesEvents.php(162): App\\Providers\\AppServiceProvider->App\\Providers\\{closure}()
#24 /media/suraiya/New Volume/Lomeyo-Work/Practice-Projects(Internship)/ogani-ecommerce/vendor/laravel/framework/src/Illuminate/Events/Dispatcher.php(418): Illuminate\\View\\Factory->Illuminate\\View\\Concerns\\{closure}()
#25 /media/suraiya/New Volume/Lomeyo-Work/Practice-Projects(Internship)/ogani-ecommerce/vendor/laravel/framework/src/Illuminate/Events/Dispatcher.php(249): Illuminate\\Events\\Dispatcher->Illuminate\\Events\\{closure}()
#26 /media/suraiya/New Volume/Lomeyo-Work/Practice-Projects(Internship)/ogani-ecommerce/vendor/laravel/framework/src/Illuminate/View/Concerns/ManagesEvents.php(177): Illuminate\\Events\\Dispatcher->dispatch()
#27 /media/suraiya/New Volume/Lomeyo-Work/Practice-Projects(Internship)/ogani-ecommerce/vendor/laravel/framework/src/Illuminate/View/View.php(176): Illuminate\\View\\Factory->callComposer()
#28 /media/suraiya/New Volume/Lomeyo-Work/Practice-Projects(Internship)/ogani-ecommerce/vendor/laravel/framework/src/Illuminate/View/View.php(147): Illuminate\\View\\View->renderContents()
#29 /media/suraiya/New Volume/Lomeyo-Work/Practice-Projects(Internship)/ogani-ecommerce/vendor/laravel/framework/src/Illuminate/Http/Response.php(69): Illuminate\\View\\View->render()
#30 /media/suraiya/New Volume/Lomeyo-Work/Practice-Projects(Internship)/ogani-ecommerce/vendor/laravel/framework/src/Illuminate/Http/Response.php(35): Illuminate\\Http\\Response->setContent()
#31 /media/suraiya/New Volume/Lomeyo-Work/Practice-Projects(Internship)/ogani-ecommerce/vendor/laravel/framework/src/Illuminate/Routing/ResponseFactory.php(57): Illuminate\\Http\\Response->__construct()
#32 /media/suraiya/New Volume/Lomeyo-Work/Practice-Projects(Internship)/ogani-ecommerce/vendor/laravel/framework/src/Illuminate/Routing/ResponseFactory.php(87): Illuminate\\Routing\\ResponseFactory->make()
#33 /media/suraiya/New Volume/Lomeyo-Work/Practice-Projects(Internship)/ogani-ecommerce/vendor/laravel/framework/src/Illuminate/Foundation/Exceptions/Handler.php(645): Illuminate\\Routing\\ResponseFactory->view()
#34 /media/suraiya/New Volume/Lomeyo-Work/Practice-Projects(Internship)/ogani-ecommerce/vendor/laravel/framework/src/Illuminate/Foundation/Exceptions/Handler.php(573): Illuminate\\Foundation\\Exceptions\\Handler->renderHttpException()
#35 /media/suraiya/New Volume/Lomeyo-Work/Practice-Projects(Internship)/ogani-ecommerce/vendor/laravel/framework/src/Illuminate/Foundation/Exceptions/Handler.php(479): Illuminate\\Foundation\\Exceptions\\Handler->prepareResponse()
#36 /media/suraiya/New Volume/Lomeyo-Work/Practice-Projects(Internship)/ogani-ecommerce/vendor/laravel/framework/src/Illuminate/Foundation/Exceptions/Handler.php(396): Illuminate\\Foundation\\Exceptions\\Handler->renderExceptionResponse()
#37 /media/suraiya/New Volume/Lomeyo-Work/Practice-Projects(Internship)/ogani-ecommerce/vendor/laravel/framework/src/Illuminate/Routing/Pipeline.php(51): Illuminate\\Foundation\\Exceptions\\Handler->render()
#38 /media/suraiya/New Volume/Lomeyo-Work/Practice-Projects(Internship)/ogani-ecommerce/vendor/laravel/framework/src/Illuminate/Pipeline/Pipeline.php(143): Illuminate\\Routing\\Pipeline->handleException()
#39 /media/suraiya/New Volume/Lomeyo-Work/Practice-Projects(Internship)/ogani-ecommerce/vendor/laravel/framework/src/Illuminate/Foundation/Http/Middleware/TransformsRequest.php(21): Illuminate\\Pipeline\\Pipeline->Illuminate\\Pipeline\\{closure}()
#40 /media/suraiya/New Volume/Lomeyo-Work/Practice-Projects(Internship)/ogani-ecommerce/vendor/laravel/framework/src/Illuminate/Foundation/Http/Middleware/ConvertEmptyStringsToNull.php(31): Illuminate\\Foundation\\Http\\Middleware\\TransformsRequest->handle()
#41 /media/suraiya/New Volume/Lomeyo-Work/Practice-Projects(Internship)/ogani-ecommerce/vendor/laravel/framework/src/Illuminate/Pipeline/Pipeline.php(180): Illuminate\\Foundation\\Http\\Middleware\\ConvertEmptyStringsToNull->handle()
#42 /media/suraiya/New Volume/Lomeyo-Work/Practice-Projects(Internship)/ogani-ecommerce/vendor/laravel/framework/src/Illuminate/Foundation/Http/Middleware/TransformsRequest.php(21): Illuminate\\Pipeline\\Pipeline->Illuminate\\Pipeline\\{closure}()
#43 /media/suraiya/New Volume/Lomeyo-Work/Practice-Projects(Internship)/ogani-ecommerce/vendor/laravel/framework/src/Illuminate/Foundation/Http/Middleware/TrimStrings.php(40): Illuminate\\Foundation\\Http\\Middleware\\TransformsRequest->handle()
#44 /media/suraiya/New Volume/Lomeyo-Work/Practice-Projects(Internship)/ogani-ecommerce/vendor/laravel/framework/src/Illuminate/Pipeline/Pipeline.php(180): Illuminate\\Foundation\\Http\\Middleware\\TrimStrings->handle()
#45 /media/suraiya/New Volume/Lomeyo-Work/Practice-Projects(Internship)/ogani-ecommerce/vendor/laravel/framework/src/Illuminate/Foundation/Http/Middleware/ValidatePostSize.php(27): Illuminate\\Pipeline\\Pipeline->Illuminate\\Pipeline\\{closure}()
#46 /media/suraiya/New Volume/Lomeyo-Work/Practice-Projects(Internship)/ogani-ecommerce/vendor/laravel/framework/src/Illuminate/Pipeline/Pipeline.php(180): Illuminate\\Foundation\\Http\\Middleware\\ValidatePostSize->handle()
#47 /media/suraiya/New Volume/Lomeyo-Work/Practice-Projects(Internship)/ogani-ecommerce/vendor/laravel/framework/src/Illuminate/Foundation/Http/Middleware/PreventRequestsDuringMaintenance.php(86): Illuminate\\Pipeline\\Pipeline->Illuminate\\Pipeline\\{closure}()
#48 /media/suraiya/New Volume/Lomeyo-Work/Practice-Projects(Internship)/ogani-ecommerce/vendor/laravel/framework/src/Illuminate/Pipeline/Pipeline.php(180): Illuminate\\Foundation\\Http\\Middleware\\PreventRequestsDuringMaintenance->handle()
#49 /media/suraiya/New Volume/Lomeyo-Work/Practice-Projects(Internship)/ogani-ecommerce/vendor/laravel/framework/src/Illuminate/Http/Middleware/HandleCors.php(49): Illuminate\\Pipeline\\Pipeline->Illuminate\\Pipeline\\{closure}()
#50 /media/suraiya/New Volume/Lomeyo-Work/Practice-Projects(Internship)/ogani-ecommerce/vendor/laravel/framework/src/Illuminate/Pipeline/Pipeline.php(180): Illuminate\\Http\\Middleware\\HandleCors->handle()
#51 /media/suraiya/New Volume/Lomeyo-Work/Practice-Projects(Internship)/ogani-ecommerce/vendor/laravel/framework/src/Illuminate/Http/Middleware/TrustProxies.php(39): Illuminate\\Pipeline\\Pipeline->Illuminate\\Pipeline\\{closure}()
#52 /media/suraiya/New Volume/Lomeyo-Work/Practice-Projects(Internship)/ogani-ecommerce/vendor/laravel/framework/src/Illuminate/Pipeline/Pipeline.php(180): Illuminate\\Http\\Middleware\\TrustProxies->handle()
#53 /media/suraiya/New Volume/Lomeyo-Work/Practice-Projects(Internship)/ogani-ecommerce/vendor/laravel/framework/src/Illuminate/Pipeline/Pipeline.php(116): Illuminate\\Pipeline\\Pipeline->Illuminate\\Pipeline\\{closure}()
#54 /media/suraiya/New Volume/Lomeyo-Work/Practice-Projects(Internship)/ogani-ecommerce/vendor/laravel/framework/src/Illuminate/Foundation/Http/Kernel.php(175): Illuminate\\Pipeline\\Pipeline->then()
#55 /media/suraiya/New Volume/Lomeyo-Work/Practice-Projects(Internship)/ogani-ecommerce/vendor/laravel/framework/src/Illuminate/Foundation/Http/Kernel.php(144): Illuminate\\Foundation\\Http\\Kernel->sendRequestThroughRouter()
#56 /media/suraiya/New Volume/Lomeyo-Work/Practice-Projects(Internship)/ogani-ecommerce/public/index.php(51): Illuminate\\Foundation\\Http\\Kernel->handle()
#57 /media/suraiya/New Volume/Lomeyo-Work/Practice-Projects(Internship)/ogani-ecommerce/vendor/laravel/framework/src/Illuminate/Foundation/resources/server.php(16): require_once('...')
#58 {main}
"} 
[2024-08-20 05:59:42] production.ERROR: SQLSTATE[HY000] [1045] Access denied for user 'forge'@'localhost' (using password: NO) (Connection: mysql, SQL: select * from `cms` limit 1) {"exception":"[object] (Illuminate\\Database\\QueryException(code: 1045): SQLSTATE[HY000] [1045] Access denied for user 'forge'@'localhost' (using password: NO) (Connection: mysql, SQL: select * from `cms` limit 1) at /media/suraiya/New Volume/Lomeyo-Work/Practice-Projects(Internship)/ogani-ecommerce/vendor/laravel/framework/src/Illuminate/Database/Connection.php:795)
[stacktrace]
#0 /media/suraiya/New Volume/Lomeyo-Work/Practice-Projects(Internship)/ogani-ecommerce/vendor/laravel/framework/src/Illuminate/Database/Connection.php(755): Illuminate\\Database\\Connection->runQueryCallback()
#1 /media/suraiya/New Volume/Lomeyo-Work/Practice-Projects(Internship)/ogani-ecommerce/vendor/laravel/framework/src/Illuminate/Database/Connection.php(407): Illuminate\\Database\\Connection->run()
#2 /media/suraiya/New Volume/Lomeyo-Work/Practice-Projects(Internship)/ogani-ecommerce/vendor/laravel/framework/src/Illuminate/Database/Query/Builder.php(2735): Illuminate\\Database\\Connection->select()
#3 /media/suraiya/New Volume/Lomeyo-Work/Practice-Projects(Internship)/ogani-ecommerce/vendor/laravel/framework/src/Illuminate/Database/Query/Builder.php(2724): Illuminate\\Database\\Query\\Builder->runSelect()
#4 /media/suraiya/New Volume/Lomeyo-Work/Practice-Projects(Internship)/ogani-ecommerce/vendor/laravel/framework/src/Illuminate/Database/Query/Builder.php(3278): Illuminate\\Database\\Query\\Builder->Illuminate\\Database\\Query\\{closure}()
#5 /media/suraiya/New Volume/Lomeyo-Work/Practice-Projects(Internship)/ogani-ecommerce/vendor/laravel/framework/src/Illuminate/Database/Query/Builder.php(2723): Illuminate\\Database\\Query\\Builder->onceWithColumns()
#6 /media/suraiya/New Volume/Lomeyo-Work/Practice-Projects(Internship)/ogani-ecommerce/vendor/laravel/framework/src/Illuminate/Database/Eloquent/Builder.php(717): Illuminate\\Database\\Query\\Builder->get()
#7 /media/suraiya/New Volume/Lomeyo-Work/Practice-Projects(Internship)/ogani-ecommerce/vendor/laravel/framework/src/Illuminate/Database/Eloquent/Builder.php(701): Illuminate\\Database\\Eloquent\\Builder->getModels()
#8 /media/suraiya/New Volume/Lomeyo-Work/Practice-Projects(Internship)/ogani-ecommerce/vendor/laravel/framework/src/Illuminate/Database/Concerns/BuildsQueries.php(296): Illuminate\\Database\\Eloquent\\Builder->get()
#9 /media/suraiya/New Volume/Lomeyo-Work/Practice-Projects(Internship)/ogani-ecommerce/vendor/laravel/framework/src/Illuminate/Support/Traits/ForwardsCalls.php(23): Illuminate\\Database\\Eloquent\\Builder->first()
#10 /media/suraiya/New Volume/Lomeyo-Work/Practice-Projects(Internship)/ogani-ecommerce/vendor/laravel/framework/src/Illuminate/Database/Eloquent/Model.php(2335): Illuminate\\Database\\Eloquent\\Model->forwardCallTo()
#11 /media/suraiya/New Volume/Lomeyo-Work/Practice-Projects(Internship)/ogani-ecommerce/vendor/laravel/framework/src/Illuminate/Database/Eloquent/Model.php(2347): Illuminate\\Database\\Eloquent\\Model->__call()
#12 /media/suraiya/New Volume/Lomeyo-Work/Practice-Projects(Internship)/ogani-ecommerce/app/Providers/AppServiceProvider.php(61): Illuminate\\Database\\Eloquent\\Model::__callStatic()
#13 /media/suraiya/New Volume/Lomeyo-Work/Practice-Projects(Internship)/ogani-ecommerce/vendor/laravel/framework/src/Illuminate/View/Concerns/ManagesEvents.php(162): App\\Providers\\AppServiceProvider->App\\Providers\\{closure}()
#14 /media/suraiya/New Volume/Lomeyo-Work/Practice-Projects(Internship)/ogani-ecommerce/vendor/laravel/framework/src/Illuminate/Events/Dispatcher.php(418): Illuminate\\View\\Factory->Illuminate\\View\\Concerns\\{closure}()
#15 /media/suraiya/New Volume/Lomeyo-Work/Practice-Projects(Internship)/ogani-ecommerce/vendor/laravel/framework/src/Illuminate/Events/Dispatcher.php(249): Illuminate\\Events\\Dispatcher->Illuminate\\Events\\{closure}()
#16 /media/suraiya/New Volume/Lomeyo-Work/Practice-Projects(Internship)/ogani-ecommerce/vendor/laravel/framework/src/Illuminate/View/Concerns/ManagesEvents.php(177): Illuminate\\Events\\Dispatcher->dispatch()
#17 /media/suraiya/New Volume/Lomeyo-Work/Practice-Projects(Internship)/ogani-ecommerce/vendor/laravel/framework/src/Illuminate/View/View.php(176): Illuminate\\View\\Factory->callComposer()
#18 /media/suraiya/New Volume/Lomeyo-Work/Practice-Projects(Internship)/ogani-ecommerce/vendor/laravel/framework/src/Illuminate/View/View.php(147): Illuminate\\View\\View->renderContents()
#19 /media/suraiya/New Volume/Lomeyo-Work/Practice-Projects(Internship)/ogani-ecommerce/vendor/laravel/framework/src/Illuminate/Http/Response.php(69): Illuminate\\View\\View->render()
#20 /media/suraiya/New Volume/Lomeyo-Work/Practice-Projects(Internship)/ogani-ecommerce/vendor/laravel/framework/src/Illuminate/Http/Response.php(35): Illuminate\\Http\\Response->setContent()
#21 /media/suraiya/New Volume/Lomeyo-Work/Practice-Projects(Internship)/ogani-ecommerce/vendor/laravel/framework/src/Illuminate/Routing/ResponseFactory.php(57): Illuminate\\Http\\Response->__construct()
#22 /media/suraiya/New Volume/Lomeyo-Work/Practice-Projects(Internship)/ogani-ecommerce/vendor/laravel/framework/src/Illuminate/Routing/ResponseFactory.php(87): Illuminate\\Routing\\ResponseFactory->make()
#23 /media/suraiya/New Volume/Lomeyo-Work/Practice-Projects(Internship)/ogani-ecommerce/vendor/laravel/framework/src/Illuminate/Foundation/Exceptions/Handler.php(645): Illuminate\\Routing\\ResponseFactory->view()
#24 /media/suraiya/New Volume/Lomeyo-Work/Practice-Projects(Internship)/ogani-ecommerce/vendor/laravel/framework/src/Illuminate/Foundation/Exceptions/Handler.php(573): Illuminate\\Foundation\\Exceptions\\Handler->renderHttpException()
#25 /media/suraiya/New Volume/Lomeyo-Work/Practice-Projects(Internship)/ogani-ecommerce/vendor/laravel/framework/src/Illuminate/Foundation/Exceptions/Handler.php(479): Illuminate\\Foundation\\Exceptions\\Handler->prepareResponse()
#26 /media/suraiya/New Volume/Lomeyo-Work/Practice-Projects(Internship)/ogani-ecommerce/vendor/laravel/framework/src/Illuminate/Foundation/Exceptions/Handler.php(396): Illuminate\\Foundation\\Exceptions\\Handler->renderExceptionResponse()
#27 /media/suraiya/New Volume/Lomeyo-Work/Practice-Projects(Internship)/ogani-ecommerce/vendor/laravel/framework/src/Illuminate/Routing/Pipeline.php(51): Illuminate\\Foundation\\Exceptions\\Handler->render()
#28 /media/suraiya/New Volume/Lomeyo-Work/Practice-Projects(Internship)/ogani-ecommerce/vendor/laravel/framework/src/Illuminate/Pipeline/Pipeline.php(185): Illuminate\\Routing\\Pipeline->handleException()
#29 /media/suraiya/New Volume/Lomeyo-Work/Practice-Projects(Internship)/ogani-ecommerce/vendor/laravel/framework/src/Illuminate/Foundation/Http/Middleware/TransformsRequest.php(21): Illuminate\\Pipeline\\Pipeline->Illuminate\\Pipeline\\{closure}()
#30 /media/suraiya/New Volume/Lomeyo-Work/Practice-Projects(Internship)/ogani-ecommerce/vendor/laravel/framework/src/Illuminate/Foundation/Http/Middleware/TrimStrings.php(40): Illuminate\\Foundation\\Http\\Middleware\\TransformsRequest->handle()
#31 /media/suraiya/New Volume/Lomeyo-Work/Practice-Projects(Internship)/ogani-ecommerce/vendor/laravel/framework/src/Illuminate/Pipeline/Pipeline.php(180): Illuminate\\Foundation\\Http\\Middleware\\TrimStrings->handle()
#32 /media/suraiya/New Volume/Lomeyo-Work/Practice-Projects(Internship)/ogani-ecommerce/vendor/laravel/framework/src/Illuminate/Foundation/Http/Middleware/ValidatePostSize.php(27): Illuminate\\Pipeline\\Pipeline->Illuminate\\Pipeline\\{closure}()
#33 /media/suraiya/New Volume/Lomeyo-Work/Practice-Projects(Internship)/ogani-ecommerce/vendor/laravel/framework/src/Illuminate/Pipeline/Pipeline.php(180): Illuminate\\Foundation\\Http\\Middleware\\ValidatePostSize->handle()
#34 /media/suraiya/New Volume/Lomeyo-Work/Practice-Projects(Internship)/ogani-ecommerce/vendor/laravel/framework/src/Illuminate/Foundation/Http/Middleware/PreventRequestsDuringMaintenance.php(86): Illuminate\\Pipeline\\Pipeline->Illuminate\\Pipeline\\{closure}()
#35 /media/suraiya/New Volume/Lomeyo-Work/Practice-Projects(Internship)/ogani-ecommerce/vendor/laravel/framework/src/Illuminate/Pipeline/Pipeline.php(180): Illuminate\\Foundation\\Http\\Middleware\\PreventRequestsDuringMaintenance->handle()
#36 /media/suraiya/New Volume/Lomeyo-Work/Practice-Projects(Internship)/ogani-ecommerce/vendor/laravel/framework/src/Illuminate/Http/Middleware/HandleCors.php(49): Illuminate\\Pipeline\\Pipeline->Illuminate\\Pipeline\\{closure}()
#37 /media/suraiya/New Volume/Lomeyo-Work/Practice-Projects(Internship)/ogani-ecommerce/vendor/laravel/framework/src/Illuminate/Pipeline/Pipeline.php(180): Illuminate\\Http\\Middleware\\HandleCors->handle()
#38 /media/suraiya/New Volume/Lomeyo-Work/Practice-Projects(Internship)/ogani-ecommerce/vendor/laravel/framework/src/Illuminate/Http/Middleware/TrustProxies.php(39): Illuminate\\Pipeline\\Pipeline->Illuminate\\Pipeline\\{closure}()
#39 /media/suraiya/New Volume/Lomeyo-Work/Practice-Projects(Internship)/ogani-ecommerce/vendor/laravel/framework/src/Illuminate/Pipeline/Pipeline.php(180): Illuminate\\Http\\Middleware\\TrustProxies->handle()
#40 /media/suraiya/New Volume/Lomeyo-Work/Practice-Projects(Internship)/ogani-ecommerce/vendor/laravel/framework/src/Illuminate/Pipeline/Pipeline.php(116): Illuminate\\Pipeline\\Pipeline->Illuminate\\Pipeline\\{closure}()
#41 /media/suraiya/New Volume/Lomeyo-Work/Practice-Projects(Internship)/ogani-ecommerce/vendor/laravel/framework/src/Illuminate/Foundation/Http/Kernel.php(175): Illuminate\\Pipeline\\Pipeline->then()
#42 /media/suraiya/New Volume/Lomeyo-Work/Practice-Projects(Internship)/ogani-ecommerce/vendor/laravel/framework/src/Illuminate/Foundation/Http/Kernel.php(144): Illuminate\\Foundation\\Http\\Kernel->sendRequestThroughRouter()
#43 /media/suraiya/New Volume/Lomeyo-Work/Practice-Projects(Internship)/ogani-ecommerce/public/index.php(51): Illuminate\\Foundation\\Http\\Kernel->handle()
#44 /media/suraiya/New Volume/Lomeyo-Work/Practice-Projects(Internship)/ogani-ecommerce/vendor/laravel/framework/src/Illuminate/Foundation/resources/server.php(16): require_once('...')
#45 {main}

[previous exception] [object] (PDOException(code: 1045): SQLSTATE[HY000] [1045] Access denied for user 'forge'@'localhost' (using password: NO) at /media/suraiya/New Volume/Lomeyo-Work/Practice-Projects(Internship)/ogani-ecommerce/vendor/laravel/framework/src/Illuminate/Database/Connectors/Connector.php:65)
[stacktrace]
#0 /media/suraiya/New Volume/Lomeyo-Work/Practice-Projects(Internship)/ogani-ecommerce/vendor/laravel/framework/src/Illuminate/Database/Connectors/Connector.php(65): PDO->__construct()
#1 /media/suraiya/New Volume/Lomeyo-Work/Practice-Projects(Internship)/ogani-ecommerce/vendor/laravel/framework/src/Illuminate/Database/Connectors/Connector.php(44): Illuminate\\Database\\Connectors\\Connector->createPdoConnection()
#2 /media/suraiya/New Volume/Lomeyo-Work/Practice-Projects(Internship)/ogani-ecommerce/vendor/laravel/framework/src/Illuminate/Database/Connectors/MySqlConnector.php(24): Illuminate\\Database\\Connectors\\Connector->createConnection()
#3 /media/suraiya/New Volume/Lomeyo-Work/Practice-Projects(Internship)/ogani-ecommerce/vendor/laravel/framework/src/Illuminate/Database/Connectors/ConnectionFactory.php(184): Illuminate\\Database\\Connectors\\MySqlConnector->connect()
#4 [internal function]: Illuminate\\Database\\Connectors\\ConnectionFactory->Illuminate\\Database\\Connectors\\{closure}()
#5 /media/suraiya/New Volume/Lomeyo-Work/Practice-Projects(Internship)/ogani-ecommerce/vendor/laravel/framework/src/Illuminate/Database/Connection.php(1275): call_user_func()
#6 /media/suraiya/New Volume/Lomeyo-Work/Practice-Projects(Internship)/ogani-ecommerce/vendor/laravel/framework/src/Illuminate/Database/Connection.php(1311): Illuminate\\Database\\Connection->getPdo()
#7 /media/suraiya/New Volume/Lomeyo-Work/Practice-Projects(Internship)/ogani-ecommerce/vendor/laravel/framework/src/Illuminate/Database/Connection.php(521): Illuminate\\Database\\Connection->getReadPdo()
#8 /media/suraiya/New Volume/Lomeyo-Work/Practice-Projects(Internship)/ogani-ecommerce/vendor/laravel/framework/src/Illuminate/Database/Connection.php(416): Illuminate\\Database\\Connection->getPdoForSelect()
#9 /media/suraiya/New Volume/Lomeyo-Work/Practice-Projects(Internship)/ogani-ecommerce/vendor/laravel/framework/src/Illuminate/Database/Connection.php(788): Illuminate\\Database\\Connection->Illuminate\\Database\\{closure}()
#10 /media/suraiya/New Volume/Lomeyo-Work/Practice-Projects(Internship)/ogani-ecommerce/vendor/laravel/framework/src/Illuminate/Database/Connection.php(755): Illuminate\\Database\\Connection->runQueryCallback()
#11 /media/suraiya/New Volume/Lomeyo-Work/Practice-Projects(Internship)/ogani-ecommerce/vendor/laravel/framework/src/Illuminate/Database/Connection.php(407): Illuminate\\Database\\Connection->run()
#12 /media/suraiya/New Volume/Lomeyo-Work/Practice-Projects(Internship)/ogani-ecommerce/vendor/laravel/framework/src/Illuminate/Database/Query/Builder.php(2735): Illuminate\\Database\\Connection->select()
#13 /media/suraiya/New Volume/Lomeyo-Work/Practice-Projects(Internship)/ogani-ecommerce/vendor/laravel/framework/src/Illuminate/Database/Query/Builder.php(2724): Illuminate\\Database\\Query\\Builder->runSelect()
#14 /media/suraiya/New Volume/Lomeyo-Work/Practice-Projects(Internship)/ogani-ecommerce/vendor/laravel/framework/src/Illuminate/Database/Query/Builder.php(3278): Illuminate\\Database\\Query\\Builder->Illuminate\\Database\\Query\\{closure}()
#15 /media/suraiya/New Volume/Lomeyo-Work/Practice-Projects(Internship)/ogani-ecommerce/vendor/laravel/framework/src/Illuminate/Database/Query/Builder.php(2723): Illuminate\\Database\\Query\\Builder->onceWithColumns()
#16 /media/suraiya/New Volume/Lomeyo-Work/Practice-Projects(Internship)/ogani-ecommerce/vendor/laravel/framework/src/Illuminate/Database/Eloquent/Builder.php(717): Illuminate\\Database\\Query\\Builder->get()
#17 /media/suraiya/New Volume/Lomeyo-Work/Practice-Projects(Internship)/ogani-ecommerce/vendor/laravel/framework/src/Illuminate/Database/Eloquent/Builder.php(701): Illuminate\\Database\\Eloquent\\Builder->getModels()
#18 /media/suraiya/New Volume/Lomeyo-Work/Practice-Projects(Internship)/ogani-ecommerce/vendor/laravel/framework/src/Illuminate/Database/Concerns/BuildsQueries.php(296): Illuminate\\Database\\Eloquent\\Builder->get()
#19 /media/suraiya/New Volume/Lomeyo-Work/Practice-Projects(Internship)/ogani-ecommerce/vendor/laravel/framework/src/Illuminate/Support/Traits/ForwardsCalls.php(23): Illuminate\\Database\\Eloquent\\Builder->first()
#20 /media/suraiya/New Volume/Lomeyo-Work/Practice-Projects(Internship)/ogani-ecommerce/vendor/laravel/framework/src/Illuminate/Database/Eloquent/Model.php(2335): Illuminate\\Database\\Eloquent\\Model->forwardCallTo()
#21 /media/suraiya/New Volume/Lomeyo-Work/Practice-Projects(Internship)/ogani-ecommerce/vendor/laravel/framework/src/Illuminate/Database/Eloquent/Model.php(2347): Illuminate\\Database\\Eloquent\\Model->__call()
#22 /media/suraiya/New Volume/Lomeyo-Work/Practice-Projects(Internship)/ogani-ecommerce/app/Providers/AppServiceProvider.php(61): Illuminate\\Database\\Eloquent\\Model::__callStatic()
#23 /media/suraiya/New Volume/Lomeyo-Work/Practice-Projects(Internship)/ogani-ecommerce/vendor/laravel/framework/src/Illuminate/View/Concerns/ManagesEvents.php(162): App\\Providers\\AppServiceProvider->App\\Providers\\{closure}()
#24 /media/suraiya/New Volume/Lomeyo-Work/Practice-Projects(Internship)/ogani-ecommerce/vendor/laravel/framework/src/Illuminate/Events/Dispatcher.php(418): Illuminate\\View\\Factory->Illuminate\\View\\Concerns\\{closure}()
#25 /media/suraiya/New Volume/Lomeyo-Work/Practice-Projects(Internship)/ogani-ecommerce/vendor/laravel/framework/src/Illuminate/Events/Dispatcher.php(249): Illuminate\\Events\\Dispatcher->Illuminate\\Events\\{closure}()
#26 /media/suraiya/New Volume/Lomeyo-Work/Practice-Projects(Internship)/ogani-ecommerce/vendor/laravel/framework/src/Illuminate/View/Concerns/ManagesEvents.php(177): Illuminate\\Events\\Dispatcher->dispatch()
#27 /media/suraiya/New Volume/Lomeyo-Work/Practice-Projects(Internship)/ogani-ecommerce/vendor/laravel/framework/src/Illuminate/View/View.php(176): Illuminate\\View\\Factory->callComposer()
#28 /media/suraiya/New Volume/Lomeyo-Work/Practice-Projects(Internship)/ogani-ecommerce/vendor/laravel/framework/src/Illuminate/View/View.php(147): Illuminate\\View\\View->renderContents()
#29 /media/suraiya/New Volume/Lomeyo-Work/Practice-Projects(Internship)/ogani-ecommerce/vendor/laravel/framework/src/Illuminate/Http/Response.php(69): Illuminate\\View\\View->render()
#30 /media/suraiya/New Volume/Lomeyo-Work/Practice-Projects(Internship)/ogani-ecommerce/vendor/laravel/framework/src/Illuminate/Http/Response.php(35): Illuminate\\Http\\Response->setContent()
#31 /media/suraiya/New Volume/Lomeyo-Work/Practice-Projects(Internship)/ogani-ecommerce/vendor/laravel/framework/src/Illuminate/Routing/ResponseFactory.php(57): Illuminate\\Http\\Response->__construct()
#32 /media/suraiya/New Volume/Lomeyo-Work/Practice-Projects(Internship)/ogani-ecommerce/vendor/laravel/framework/src/Illuminate/Routing/ResponseFactory.php(87): Illuminate\\Routing\\ResponseFactory->make()
#33 /media/suraiya/New Volume/Lomeyo-Work/Practice-Projects(Internship)/ogani-ecommerce/vendor/laravel/framework/src/Illuminate/Foundation/Exceptions/Handler.php(645): Illuminate\\Routing\\ResponseFactory->view()
#34 /media/suraiya/New Volume/Lomeyo-Work/Practice-Projects(Internship)/ogani-ecommerce/vendor/laravel/framework/src/Illuminate/Foundation/Exceptions/Handler.php(573): Illuminate\\Foundation\\Exceptions\\Handler->renderHttpException()
#35 /media/suraiya/New Volume/Lomeyo-Work/Practice-Projects(Internship)/ogani-ecommerce/vendor/laravel/framework/src/Illuminate/Foundation/Exceptions/Handler.php(479): Illuminate\\Foundation\\Exceptions\\Handler->prepareResponse()
#36 /media/suraiya/New Volume/Lomeyo-Work/Practice-Projects(Internship)/ogani-ecommerce/vendor/laravel/framework/src/Illuminate/Foundation/Exceptions/Handler.php(396): Illuminate\\Foundation\\Exceptions\\Handler->renderExceptionResponse()
#37 /media/suraiya/New Volume/Lomeyo-Work/Practice-Projects(Internship)/ogani-ecommerce/vendor/laravel/framework/src/Illuminate/Routing/Pipeline.php(51): Illuminate\\Foundation\\Exceptions\\Handler->render()
#38 /media/suraiya/New Volume/Lomeyo-Work/Practice-Projects(Internship)/ogani-ecommerce/vendor/laravel/framework/src/Illuminate/Pipeline/Pipeline.php(185): Illuminate\\Routing\\Pipeline->handleException()
#39 /media/suraiya/New Volume/Lomeyo-Work/Practice-Projects(Internship)/ogani-ecommerce/vendor/laravel/framework/src/Illuminate/Foundation/Http/Middleware/TransformsRequest.php(21): Illuminate\\Pipeline\\Pipeline->Illuminate\\Pipeline\\{closure}()
#40 /media/suraiya/New Volume/Lomeyo-Work/Practice-Projects(Internship)/ogani-ecommerce/vendor/laravel/framework/src/Illuminate/Foundation/Http/Middleware/TrimStrings.php(40): Illuminate\\Foundation\\Http\\Middleware\\TransformsRequest->handle()
#41 /media/suraiya/New Volume/Lomeyo-Work/Practice-Projects(Internship)/ogani-ecommerce/vendor/laravel/framework/src/Illuminate/Pipeline/Pipeline.php(180): Illuminate\\Foundation\\Http\\Middleware\\TrimStrings->handle()
#42 /media/suraiya/New Volume/Lomeyo-Work/Practice-Projects(Internship)/ogani-ecommerce/vendor/laravel/framework/src/Illuminate/Foundation/Http/Middleware/ValidatePostSize.php(27): Illuminate\\Pipeline\\Pipeline->Illuminate\\Pipeline\\{closure}()
#43 /media/suraiya/New Volume/Lomeyo-Work/Practice-Projects(Internship)/ogani-ecommerce/vendor/laravel/framework/src/Illuminate/Pipeline/Pipeline.php(180): Illuminate\\Foundation\\Http\\Middleware\\ValidatePostSize->handle()
#44 /media/suraiya/New Volume/Lomeyo-Work/Practice-Projects(Internship)/ogani-ecommerce/vendor/laravel/framework/src/Illuminate/Foundation/Http/Middleware/PreventRequestsDuringMaintenance.php(86): Illuminate\\Pipeline\\Pipeline->Illuminate\\Pipeline\\{closure}()
#45 /media/suraiya/New Volume/Lomeyo-Work/Practice-Projects(Internship)/ogani-ecommerce/vendor/laravel/framework/src/Illuminate/Pipeline/Pipeline.php(180): Illuminate\\Foundation\\Http\\Middleware\\PreventRequestsDuringMaintenance->handle()
#46 /media/suraiya/New Volume/Lomeyo-Work/Practice-Projects(Internship)/ogani-ecommerce/vendor/laravel/framework/src/Illuminate/Http/Middleware/HandleCors.php(49): Illuminate\\Pipeline\\Pipeline->Illuminate\\Pipeline\\{closure}()
#47 /media/suraiya/New Volume/Lomeyo-Work/Practice-Projects(Internship)/ogani-ecommerce/vendor/laravel/framework/src/Illuminate/Pipeline/Pipeline.php(180): Illuminate\\Http\\Middleware\\HandleCors->handle()
#48 /media/suraiya/New Volume/Lomeyo-Work/Practice-Projects(Internship)/ogani-ecommerce/vendor/laravel/framework/src/Illuminate/Http/Middleware/TrustProxies.php(39): Illuminate\\Pipeline\\Pipeline->Illuminate\\Pipeline\\{closure}()
#49 /media/suraiya/New Volume/Lomeyo-Work/Practice-Projects(Internship)/ogani-ecommerce/vendor/laravel/framework/src/Illuminate/Pipeline/Pipeline.php(180): Illuminate\\Http\\Middleware\\TrustProxies->handle()
#50 /media/suraiya/New Volume/Lomeyo-Work/Practice-Projects(Internship)/ogani-ecommerce/vendor/laravel/framework/src/Illuminate/Pipeline/Pipeline.php(116): Illuminate\\Pipeline\\Pipeline->Illuminate\\Pipeline\\{closure}()
#51 /media/suraiya/New Volume/Lomeyo-Work/Practice-Projects(Internship)/ogani-ecommerce/vendor/laravel/framework/src/Illuminate/Foundation/Http/Kernel.php(175): Illuminate\\Pipeline\\Pipeline->then()
#52 /media/suraiya/New Volume/Lomeyo-Work/Practice-Projects(Internship)/ogani-ecommerce/vendor/laravel/framework/src/Illuminate/Foundation/Http/Kernel.php(144): Illuminate\\Foundation\\Http\\Kernel->sendRequestThroughRouter()
#53 /media/suraiya/New Volume/Lomeyo-Work/Practice-Projects(Internship)/ogani-ecommerce/public/index.php(51): Illuminate\\Foundation\\Http\\Kernel->handle()
#54 /media/suraiya/New Volume/Lomeyo-Work/Practice-Projects(Internship)/ogani-ecommerce/vendor/laravel/framework/src/Illuminate/Foundation/resources/server.php(16): require_once('...')
#55 {main}
"} 
[2024-08-20 05:59:42] production.ERROR: SQLSTATE[HY000] [1045] Access denied for user 'forge'@'localhost' (using password: NO) (Connection: mysql, SQL: select * from `cms` limit 1) {"exception":"[object] (Illuminate\\Database\\QueryException(code: 1045): SQLSTATE[HY000] [1045] Access denied for user 'forge'@'localhost' (using password: NO) (Connection: mysql, SQL: select * from `cms` limit 1) at /media/suraiya/New Volume/Lomeyo-Work/Practice-Projects(Internship)/ogani-ecommerce/vendor/laravel/framework/src/Illuminate/Database/Connection.php:795)
[stacktrace]
#0 /media/suraiya/New Volume/Lomeyo-Work/Practice-Projects(Internship)/ogani-ecommerce/vendor/laravel/framework/src/Illuminate/Database/Connection.php(755): Illuminate\\Database\\Connection->runQueryCallback()
#1 /media/suraiya/New Volume/Lomeyo-Work/Practice-Projects(Internship)/ogani-ecommerce/vendor/laravel/framework/src/Illuminate/Database/Connection.php(407): Illuminate\\Database\\Connection->run()
#2 /media/suraiya/New Volume/Lomeyo-Work/Practice-Projects(Internship)/ogani-ecommerce/vendor/laravel/framework/src/Illuminate/Database/Query/Builder.php(2735): Illuminate\\Database\\Connection->select()
#3 /media/suraiya/New Volume/Lomeyo-Work/Practice-Projects(Internship)/ogani-ecommerce/vendor/laravel/framework/src/Illuminate/Database/Query/Builder.php(2724): Illuminate\\Database\\Query\\Builder->runSelect()
#4 /media/suraiya/New Volume/Lomeyo-Work/Practice-Projects(Internship)/ogani-ecommerce/vendor/laravel/framework/src/Illuminate/Database/Query/Builder.php(3278): Illuminate\\Database\\Query\\Builder->Illuminate\\Database\\Query\\{closure}()
#5 /media/suraiya/New Volume/Lomeyo-Work/Practice-Projects(Internship)/ogani-ecommerce/vendor/laravel/framework/src/Illuminate/Database/Query/Builder.php(2723): Illuminate\\Database\\Query\\Builder->onceWithColumns()
#6 /media/suraiya/New Volume/Lomeyo-Work/Practice-Projects(Internship)/ogani-ecommerce/vendor/laravel/framework/src/Illuminate/Database/Eloquent/Builder.php(717): Illuminate\\Database\\Query\\Builder->get()
#7 /media/suraiya/New Volume/Lomeyo-Work/Practice-Projects(Internship)/ogani-ecommerce/vendor/laravel/framework/src/Illuminate/Database/Eloquent/Builder.php(701): Illuminate\\Database\\Eloquent\\Builder->getModels()
#8 /media/suraiya/New Volume/Lomeyo-Work/Practice-Projects(Internship)/ogani-ecommerce/vendor/laravel/framework/src/Illuminate/Database/Concerns/BuildsQueries.php(296): Illuminate\\Database\\Eloquent\\Builder->get()
#9 /media/suraiya/New Volume/Lomeyo-Work/Practice-Projects(Internship)/ogani-ecommerce/vendor/laravel/framework/src/Illuminate/Support/Traits/ForwardsCalls.php(23): Illuminate\\Database\\Eloquent\\Builder->first()
#10 /media/suraiya/New Volume/Lomeyo-Work/Practice-Projects(Internship)/ogani-ecommerce/vendor/laravel/framework/src/Illuminate/Database/Eloquent/Model.php(2335): Illuminate\\Database\\Eloquent\\Model->forwardCallTo()
#11 /media/suraiya/New Volume/Lomeyo-Work/Practice-Projects(Internship)/ogani-ecommerce/vendor/laravel/framework/src/Illuminate/Database/Eloquent/Model.php(2347): Illuminate\\Database\\Eloquent\\Model->__call()
#12 /media/suraiya/New Volume/Lomeyo-Work/Practice-Projects(Internship)/ogani-ecommerce/app/Providers/AppServiceProvider.php(61): Illuminate\\Database\\Eloquent\\Model::__callStatic()
#13 /media/suraiya/New Volume/Lomeyo-Work/Practice-Projects(Internship)/ogani-ecommerce/vendor/laravel/framework/src/Illuminate/View/Concerns/ManagesEvents.php(162): App\\Providers\\AppServiceProvider->App\\Providers\\{closure}()
#14 /media/suraiya/New Volume/Lomeyo-Work/Practice-Projects(Internship)/ogani-ecommerce/vendor/laravel/framework/src/Illuminate/Events/Dispatcher.php(418): Illuminate\\View\\Factory->Illuminate\\View\\Concerns\\{closure}()
#15 /media/suraiya/New Volume/Lomeyo-Work/Practice-Projects(Internship)/ogani-ecommerce/vendor/laravel/framework/src/Illuminate/Events/Dispatcher.php(249): Illuminate\\Events\\Dispatcher->Illuminate\\Events\\{closure}()
#16 /media/suraiya/New Volume/Lomeyo-Work/Practice-Projects(Internship)/ogani-ecommerce/vendor/laravel/framework/src/Illuminate/View/Concerns/ManagesEvents.php(177): Illuminate\\Events\\Dispatcher->dispatch()
#17 /media/suraiya/New Volume/Lomeyo-Work/Practice-Projects(Internship)/ogani-ecommerce/vendor/laravel/framework/src/Illuminate/View/View.php(176): Illuminate\\View\\Factory->callComposer()
#18 /media/suraiya/New Volume/Lomeyo-Work/Practice-Projects(Internship)/ogani-ecommerce/vendor/laravel/framework/src/Illuminate/View/View.php(147): Illuminate\\View\\View->renderContents()
#19 /media/suraiya/New Volume/Lomeyo-Work/Practice-Projects(Internship)/ogani-ecommerce/vendor/laravel/framework/src/Illuminate/Http/Response.php(69): Illuminate\\View\\View->render()
#20 /media/suraiya/New Volume/Lomeyo-Work/Practice-Projects(Internship)/ogani-ecommerce/vendor/laravel/framework/src/Illuminate/Http/Response.php(35): Illuminate\\Http\\Response->setContent()
#21 /media/suraiya/New Volume/Lomeyo-Work/Practice-Projects(Internship)/ogani-ecommerce/vendor/laravel/framework/src/Illuminate/Routing/ResponseFactory.php(57): Illuminate\\Http\\Response->__construct()
#22 /media/suraiya/New Volume/Lomeyo-Work/Practice-Projects(Internship)/ogani-ecommerce/vendor/laravel/framework/src/Illuminate/Routing/ResponseFactory.php(87): Illuminate\\Routing\\ResponseFactory->make()
#23 /media/suraiya/New Volume/Lomeyo-Work/Practice-Projects(Internship)/ogani-ecommerce/vendor/laravel/framework/src/Illuminate/Foundation/Exceptions/Handler.php(645): Illuminate\\Routing\\ResponseFactory->view()
#24 /media/suraiya/New Volume/Lomeyo-Work/Practice-Projects(Internship)/ogani-ecommerce/vendor/laravel/framework/src/Illuminate/Foundation/Exceptions/Handler.php(573): Illuminate\\Foundation\\Exceptions\\Handler->renderHttpException()
#25 /media/suraiya/New Volume/Lomeyo-Work/Practice-Projects(Internship)/ogani-ecommerce/vendor/laravel/framework/src/Illuminate/Foundation/Exceptions/Handler.php(479): Illuminate\\Foundation\\Exceptions\\Handler->prepareResponse()
#26 /media/suraiya/New Volume/Lomeyo-Work/Practice-Projects(Internship)/ogani-ecommerce/vendor/laravel/framework/src/Illuminate/Foundation/Exceptions/Handler.php(396): Illuminate\\Foundation\\Exceptions\\Handler->renderExceptionResponse()
#27 /media/suraiya/New Volume/Lomeyo-Work/Practice-Projects(Internship)/ogani-ecommerce/vendor/laravel/framework/src/Illuminate/Routing/Pipeline.php(51): Illuminate\\Foundation\\Exceptions\\Handler->render()
#28 /media/suraiya/New Volume/Lomeyo-Work/Practice-Projects(Internship)/ogani-ecommerce/vendor/laravel/framework/src/Illuminate/Pipeline/Pipeline.php(185): Illuminate\\Routing\\Pipeline->handleException()
#29 /media/suraiya/New Volume/Lomeyo-Work/Practice-Projects(Internship)/ogani-ecommerce/vendor/laravel/framework/src/Illuminate/Foundation/Http/Middleware/ValidatePostSize.php(27): Illuminate\\Pipeline\\Pipeline->Illuminate\\Pipeline\\{closure}()
#30 /media/suraiya/New Volume/Lomeyo-Work/Practice-Projects(Internship)/ogani-ecommerce/vendor/laravel/framework/src/Illuminate/Pipeline/Pipeline.php(180): Illuminate\\Foundation\\Http\\Middleware\\ValidatePostSize->handle()
#31 /media/suraiya/New Volume/Lomeyo-Work/Practice-Projects(Internship)/ogani-ecommerce/vendor/laravel/framework/src/Illuminate/Foundation/Http/Middleware/PreventRequestsDuringMaintenance.php(86): Illuminate\\Pipeline\\Pipeline->Illuminate\\Pipeline\\{closure}()
#32 /media/suraiya/New Volume/Lomeyo-Work/Practice-Projects(Internship)/ogani-ecommerce/vendor/laravel/framework/src/Illuminate/Pipeline/Pipeline.php(180): Illuminate\\Foundation\\Http\\Middleware\\PreventRequestsDuringMaintenance->handle()
#33 /media/suraiya/New Volume/Lomeyo-Work/Practice-Projects(Internship)/ogani-ecommerce/vendor/laravel/framework/src/Illuminate/Http/Middleware/HandleCors.php(49): Illuminate\\Pipeline\\Pipeline->Illuminate\\Pipeline\\{closure}()
#34 /media/suraiya/New Volume/Lomeyo-Work/Practice-Projects(Internship)/ogani-ecommerce/vendor/laravel/framework/src/Illuminate/Pipeline/Pipeline.php(180): Illuminate\\Http\\Middleware\\HandleCors->handle()
#35 /media/suraiya/New Volume/Lomeyo-Work/Practice-Projects(Internship)/ogani-ecommerce/vendor/laravel/framework/src/Illuminate/Http/Middleware/TrustProxies.php(39): Illuminate\\Pipeline\\Pipeline->Illuminate\\Pipeline\\{closure}()
#36 /media/suraiya/New Volume/Lomeyo-Work/Practice-Projects(Internship)/ogani-ecommerce/vendor/laravel/framework/src/Illuminate/Pipeline/Pipeline.php(180): Illuminate\\Http\\Middleware\\TrustProxies->handle()
#37 /media/suraiya/New Volume/Lomeyo-Work/Practice-Projects(Internship)/ogani-ecommerce/vendor/laravel/framework/src/Illuminate/Pipeline/Pipeline.php(116): Illuminate\\Pipeline\\Pipeline->Illuminate\\Pipeline\\{closure}()
#38 /media/suraiya/New Volume/Lomeyo-Work/Practice-Projects(Internship)/ogani-ecommerce/vendor/laravel/framework/src/Illuminate/Foundation/Http/Kernel.php(175): Illuminate\\Pipeline\\Pipeline->then()
#39 /media/suraiya/New Volume/Lomeyo-Work/Practice-Projects(Internship)/ogani-ecommerce/vendor/laravel/framework/src/Illuminate/Foundation/Http/Kernel.php(144): Illuminate\\Foundation\\Http\\Kernel->sendRequestThroughRouter()
#40 /media/suraiya/New Volume/Lomeyo-Work/Practice-Projects(Internship)/ogani-ecommerce/public/index.php(51): Illuminate\\Foundation\\Http\\Kernel->handle()
#41 /media/suraiya/New Volume/Lomeyo-Work/Practice-Projects(Internship)/ogani-ecommerce/vendor/laravel/framework/src/Illuminate/Foundation/resources/server.php(16): require_once('...')
#42 {main}

[previous exception] [object] (PDOException(code: 1045): SQLSTATE[HY000] [1045] Access denied for user 'forge'@'localhost' (using password: NO) at /media/suraiya/New Volume/Lomeyo-Work/Practice-Projects(Internship)/ogani-ecommerce/vendor/laravel/framework/src/Illuminate/Database/Connectors/Connector.php:65)
[stacktrace]
#0 /media/suraiya/New Volume/Lomeyo-Work/Practice-Projects(Internship)/ogani-ecommerce/vendor/laravel/framework/src/Illuminate/Database/Connectors/Connector.php(65): PDO->__construct()
#1 /media/suraiya/New Volume/Lomeyo-Work/Practice-Projects(Internship)/ogani-ecommerce/vendor/laravel/framework/src/Illuminate/Database/Connectors/Connector.php(44): Illuminate\\Database\\Connectors\\Connector->createPdoConnection()
#2 /media/suraiya/New Volume/Lomeyo-Work/Practice-Projects(Internship)/ogani-ecommerce/vendor/laravel/framework/src/Illuminate/Database/Connectors/MySqlConnector.php(24): Illuminate\\Database\\Connectors\\Connector->createConnection()
#3 /media/suraiya/New Volume/Lomeyo-Work/Practice-Projects(Internship)/ogani-ecommerce/vendor/laravel/framework/src/Illuminate/Database/Connectors/ConnectionFactory.php(184): Illuminate\\Database\\Connectors\\MySqlConnector->connect()
#4 [internal function]: Illuminate\\Database\\Connectors\\ConnectionFactory->Illuminate\\Database\\Connectors\\{closure}()
#5 /media/suraiya/New Volume/Lomeyo-Work/Practice-Projects(Internship)/ogani-ecommerce/vendor/laravel/framework/src/Illuminate/Database/Connection.php(1275): call_user_func()
#6 /media/suraiya/New Volume/Lomeyo-Work/Practice-Projects(Internship)/ogani-ecommerce/vendor/laravel/framework/src/Illuminate/Database/Connection.php(1311): Illuminate\\Database\\Connection->getPdo()
#7 /media/suraiya/New Volume/Lomeyo-Work/Practice-Projects(Internship)/ogani-ecommerce/vendor/laravel/framework/src/Illuminate/Database/Connection.php(521): Illuminate\\Database\\Connection->getReadPdo()
#8 /media/suraiya/New Volume/Lomeyo-Work/Practice-Projects(Internship)/ogani-ecommerce/vendor/laravel/framework/src/Illuminate/Database/Connection.php(416): Illuminate\\Database\\Connection->getPdoForSelect()
#9 /media/suraiya/New Volume/Lomeyo-Work/Practice-Projects(Internship)/ogani-ecommerce/vendor/laravel/framework/src/Illuminate/Database/Connection.php(788): Illuminate\\Database\\Connection->Illuminate\\Database\\{closure}()
#10 /media/suraiya/New Volume/Lomeyo-Work/Practice-Projects(Internship)/ogani-ecommerce/vendor/laravel/framework/src/Illuminate/Database/Connection.php(755): Illuminate\\Database\\Connection->runQueryCallback()
#11 /media/suraiya/New Volume/Lomeyo-Work/Practice-Projects(Internship)/ogani-ecommerce/vendor/laravel/framework/src/Illuminate/Database/Connection.php(407): Illuminate\\Database\\Connection->run()
#12 /media/suraiya/New Volume/Lomeyo-Work/Practice-Projects(Internship)/ogani-ecommerce/vendor/laravel/framework/src/Illuminate/Database/Query/Builder.php(2735): Illuminate\\Database\\Connection->select()
#13 /media/suraiya/New Volume/Lomeyo-Work/Practice-Projects(Internship)/ogani-ecommerce/vendor/laravel/framework/src/Illuminate/Database/Query/Builder.php(2724): Illuminate\\Database\\Query\\Builder->runSelect()
#14 /media/suraiya/New Volume/Lomeyo-Work/Practice-Projects(Internship)/ogani-ecommerce/vendor/laravel/framework/src/Illuminate/Database/Query/Builder.php(3278): Illuminate\\Database\\Query\\Builder->Illuminate\\Database\\Query\\{closure}()
#15 /media/suraiya/New Volume/Lomeyo-Work/Practice-Projects(Internship)/ogani-ecommerce/vendor/laravel/framework/src/Illuminate/Database/Query/Builder.php(2723): Illuminate\\Database\\Query\\Builder->onceWithColumns()
#16 /media/suraiya/New Volume/Lomeyo-Work/Practice-Projects(Internship)/ogani-ecommerce/vendor/laravel/framework/src/Illuminate/Database/Eloquent/Builder.php(717): Illuminate\\Database\\Query\\Builder->get()
#17 /media/suraiya/New Volume/Lomeyo-Work/Practice-Projects(Internship)/ogani-ecommerce/vendor/laravel/framework/src/Illuminate/Database/Eloquent/Builder.php(701): Illuminate\\Database\\Eloquent\\Builder->getModels()
#18 /media/suraiya/New Volume/Lomeyo-Work/Practice-Projects(Internship)/ogani-ecommerce/vendor/laravel/framework/src/Illuminate/Database/Concerns/BuildsQueries.php(296): Illuminate\\Database\\Eloquent\\Builder->get()
#19 /media/suraiya/New Volume/Lomeyo-Work/Practice-Projects(Internship)/ogani-ecommerce/vendor/laravel/framework/src/Illuminate/Support/Traits/ForwardsCalls.php(23): Illuminate\\Database\\Eloquent\\Builder->first()
#20 /media/suraiya/New Volume/Lomeyo-Work/Practice-Projects(Internship)/ogani-ecommerce/vendor/laravel/framework/src/Illuminate/Database/Eloquent/Model.php(2335): Illuminate\\Database\\Eloquent\\Model->forwardCallTo()
#21 /media/suraiya/New Volume/Lomeyo-Work/Practice-Projects(Internship)/ogani-ecommerce/vendor/laravel/framework/src/Illuminate/Database/Eloquent/Model.php(2347): Illuminate\\Database\\Eloquent\\Model->__call()
#22 /media/suraiya/New Volume/Lomeyo-Work/Practice-Projects(Internship)/ogani-ecommerce/app/Providers/AppServiceProvider.php(61): Illuminate\\Database\\Eloquent\\Model::__callStatic()
#23 /media/suraiya/New Volume/Lomeyo-Work/Practice-Projects(Internship)/ogani-ecommerce/vendor/laravel/framework/src/Illuminate/View/Concerns/ManagesEvents.php(162): App\\Providers\\AppServiceProvider->App\\Providers\\{closure}()
#24 /media/suraiya/New Volume/Lomeyo-Work/Practice-Projects(Internship)/ogani-ecommerce/vendor/laravel/framework/src/Illuminate/Events/Dispatcher.php(418): Illuminate\\View\\Factory->Illuminate\\View\\Concerns\\{closure}()
#25 /media/suraiya/New Volume/Lomeyo-Work/Practice-Projects(Internship)/ogani-ecommerce/vendor/laravel/framework/src/Illuminate/Events/Dispatcher.php(249): Illuminate\\Events\\Dispatcher->Illuminate\\Events\\{closure}()
#26 /media/suraiya/New Volume/Lomeyo-Work/Practice-Projects(Internship)/ogani-ecommerce/vendor/laravel/framework/src/Illuminate/View/Concerns/ManagesEvents.php(177): Illuminate\\Events\\Dispatcher->dispatch()
#27 /media/suraiya/New Volume/Lomeyo-Work/Practice-Projects(Internship)/ogani-ecommerce/vendor/laravel/framework/src/Illuminate/View/View.php(176): Illuminate\\View\\Factory->callComposer()
#28 /media/suraiya/New Volume/Lomeyo-Work/Practice-Projects(Internship)/ogani-ecommerce/vendor/laravel/framework/src/Illuminate/View/View.php(147): Illuminate\\View\\View->renderContents()
#29 /media/suraiya/New Volume/Lomeyo-Work/Practice-Projects(Internship)/ogani-ecommerce/vendor/laravel/framework/src/Illuminate/Http/Response.php(69): Illuminate\\View\\View->render()
#30 /media/suraiya/New Volume/Lomeyo-Work/Practice-Projects(Internship)/ogani-ecommerce/vendor/laravel/framework/src/Illuminate/Http/Response.php(35): Illuminate\\Http\\Response->setContent()
#31 /media/suraiya/New Volume/Lomeyo-Work/Practice-Projects(Internship)/ogani-ecommerce/vendor/laravel/framework/src/Illuminate/Routing/ResponseFactory.php(57): Illuminate\\Http\\Response->__construct()
#32 /media/suraiya/New Volume/Lomeyo-Work/Practice-Projects(Internship)/ogani-ecommerce/vendor/laravel/framework/src/Illuminate/Routing/ResponseFactory.php(87): Illuminate\\Routing\\ResponseFactory->make()
#33 /media/suraiya/New Volume/Lomeyo-Work/Practice-Projects(Internship)/ogani-ecommerce/vendor/laravel/framework/src/Illuminate/Foundation/Exceptions/Handler.php(645): Illuminate\\Routing\\ResponseFactory->view()
#34 /media/suraiya/New Volume/Lomeyo-Work/Practice-Projects(Internship)/ogani-ecommerce/vendor/laravel/framework/src/Illuminate/Foundation/Exceptions/Handler.php(573): Illuminate\\Foundation\\Exceptions\\Handler->renderHttpException()
#35 /media/suraiya/New Volume/Lomeyo-Work/Practice-Projects(Internship)/ogani-ecommerce/vendor/laravel/framework/src/Illuminate/Foundation/Exceptions/Handler.php(479): Illuminate\\Foundation\\Exceptions\\Handler->prepareResponse()
#36 /media/suraiya/New Volume/Lomeyo-Work/Practice-Projects(Internship)/ogani-ecommerce/vendor/laravel/framework/src/Illuminate/Foundation/Exceptions/Handler.php(396): Illuminate\\Foundation\\Exceptions\\Handler->renderExceptionResponse()
#37 /media/suraiya/New Volume/Lomeyo-Work/Practice-Projects(Internship)/ogani-ecommerce/vendor/laravel/framework/src/Illuminate/Routing/Pipeline.php(51): Illuminate\\Foundation\\Exceptions\\Handler->render()
#38 /media/suraiya/New Volume/Lomeyo-Work/Practice-Projects(Internship)/ogani-ecommerce/vendor/laravel/framework/src/Illuminate/Pipeline/Pipeline.php(185): Illuminate\\Routing\\Pipeline->handleException()
#39 /media/suraiya/New Volume/Lomeyo-Work/Practice-Projects(Internship)/ogani-ecommerce/vendor/laravel/framework/src/Illuminate/Foundation/Http/Middleware/ValidatePostSize.php(27): Illuminate\\Pipeline\\Pipeline->Illuminate\\Pipeline\\{closure}()
#40 /media/suraiya/New Volume/Lomeyo-Work/Practice-Projects(Internship)/ogani-ecommerce/vendor/laravel/framework/src/Illuminate/Pipeline/Pipeline.php(180): Illuminate\\Foundation\\Http\\Middleware\\ValidatePostSize->handle()
#41 /media/suraiya/New Volume/Lomeyo-Work/Practice-Projects(Internship)/ogani-ecommerce/vendor/laravel/framework/src/Illuminate/Foundation/Http/Middleware/PreventRequestsDuringMaintenance.php(86): Illuminate\\Pipeline\\Pipeline->Illuminate\\Pipeline\\{closure}()
#42 /media/suraiya/New Volume/Lomeyo-Work/Practice-Projects(Internship)/ogani-ecommerce/vendor/laravel/framework/src/Illuminate/Pipeline/Pipeline.php(180): Illuminate\\Foundation\\Http\\Middleware\\PreventRequestsDuringMaintenance->handle()
#43 /media/suraiya/New Volume/Lomeyo-Work/Practice-Projects(Internship)/ogani-ecommerce/vendor/laravel/framework/src/Illuminate/Http/Middleware/HandleCors.php(49): Illuminate\\Pipeline\\Pipeline->Illuminate\\Pipeline\\{closure}()
#44 /media/suraiya/New Volume/Lomeyo-Work/Practice-Projects(Internship)/ogani-ecommerce/vendor/laravel/framework/src/Illuminate/Pipeline/Pipeline.php(180): Illuminate\\Http\\Middleware\\HandleCors->handle()
#45 /media/suraiya/New Volume/Lomeyo-Work/Practice-Projects(Internship)/ogani-ecommerce/vendor/laravel/framework/src/Illuminate/Http/Middleware/TrustProxies.php(39): Illuminate\\Pipeline\\Pipeline->Illuminate\\Pipeline\\{closure}()
#46 /media/suraiya/New Volume/Lomeyo-Work/Practice-Projects(Internship)/ogani-ecommerce/vendor/laravel/framework/src/Illuminate/Pipeline/Pipeline.php(180): Illuminate\\Http\\Middleware\\TrustProxies->handle()
#47 /media/suraiya/New Volume/Lomeyo-Work/Practice-Projects(Internship)/ogani-ecommerce/vendor/laravel/framework/src/Illuminate/Pipeline/Pipeline.php(116): Illuminate\\Pipeline\\Pipeline->Illuminate\\Pipeline\\{closure}()
#48 /media/suraiya/New Volume/Lomeyo-Work/Practice-Projects(Internship)/ogani-ecommerce/vendor/laravel/framework/src/Illuminate/Foundation/Http/Kernel.php(175): Illuminate\\Pipeline\\Pipeline->then()
#49 /media/suraiya/New Volume/Lomeyo-Work/Practice-Projects(Internship)/ogani-ecommerce/vendor/laravel/framework/src/Illuminate/Foundation/Http/Kernel.php(144): Illuminate\\Foundation\\Http\\Kernel->sendRequestThroughRouter()
#50 /media/suraiya/New Volume/Lomeyo-Work/Practice-Projects(Internship)/ogani-ecommerce/public/index.php(51): Illuminate\\Foundation\\Http\\Kernel->handle()
#51 /media/suraiya/New Volume/Lomeyo-Work/Practice-Projects(Internship)/ogani-ecommerce/vendor/laravel/framework/src/Illuminate/Foundation/resources/server.php(16): require_once('...')
#52 {main}
"} 
[2024-08-20 05:59:42] production.ERROR: SQLSTATE[HY000] [1045] Access denied for user 'forge'@'localhost' (using password: NO) (Connection: mysql, SQL: select * from `cms` limit 1) {"exception":"[object] (Illuminate\\Database\\QueryException(code: 1045): SQLSTATE[HY000] [1045] Access denied for user 'forge'@'localhost' (using password: NO) (Connection: mysql, SQL: select * from `cms` limit 1) at /media/suraiya/New Volume/Lomeyo-Work/Practice-Projects(Internship)/ogani-ecommerce/vendor/laravel/framework/src/Illuminate/Database/Connection.php:795)
[stacktrace]
#0 /media/suraiya/New Volume/Lomeyo-Work/Practice-Projects(Internship)/ogani-ecommerce/vendor/laravel/framework/src/Illuminate/Database/Connection.php(755): Illuminate\\Database\\Connection->runQueryCallback()
#1 /media/suraiya/New Volume/Lomeyo-Work/Practice-Projects(Internship)/ogani-ecommerce/vendor/laravel/framework/src/Illuminate/Database/Connection.php(407): Illuminate\\Database\\Connection->run()
#2 /media/suraiya/New Volume/Lomeyo-Work/Practice-Projects(Internship)/ogani-ecommerce/vendor/laravel/framework/src/Illuminate/Database/Query/Builder.php(2735): Illuminate\\Database\\Connection->select()
#3 /media/suraiya/New Volume/Lomeyo-Work/Practice-Projects(Internship)/ogani-ecommerce/vendor/laravel/framework/src/Illuminate/Database/Query/Builder.php(2724): Illuminate\\Database\\Query\\Builder->runSelect()
#4 /media/suraiya/New Volume/Lomeyo-Work/Practice-Projects(Internship)/ogani-ecommerce/vendor/laravel/framework/src/Illuminate/Database/Query/Builder.php(3278): Illuminate\\Database\\Query\\Builder->Illuminate\\Database\\Query\\{closure}()
#5 /media/suraiya/New Volume/Lomeyo-Work/Practice-Projects(Internship)/ogani-ecommerce/vendor/laravel/framework/src/Illuminate/Database/Query/Builder.php(2723): Illuminate\\Database\\Query\\Builder->onceWithColumns()
#6 /media/suraiya/New Volume/Lomeyo-Work/Practice-Projects(Internship)/ogani-ecommerce/vendor/laravel/framework/src/Illuminate/Database/Eloquent/Builder.php(717): Illuminate\\Database\\Query\\Builder->get()
#7 /media/suraiya/New Volume/Lomeyo-Work/Practice-Projects(Internship)/ogani-ecommerce/vendor/laravel/framework/src/Illuminate/Database/Eloquent/Builder.php(701): Illuminate\\Database\\Eloquent\\Builder->getModels()
#8 /media/suraiya/New Volume/Lomeyo-Work/Practice-Projects(Internship)/ogani-ecommerce/vendor/laravel/framework/src/Illuminate/Database/Concerns/BuildsQueries.php(296): Illuminate\\Database\\Eloquent\\Builder->get()
#9 /media/suraiya/New Volume/Lomeyo-Work/Practice-Projects(Internship)/ogani-ecommerce/vendor/laravel/framework/src/Illuminate/Support/Traits/ForwardsCalls.php(23): Illuminate\\Database\\Eloquent\\Builder->first()
#10 /media/suraiya/New Volume/Lomeyo-Work/Practice-Projects(Internship)/ogani-ecommerce/vendor/laravel/framework/src/Illuminate/Database/Eloquent/Model.php(2335): Illuminate\\Database\\Eloquent\\Model->forwardCallTo()
#11 /media/suraiya/New Volume/Lomeyo-Work/Practice-Projects(Internship)/ogani-ecommerce/vendor/laravel/framework/src/Illuminate/Database/Eloquent/Model.php(2347): Illuminate\\Database\\Eloquent\\Model->__call()
#12 /media/suraiya/New Volume/Lomeyo-Work/Practice-Projects(Internship)/ogani-ecommerce/app/Providers/AppServiceProvider.php(61): Illuminate\\Database\\Eloquent\\Model::__callStatic()
#13 /media/suraiya/New Volume/Lomeyo-Work/Practice-Projects(Internship)/ogani-ecommerce/vendor/laravel/framework/src/Illuminate/View/Concerns/ManagesEvents.php(162): App\\Providers\\AppServiceProvider->App\\Providers\\{closure}()
#14 /media/suraiya/New Volume/Lomeyo-Work/Practice-Projects(Internship)/ogani-ecommerce/vendor/laravel/framework/src/Illuminate/Events/Dispatcher.php(418): Illuminate\\View\\Factory->Illuminate\\View\\Concerns\\{closure}()
#15 /media/suraiya/New Volume/Lomeyo-Work/Practice-Projects(Internship)/ogani-ecommerce/vendor/laravel/framework/src/Illuminate/Events/Dispatcher.php(249): Illuminate\\Events\\Dispatcher->Illuminate\\Events\\{closure}()
#16 /media/suraiya/New Volume/Lomeyo-Work/Practice-Projects(Internship)/ogani-ecommerce/vendor/laravel/framework/src/Illuminate/View/Concerns/ManagesEvents.php(177): Illuminate\\Events\\Dispatcher->dispatch()
#17 /media/suraiya/New Volume/Lomeyo-Work/Practice-Projects(Internship)/ogani-ecommerce/vendor/laravel/framework/src/Illuminate/View/View.php(176): Illuminate\\View\\Factory->callComposer()
#18 /media/suraiya/New Volume/Lomeyo-Work/Practice-Projects(Internship)/ogani-ecommerce/vendor/laravel/framework/src/Illuminate/View/View.php(147): Illuminate\\View\\View->renderContents()
#19 /media/suraiya/New Volume/Lomeyo-Work/Practice-Projects(Internship)/ogani-ecommerce/vendor/laravel/framework/src/Illuminate/Http/Response.php(69): Illuminate\\View\\View->render()
#20 /media/suraiya/New Volume/Lomeyo-Work/Practice-Projects(Internship)/ogani-ecommerce/vendor/laravel/framework/src/Illuminate/Http/Response.php(35): Illuminate\\Http\\Response->setContent()
#21 /media/suraiya/New Volume/Lomeyo-Work/Practice-Projects(Internship)/ogani-ecommerce/vendor/laravel/framework/src/Illuminate/Routing/ResponseFactory.php(57): Illuminate\\Http\\Response->__construct()
#22 /media/suraiya/New Volume/Lomeyo-Work/Practice-Projects(Internship)/ogani-ecommerce/vendor/laravel/framework/src/Illuminate/Routing/ResponseFactory.php(87): Illuminate\\Routing\\ResponseFactory->make()
#23 /media/suraiya/New Volume/Lomeyo-Work/Practice-Projects(Internship)/ogani-ecommerce/vendor/laravel/framework/src/Illuminate/Foundation/Exceptions/Handler.php(645): Illuminate\\Routing\\ResponseFactory->view()
#24 /media/suraiya/New Volume/Lomeyo-Work/Practice-Projects(Internship)/ogani-ecommerce/vendor/laravel/framework/src/Illuminate/Foundation/Exceptions/Handler.php(573): Illuminate\\Foundation\\Exceptions\\Handler->renderHttpException()
#25 /media/suraiya/New Volume/Lomeyo-Work/Practice-Projects(Internship)/ogani-ecommerce/vendor/laravel/framework/src/Illuminate/Foundation/Exceptions/Handler.php(479): Illuminate\\Foundation\\Exceptions\\Handler->prepareResponse()
#26 /media/suraiya/New Volume/Lomeyo-Work/Practice-Projects(Internship)/ogani-ecommerce/vendor/laravel/framework/src/Illuminate/Foundation/Exceptions/Handler.php(396): Illuminate\\Foundation\\Exceptions\\Handler->renderExceptionResponse()
#27 /media/suraiya/New Volume/Lomeyo-Work/Practice-Projects(Internship)/ogani-ecommerce/vendor/laravel/framework/src/Illuminate/Routing/Pipeline.php(51): Illuminate\\Foundation\\Exceptions\\Handler->render()
#28 /media/suraiya/New Volume/Lomeyo-Work/Practice-Projects(Internship)/ogani-ecommerce/vendor/laravel/framework/src/Illuminate/Pipeline/Pipeline.php(185): Illuminate\\Routing\\Pipeline->handleException()
#29 /media/suraiya/New Volume/Lomeyo-Work/Practice-Projects(Internship)/ogani-ecommerce/vendor/laravel/framework/src/Illuminate/Foundation/Http/Middleware/PreventRequestsDuringMaintenance.php(86): Illuminate\\Pipeline\\Pipeline->Illuminate\\Pipeline\\{closure}()
#30 /media/suraiya/New Volume/Lomeyo-Work/Practice-Projects(Internship)/ogani-ecommerce/vendor/laravel/framework/src/Illuminate/Pipeline/Pipeline.php(180): Illuminate\\Foundation\\Http\\Middleware\\PreventRequestsDuringMaintenance->handle()
#31 /media/suraiya/New Volume/Lomeyo-Work/Practice-Projects(Internship)/ogani-ecommerce/vendor/laravel/framework/src/Illuminate/Http/Middleware/HandleCors.php(49): Illuminate\\Pipeline\\Pipeline->Illuminate\\Pipeline\\{closure}()
#32 /media/suraiya/New Volume/Lomeyo-Work/Practice-Projects(Internship)/ogani-ecommerce/vendor/laravel/framework/src/Illuminate/Pipeline/Pipeline.php(180): Illuminate\\Http\\Middleware\\HandleCors->handle()
#33 /media/suraiya/New Volume/Lomeyo-Work/Practice-Projects(Internship)/ogani-ecommerce/vendor/laravel/framework/src/Illuminate/Http/Middleware/TrustProxies.php(39): Illuminate\\Pipeline\\Pipeline->Illuminate\\Pipeline\\{closure}()
#34 /media/suraiya/New Volume/Lomeyo-Work/Practice-Projects(Internship)/ogani-ecommerce/vendor/laravel/framework/src/Illuminate/Pipeline/Pipeline.php(180): Illuminate\\Http\\Middleware\\TrustProxies->handle()
#35 /media/suraiya/New Volume/Lomeyo-Work/Practice-Projects(Internship)/ogani-ecommerce/vendor/laravel/framework/src/Illuminate/Pipeline/Pipeline.php(116): Illuminate\\Pipeline\\Pipeline->Illuminate\\Pipeline\\{closure}()
#36 /media/suraiya/New Volume/Lomeyo-Work/Practice-Projects(Internship)/ogani-ecommerce/vendor/laravel/framework/src/Illuminate/Foundation/Http/Kernel.php(175): Illuminate\\Pipeline\\Pipeline->then()
#37 /media/suraiya/New Volume/Lomeyo-Work/Practice-Projects(Internship)/ogani-ecommerce/vendor/laravel/framework/src/Illuminate/Foundation/Http/Kernel.php(144): Illuminate\\Foundation\\Http\\Kernel->sendRequestThroughRouter()
#38 /media/suraiya/New Volume/Lomeyo-Work/Practice-Projects(Internship)/ogani-ecommerce/public/index.php(51): Illuminate\\Foundation\\Http\\Kernel->handle()
#39 /media/suraiya/New Volume/Lomeyo-Work/Practice-Projects(Internship)/ogani-ecommerce/vendor/laravel/framework/src/Illuminate/Foundation/resources/server.php(16): require_once('...')
#40 {main}

[previous exception] [object] (PDOException(code: 1045): SQLSTATE[HY000] [1045] Access denied for user 'forge'@'localhost' (using password: NO) at /media/suraiya/New Volume/Lomeyo-Work/Practice-Projects(Internship)/ogani-ecommerce/vendor/laravel/framework/src/Illuminate/Database/Connectors/Connector.php:65)
[stacktrace]
#0 /media/suraiya/New Volume/Lomeyo-Work/Practice-Projects(Internship)/ogani-ecommerce/vendor/laravel/framework/src/Illuminate/Database/Connectors/Connector.php(65): PDO->__construct()
#1 /media/suraiya/New Volume/Lomeyo-Work/Practice-Projects(Internship)/ogani-ecommerce/vendor/laravel/framework/src/Illuminate/Database/Connectors/Connector.php(44): Illuminate\\Database\\Connectors\\Connector->createPdoConnection()
#2 /media/suraiya/New Volume/Lomeyo-Work/Practice-Projects(Internship)/ogani-ecommerce/vendor/laravel/framework/src/Illuminate/Database/Connectors/MySqlConnector.php(24): Illuminate\\Database\\Connectors\\Connector->createConnection()
#3 /media/suraiya/New Volume/Lomeyo-Work/Practice-Projects(Internship)/ogani-ecommerce/vendor/laravel/framework/src/Illuminate/Database/Connectors/ConnectionFactory.php(184): Illuminate\\Database\\Connectors\\MySqlConnector->connect()
#4 [internal function]: Illuminate\\Database\\Connectors\\ConnectionFactory->Illuminate\\Database\\Connectors\\{closure}()
#5 /media/suraiya/New Volume/Lomeyo-Work/Practice-Projects(Internship)/ogani-ecommerce/vendor/laravel/framework/src/Illuminate/Database/Connection.php(1275): call_user_func()
#6 /media/suraiya/New Volume/Lomeyo-Work/Practice-Projects(Internship)/ogani-ecommerce/vendor/laravel/framework/src/Illuminate/Database/Connection.php(1311): Illuminate\\Database\\Connection->getPdo()
#7 /media/suraiya/New Volume/Lomeyo-Work/Practice-Projects(Internship)/ogani-ecommerce/vendor/laravel/framework/src/Illuminate/Database/Connection.php(521): Illuminate\\Database\\Connection->getReadPdo()
#8 /media/suraiya/New Volume/Lomeyo-Work/Practice-Projects(Internship)/ogani-ecommerce/vendor/laravel/framework/src/Illuminate/Database/Connection.php(416): Illuminate\\Database\\Connection->getPdoForSelect()
#9 /media/suraiya/New Volume/Lomeyo-Work/Practice-Projects(Internship)/ogani-ecommerce/vendor/laravel/framework/src/Illuminate/Database/Connection.php(788): Illuminate\\Database\\Connection->Illuminate\\Database\\{closure}()
#10 /media/suraiya/New Volume/Lomeyo-Work/Practice-Projects(Internship)/ogani-ecommerce/vendor/laravel/framework/src/Illuminate/Database/Connection.php(755): Illuminate\\Database\\Connection->runQueryCallback()
#11 /media/suraiya/New Volume/Lomeyo-Work/Practice-Projects(Internship)/ogani-ecommerce/vendor/laravel/framework/src/Illuminate/Database/Connection.php(407): Illuminate\\Database\\Connection->run()
#12 /media/suraiya/New Volume/Lomeyo-Work/Practice-Projects(Internship)/ogani-ecommerce/vendor/laravel/framework/src/Illuminate/Database/Query/Builder.php(2735): Illuminate\\Database\\Connection->select()
#13 /media/suraiya/New Volume/Lomeyo-Work/Practice-Projects(Internship)/ogani-ecommerce/vendor/laravel/framework/src/Illuminate/Database/Query/Builder.php(2724): Illuminate\\Database\\Query\\Builder->runSelect()
#14 /media/suraiya/New Volume/Lomeyo-Work/Practice-Projects(Internship)/ogani-ecommerce/vendor/laravel/framework/src/Illuminate/Database/Query/Builder.php(3278): Illuminate\\Database\\Query\\Builder->Illuminate\\Database\\Query\\{closure}()
#15 /media/suraiya/New Volume/Lomeyo-Work/Practice-Projects(Internship)/ogani-ecommerce/vendor/laravel/framework/src/Illuminate/Database/Query/Builder.php(2723): Illuminate\\Database\\Query\\Builder->onceWithColumns()
#16 /media/suraiya/New Volume/Lomeyo-Work/Practice-Projects(Internship)/ogani-ecommerce/vendor/laravel/framework/src/Illuminate/Database/Eloquent/Builder.php(717): Illuminate\\Database\\Query\\Builder->get()
#17 /media/suraiya/New Volume/Lomeyo-Work/Practice-Projects(Internship)/ogani-ecommerce/vendor/laravel/framework/src/Illuminate/Database/Eloquent/Builder.php(701): Illuminate\\Database\\Eloquent\\Builder->getModels()
#18 /media/suraiya/New Volume/Lomeyo-Work/Practice-Projects(Internship)/ogani-ecommerce/vendor/laravel/framework/src/Illuminate/Database/Concerns/BuildsQueries.php(296): Illuminate\\Database\\Eloquent\\Builder->get()
#19 /media/suraiya/New Volume/Lomeyo-Work/Practice-Projects(Internship)/ogani-ecommerce/vendor/laravel/framework/src/Illuminate/Support/Traits/ForwardsCalls.php(23): Illuminate\\Database\\Eloquent\\Builder->first()
#20 /media/suraiya/New Volume/Lomeyo-Work/Practice-Projects(Internship)/ogani-ecommerce/vendor/laravel/framework/src/Illuminate/Database/Eloquent/Model.php(2335): Illuminate\\Database\\Eloquent\\Model->forwardCallTo()
#21 /media/suraiya/New Volume/Lomeyo-Work/Practice-Projects(Internship)/ogani-ecommerce/vendor/laravel/framework/src/Illuminate/Database/Eloquent/Model.php(2347): Illuminate\\Database\\Eloquent\\Model->__call()
#22 /media/suraiya/New Volume/Lomeyo-Work/Practice-Projects(Internship)/ogani-ecommerce/app/Providers/AppServiceProvider.php(61): Illuminate\\Database\\Eloquent\\Model::__callStatic()
#23 /media/suraiya/New Volume/Lomeyo-Work/Practice-Projects(Internship)/ogani-ecommerce/vendor/laravel/framework/src/Illuminate/View/Concerns/ManagesEvents.php(162): App\\Providers\\AppServiceProvider->App\\Providers\\{closure}()
#24 /media/suraiya/New Volume/Lomeyo-Work/Practice-Projects(Internship)/ogani-ecommerce/vendor/laravel/framework/src/Illuminate/Events/Dispatcher.php(418): Illuminate\\View\\Factory->Illuminate\\View\\Concerns\\{closure}()
#25 /media/suraiya/New Volume/Lomeyo-Work/Practice-Projects(Internship)/ogani-ecommerce/vendor/laravel/framework/src/Illuminate/Events/Dispatcher.php(249): Illuminate\\Events\\Dispatcher->Illuminate\\Events\\{closure}()
#26 /media/suraiya/New Volume/Lomeyo-Work/Practice-Projects(Internship)/ogani-ecommerce/vendor/laravel/framework/src/Illuminate/View/Concerns/ManagesEvents.php(177): Illuminate\\Events\\Dispatcher->dispatch()
#27 /media/suraiya/New Volume/Lomeyo-Work/Practice-Projects(Internship)/ogani-ecommerce/vendor/laravel/framework/src/Illuminate/View/View.php(176): Illuminate\\View\\Factory->callComposer()
#28 /media/suraiya/New Volume/Lomeyo-Work/Practice-Projects(Internship)/ogani-ecommerce/vendor/laravel/framework/src/Illuminate/View/View.php(147): Illuminate\\View\\View->renderContents()
#29 /media/suraiya/New Volume/Lomeyo-Work/Practice-Projects(Internship)/ogani-ecommerce/vendor/laravel/framework/src/Illuminate/Http/Response.php(69): Illuminate\\View\\View->render()
#30 /media/suraiya/New Volume/Lomeyo-Work/Practice-Projects(Internship)/ogani-ecommerce/vendor/laravel/framework/src/Illuminate/Http/Response.php(35): Illuminate\\Http\\Response->setContent()
#31 /media/suraiya/New Volume/Lomeyo-Work/Practice-Projects(Internship)/ogani-ecommerce/vendor/laravel/framework/src/Illuminate/Routing/ResponseFactory.php(57): Illuminate\\Http\\Response->__construct()
#32 /media/suraiya/New Volume/Lomeyo-Work/Practice-Projects(Internship)/ogani-ecommerce/vendor/laravel/framework/src/Illuminate/Routing/ResponseFactory.php(87): Illuminate\\Routing\\ResponseFactory->make()
#33 /media/suraiya/New Volume/Lomeyo-Work/Practice-Projects(Internship)/ogani-ecommerce/vendor/laravel/framework/src/Illuminate/Foundation/Exceptions/Handler.php(645): Illuminate\\Routing\\ResponseFactory->view()
#34 /media/suraiya/New Volume/Lomeyo-Work/Practice-Projects(Internship)/ogani-ecommerce/vendor/laravel/framework/src/Illuminate/Foundation/Exceptions/Handler.php(573): Illuminate\\Foundation\\Exceptions\\Handler->renderHttpException()
#35 /media/suraiya/New Volume/Lomeyo-Work/Practice-Projects(Internship)/ogani-ecommerce/vendor/laravel/framework/src/Illuminate/Foundation/Exceptions/Handler.php(479): Illuminate\\Foundation\\Exceptions\\Handler->prepareResponse()
#36 /media/suraiya/New Volume/Lomeyo-Work/Practice-Projects(Internship)/ogani-ecommerce/vendor/laravel/framework/src/Illuminate/Foundation/Exceptions/Handler.php(396): Illuminate\\Foundation\\Exceptions\\Handler->renderExceptionResponse()
#37 /media/suraiya/New Volume/Lomeyo-Work/Practice-Projects(Internship)/ogani-ecommerce/vendor/laravel/framework/src/Illuminate/Routing/Pipeline.php(51): Illuminate\\Foundation\\Exceptions\\Handler->render()
#38 /media/suraiya/New Volume/Lomeyo-Work/Practice-Projects(Internship)/ogani-ecommerce/vendor/laravel/framework/src/Illuminate/Pipeline/Pipeline.php(185): Illuminate\\Routing\\Pipeline->handleException()
#39 /media/suraiya/New Volume/Lomeyo-Work/Practice-Projects(Internship)/ogani-ecommerce/vendor/laravel/framework/src/Illuminate/Foundation/Http/Middleware/PreventRequestsDuringMaintenance.php(86): Illuminate\\Pipeline\\Pipeline->Illuminate\\Pipeline\\{closure}()
#40 /media/suraiya/New Volume/Lomeyo-Work/Practice-Projects(Internship)/ogani-ecommerce/vendor/laravel/framework/src/Illuminate/Pipeline/Pipeline.php(180): Illuminate\\Foundation\\Http\\Middleware\\PreventRequestsDuringMaintenance->handle()
#41 /media/suraiya/New Volume/Lomeyo-Work/Practice-Projects(Internship)/ogani-ecommerce/vendor/laravel/framework/src/Illuminate/Http/Middleware/HandleCors.php(49): Illuminate\\Pipeline\\Pipeline->Illuminate\\Pipeline\\{closure}()
#42 /media/suraiya/New Volume/Lomeyo-Work/Practice-Projects(Internship)/ogani-ecommerce/vendor/laravel/framework/src/Illuminate/Pipeline/Pipeline.php(180): Illuminate\\Http\\Middleware\\HandleCors->handle()
#43 /media/suraiya/New Volume/Lomeyo-Work/Practice-Projects(Internship)/ogani-ecommerce/vendor/laravel/framework/src/Illuminate/Http/Middleware/TrustProxies.php(39): Illuminate\\Pipeline\\Pipeline->Illuminate\\Pipeline\\{closure}()
#44 /media/suraiya/New Volume/Lomeyo-Work/Practice-Projects(Internship)/ogani-ecommerce/vendor/laravel/framework/src/Illuminate/Pipeline/Pipeline.php(180): Illuminate\\Http\\Middleware\\TrustProxies->handle()
#45 /media/suraiya/New Volume/Lomeyo-Work/Practice-Projects(Internship)/ogani-ecommerce/vendor/laravel/framework/src/Illuminate/Pipeline/Pipeline.php(116): Illuminate\\Pipeline\\Pipeline->Illuminate\\Pipeline\\{closure}()
#46 /media/suraiya/New Volume/Lomeyo-Work/Practice-Projects(Internship)/ogani-ecommerce/vendor/laravel/framework/src/Illuminate/Foundation/Http/Kernel.php(175): Illuminate\\Pipeline\\Pipeline->then()
#47 /media/suraiya/New Volume/Lomeyo-Work/Practice-Projects(Internship)/ogani-ecommerce/vendor/laravel/framework/src/Illuminate/Foundation/Http/Kernel.php(144): Illuminate\\Foundation\\Http\\Kernel->sendRequestThroughRouter()
#48 /media/suraiya/New Volume/Lomeyo-Work/Practice-Projects(Internship)/ogani-ecommerce/public/index.php(51): Illuminate\\Foundation\\Http\\Kernel->handle()
#49 /media/suraiya/New Volume/Lomeyo-Work/Practice-Projects(Internship)/ogani-ecommerce/vendor/laravel/framework/src/Illuminate/Foundation/resources/server.php(16): require_once('...')
#50 {main}
"} 
[2024-08-20 05:59:42] production.ERROR: SQLSTATE[HY000] [1045] Access denied for user 'forge'@'localhost' (using password: NO) (Connection: mysql, SQL: select * from `cms` limit 1) {"exception":"[object] (Illuminate\\Database\\QueryException(code: 1045): SQLSTATE[HY000] [1045] Access denied for user 'forge'@'localhost' (using password: NO) (Connection: mysql, SQL: select * from `cms` limit 1) at /media/suraiya/New Volume/Lomeyo-Work/Practice-Projects(Internship)/ogani-ecommerce/vendor/laravel/framework/src/Illuminate/Database/Connection.php:795)
[stacktrace]
#0 /media/suraiya/New Volume/Lomeyo-Work/Practice-Projects(Internship)/ogani-ecommerce/vendor/laravel/framework/src/Illuminate/Database/Connection.php(755): Illuminate\\Database\\Connection->runQueryCallback()
#1 /media/suraiya/New Volume/Lomeyo-Work/Practice-Projects(Internship)/ogani-ecommerce/vendor/laravel/framework/src/Illuminate/Database/Connection.php(407): Illuminate\\Database\\Connection->run()
#2 /media/suraiya/New Volume/Lomeyo-Work/Practice-Projects(Internship)/ogani-ecommerce/vendor/laravel/framework/src/Illuminate/Database/Query/Builder.php(2735): Illuminate\\Database\\Connection->select()
#3 /media/suraiya/New Volume/Lomeyo-Work/Practice-Projects(Internship)/ogani-ecommerce/vendor/laravel/framework/src/Illuminate/Database/Query/Builder.php(2724): Illuminate\\Database\\Query\\Builder->runSelect()
#4 /media/suraiya/New Volume/Lomeyo-Work/Practice-Projects(Internship)/ogani-ecommerce/vendor/laravel/framework/src/Illuminate/Database/Query/Builder.php(3278): Illuminate\\Database\\Query\\Builder->Illuminate\\Database\\Query\\{closure}()
#5 /media/suraiya/New Volume/Lomeyo-Work/Practice-Projects(Internship)/ogani-ecommerce/vendor/laravel/framework/src/Illuminate/Database/Query/Builder.php(2723): Illuminate\\Database\\Query\\Builder->onceWithColumns()
#6 /media/suraiya/New Volume/Lomeyo-Work/Practice-Projects(Internship)/ogani-ecommerce/vendor/laravel/framework/src/Illuminate/Database/Eloquent/Builder.php(717): Illuminate\\Database\\Query\\Builder->get()
#7 /media/suraiya/New Volume/Lomeyo-Work/Practice-Projects(Internship)/ogani-ecommerce/vendor/laravel/framework/src/Illuminate/Database/Eloquent/Builder.php(701): Illuminate\\Database\\Eloquent\\Builder->getModels()
#8 /media/suraiya/New Volume/Lomeyo-Work/Practice-Projects(Internship)/ogani-ecommerce/vendor/laravel/framework/src/Illuminate/Database/Concerns/BuildsQueries.php(296): Illuminate\\Database\\Eloquent\\Builder->get()
#9 /media/suraiya/New Volume/Lomeyo-Work/Practice-Projects(Internship)/ogani-ecommerce/vendor/laravel/framework/src/Illuminate/Support/Traits/ForwardsCalls.php(23): Illuminate\\Database\\Eloquent\\Builder->first()
#10 /media/suraiya/New Volume/Lomeyo-Work/Practice-Projects(Internship)/ogani-ecommerce/vendor/laravel/framework/src/Illuminate/Database/Eloquent/Model.php(2335): Illuminate\\Database\\Eloquent\\Model->forwardCallTo()
#11 /media/suraiya/New Volume/Lomeyo-Work/Practice-Projects(Internship)/ogani-ecommerce/vendor/laravel/framework/src/Illuminate/Database/Eloquent/Model.php(2347): Illuminate\\Database\\Eloquent\\Model->__call()
#12 /media/suraiya/New Volume/Lomeyo-Work/Practice-Projects(Internship)/ogani-ecommerce/app/Providers/AppServiceProvider.php(61): Illuminate\\Database\\Eloquent\\Model::__callStatic()
#13 /media/suraiya/New Volume/Lomeyo-Work/Practice-Projects(Internship)/ogani-ecommerce/vendor/laravel/framework/src/Illuminate/View/Concerns/ManagesEvents.php(162): App\\Providers\\AppServiceProvider->App\\Providers\\{closure}()
#14 /media/suraiya/New Volume/Lomeyo-Work/Practice-Projects(Internship)/ogani-ecommerce/vendor/laravel/framework/src/Illuminate/Events/Dispatcher.php(418): Illuminate\\View\\Factory->Illuminate\\View\\Concerns\\{closure}()
#15 /media/suraiya/New Volume/Lomeyo-Work/Practice-Projects(Internship)/ogani-ecommerce/vendor/laravel/framework/src/Illuminate/Events/Dispatcher.php(249): Illuminate\\Events\\Dispatcher->Illuminate\\Events\\{closure}()
#16 /media/suraiya/New Volume/Lomeyo-Work/Practice-Projects(Internship)/ogani-ecommerce/vendor/laravel/framework/src/Illuminate/View/Concerns/ManagesEvents.php(177): Illuminate\\Events\\Dispatcher->dispatch()
#17 /media/suraiya/New Volume/Lomeyo-Work/Practice-Projects(Internship)/ogani-ecommerce/vendor/laravel/framework/src/Illuminate/View/View.php(176): Illuminate\\View\\Factory->callComposer()
#18 /media/suraiya/New Volume/Lomeyo-Work/Practice-Projects(Internship)/ogani-ecommerce/vendor/laravel/framework/src/Illuminate/View/View.php(147): Illuminate\\View\\View->renderContents()
#19 /media/suraiya/New Volume/Lomeyo-Work/Practice-Projects(Internship)/ogani-ecommerce/vendor/laravel/framework/src/Illuminate/Http/Response.php(69): Illuminate\\View\\View->render()
#20 /media/suraiya/New Volume/Lomeyo-Work/Practice-Projects(Internship)/ogani-ecommerce/vendor/laravel/framework/src/Illuminate/Http/Response.php(35): Illuminate\\Http\\Response->setContent()
#21 /media/suraiya/New Volume/Lomeyo-Work/Practice-Projects(Internship)/ogani-ecommerce/vendor/laravel/framework/src/Illuminate/Routing/ResponseFactory.php(57): Illuminate\\Http\\Response->__construct()
#22 /media/suraiya/New Volume/Lomeyo-Work/Practice-Projects(Internship)/ogani-ecommerce/vendor/laravel/framework/src/Illuminate/Routing/ResponseFactory.php(87): Illuminate\\Routing\\ResponseFactory->make()
#23 /media/suraiya/New Volume/Lomeyo-Work/Practice-Projects(Internship)/ogani-ecommerce/vendor/laravel/framework/src/Illuminate/Foundation/Exceptions/Handler.php(645): Illuminate\\Routing\\ResponseFactory->view()
#24 /media/suraiya/New Volume/Lomeyo-Work/Practice-Projects(Internship)/ogani-ecommerce/vendor/laravel/framework/src/Illuminate/Foundation/Exceptions/Handler.php(573): Illuminate\\Foundation\\Exceptions\\Handler->renderHttpException()
#25 /media/suraiya/New Volume/Lomeyo-Work/Practice-Projects(Internship)/ogani-ecommerce/vendor/laravel/framework/src/Illuminate/Foundation/Exceptions/Handler.php(479): Illuminate\\Foundation\\Exceptions\\Handler->prepareResponse()
#26 /media/suraiya/New Volume/Lomeyo-Work/Practice-Projects(Internship)/ogani-ecommerce/vendor/laravel/framework/src/Illuminate/Foundation/Exceptions/Handler.php(396): Illuminate\\Foundation\\Exceptions\\Handler->renderExceptionResponse()
#27 /media/suraiya/New Volume/Lomeyo-Work/Practice-Projects(Internship)/ogani-ecommerce/vendor/laravel/framework/src/Illuminate/Routing/Pipeline.php(51): Illuminate\\Foundation\\Exceptions\\Handler->render()
#28 /media/suraiya/New Volume/Lomeyo-Work/Practice-Projects(Internship)/ogani-ecommerce/vendor/laravel/framework/src/Illuminate/Pipeline/Pipeline.php(185): Illuminate\\Routing\\Pipeline->handleException()
#29 /media/suraiya/New Volume/Lomeyo-Work/Practice-Projects(Internship)/ogani-ecommerce/vendor/laravel/framework/src/Illuminate/Http/Middleware/HandleCors.php(49): Illuminate\\Pipeline\\Pipeline->Illuminate\\Pipeline\\{closure}()
#30 /media/suraiya/New Volume/Lomeyo-Work/Practice-Projects(Internship)/ogani-ecommerce/vendor/laravel/framework/src/Illuminate/Pipeline/Pipeline.php(180): Illuminate\\Http\\Middleware\\HandleCors->handle()
#31 /media/suraiya/New Volume/Lomeyo-Work/Practice-Projects(Internship)/ogani-ecommerce/vendor/laravel/framework/src/Illuminate/Http/Middleware/TrustProxies.php(39): Illuminate\\Pipeline\\Pipeline->Illuminate\\Pipeline\\{closure}()
#32 /media/suraiya/New Volume/Lomeyo-Work/Practice-Projects(Internship)/ogani-ecommerce/vendor/laravel/framework/src/Illuminate/Pipeline/Pipeline.php(180): Illuminate\\Http\\Middleware\\TrustProxies->handle()
#33 /media/suraiya/New Volume/Lomeyo-Work/Practice-Projects(Internship)/ogani-ecommerce/vendor/laravel/framework/src/Illuminate/Pipeline/Pipeline.php(116): Illuminate\\Pipeline\\Pipeline->Illuminate\\Pipeline\\{closure}()
#34 /media/suraiya/New Volume/Lomeyo-Work/Practice-Projects(Internship)/ogani-ecommerce/vendor/laravel/framework/src/Illuminate/Foundation/Http/Kernel.php(175): Illuminate\\Pipeline\\Pipeline->then()
#35 /media/suraiya/New Volume/Lomeyo-Work/Practice-Projects(Internship)/ogani-ecommerce/vendor/laravel/framework/src/Illuminate/Foundation/Http/Kernel.php(144): Illuminate\\Foundation\\Http\\Kernel->sendRequestThroughRouter()
#36 /media/suraiya/New Volume/Lomeyo-Work/Practice-Projects(Internship)/ogani-ecommerce/public/index.php(51): Illuminate\\Foundation\\Http\\Kernel->handle()
#37 /media/suraiya/New Volume/Lomeyo-Work/Practice-Projects(Internship)/ogani-ecommerce/vendor/laravel/framework/src/Illuminate/Foundation/resources/server.php(16): require_once('...')
#38 {main}

[previous exception] [object] (PDOException(code: 1045): SQLSTATE[HY000] [1045] Access denied for user 'forge'@'localhost' (using password: NO) at /media/suraiya/New Volume/Lomeyo-Work/Practice-Projects(Internship)/ogani-ecommerce/vendor/laravel/framework/src/Illuminate/Database/Connectors/Connector.php:65)
[stacktrace]
#0 /media/suraiya/New Volume/Lomeyo-Work/Practice-Projects(Internship)/ogani-ecommerce/vendor/laravel/framework/src/Illuminate/Database/Connectors/Connector.php(65): PDO->__construct()
#1 /media/suraiya/New Volume/Lomeyo-Work/Practice-Projects(Internship)/ogani-ecommerce/vendor/laravel/framework/src/Illuminate/Database/Connectors/Connector.php(44): Illuminate\\Database\\Connectors\\Connector->createPdoConnection()
#2 /media/suraiya/New Volume/Lomeyo-Work/Practice-Projects(Internship)/ogani-ecommerce/vendor/laravel/framework/src/Illuminate/Database/Connectors/MySqlConnector.php(24): Illuminate\\Database\\Connectors\\Connector->createConnection()
#3 /media/suraiya/New Volume/Lomeyo-Work/Practice-Projects(Internship)/ogani-ecommerce/vendor/laravel/framework/src/Illuminate/Database/Connectors/ConnectionFactory.php(184): Illuminate\\Database\\Connectors\\MySqlConnector->connect()
#4 [internal function]: Illuminate\\Database\\Connectors\\ConnectionFactory->Illuminate\\Database\\Connectors\\{closure}()
#5 /media/suraiya/New Volume/Lomeyo-Work/Practice-Projects(Internship)/ogani-ecommerce/vendor/laravel/framework/src/Illuminate/Database/Connection.php(1275): call_user_func()
#6 /media/suraiya/New Volume/Lomeyo-Work/Practice-Projects(Internship)/ogani-ecommerce/vendor/laravel/framework/src/Illuminate/Database/Connection.php(1311): Illuminate\\Database\\Connection->getPdo()
#7 /media/suraiya/New Volume/Lomeyo-Work/Practice-Projects(Internship)/ogani-ecommerce/vendor/laravel/framework/src/Illuminate/Database/Connection.php(521): Illuminate\\Database\\Connection->getReadPdo()
#8 /media/suraiya/New Volume/Lomeyo-Work/Practice-Projects(Internship)/ogani-ecommerce/vendor/laravel/framework/src/Illuminate/Database/Connection.php(416): Illuminate\\Database\\Connection->getPdoForSelect()
#9 /media/suraiya/New Volume/Lomeyo-Work/Practice-Projects(Internship)/ogani-ecommerce/vendor/laravel/framework/src/Illuminate/Database/Connection.php(788): Illuminate\\Database\\Connection->Illuminate\\Database\\{closure}()
#10 /media/suraiya/New Volume/Lomeyo-Work/Practice-Projects(Internship)/ogani-ecommerce/vendor/laravel/framework/src/Illuminate/Database/Connection.php(755): Illuminate\\Database\\Connection->runQueryCallback()
#11 /media/suraiya/New Volume/Lomeyo-Work/Practice-Projects(Internship)/ogani-ecommerce/vendor/laravel/framework/src/Illuminate/Database/Connection.php(407): Illuminate\\Database\\Connection->run()
#12 /media/suraiya/New Volume/Lomeyo-Work/Practice-Projects(Internship)/ogani-ecommerce/vendor/laravel/framework/src/Illuminate/Database/Query/Builder.php(2735): Illuminate\\Database\\Connection->select()
#13 /media/suraiya/New Volume/Lomeyo-Work/Practice-Projects(Internship)/ogani-ecommerce/vendor/laravel/framework/src/Illuminate/Database/Query/Builder.php(2724): Illuminate\\Database\\Query\\Builder->runSelect()
#14 /media/suraiya/New Volume/Lomeyo-Work/Practice-Projects(Internship)/ogani-ecommerce/vendor/laravel/framework/src/Illuminate/Database/Query/Builder.php(3278): Illuminate\\Database\\Query\\Builder->Illuminate\\Database\\Query\\{closure}()
#15 /media/suraiya/New Volume/Lomeyo-Work/Practice-Projects(Internship)/ogani-ecommerce/vendor/laravel/framework/src/Illuminate/Database/Query/Builder.php(2723): Illuminate\\Database\\Query\\Builder->onceWithColumns()
#16 /media/suraiya/New Volume/Lomeyo-Work/Practice-Projects(Internship)/ogani-ecommerce/vendor/laravel/framework/src/Illuminate/Database/Eloquent/Builder.php(717): Illuminate\\Database\\Query\\Builder->get()
#17 /media/suraiya/New Volume/Lomeyo-Work/Practice-Projects(Internship)/ogani-ecommerce/vendor/laravel/framework/src/Illuminate/Database/Eloquent/Builder.php(701): Illuminate\\Database\\Eloquent\\Builder->getModels()
#18 /media/suraiya/New Volume/Lomeyo-Work/Practice-Projects(Internship)/ogani-ecommerce/vendor/laravel/framework/src/Illuminate/Database/Concerns/BuildsQueries.php(296): Illuminate\\Database\\Eloquent\\Builder->get()
#19 /media/suraiya/New Volume/Lomeyo-Work/Practice-Projects(Internship)/ogani-ecommerce/vendor/laravel/framework/src/Illuminate/Support/Traits/ForwardsCalls.php(23): Illuminate\\Database\\Eloquent\\Builder->first()
#20 /media/suraiya/New Volume/Lomeyo-Work/Practice-Projects(Internship)/ogani-ecommerce/vendor/laravel/framework/src/Illuminate/Database/Eloquent/Model.php(2335): Illuminate\\Database\\Eloquent\\Model->forwardCallTo()
#21 /media/suraiya/New Volume/Lomeyo-Work/Practice-Projects(Internship)/ogani-ecommerce/vendor/laravel/framework/src/Illuminate/Database/Eloquent/Model.php(2347): Illuminate\\Database\\Eloquent\\Model->__call()
#22 /media/suraiya/New Volume/Lomeyo-Work/Practice-Projects(Internship)/ogani-ecommerce/app/Providers/AppServiceProvider.php(61): Illuminate\\Database\\Eloquent\\Model::__callStatic()
#23 /media/suraiya/New Volume/Lomeyo-Work/Practice-Projects(Internship)/ogani-ecommerce/vendor/laravel/framework/src/Illuminate/View/Concerns/ManagesEvents.php(162): App\\Providers\\AppServiceProvider->App\\Providers\\{closure}()
#24 /media/suraiya/New Volume/Lomeyo-Work/Practice-Projects(Internship)/ogani-ecommerce/vendor/laravel/framework/src/Illuminate/Events/Dispatcher.php(418): Illuminate\\View\\Factory->Illuminate\\View\\Concerns\\{closure}()
#25 /media/suraiya/New Volume/Lomeyo-Work/Practice-Projects(Internship)/ogani-ecommerce/vendor/laravel/framework/src/Illuminate/Events/Dispatcher.php(249): Illuminate\\Events\\Dispatcher->Illuminate\\Events\\{closure}()
#26 /media/suraiya/New Volume/Lomeyo-Work/Practice-Projects(Internship)/ogani-ecommerce/vendor/laravel/framework/src/Illuminate/View/Concerns/ManagesEvents.php(177): Illuminate\\Events\\Dispatcher->dispatch()
#27 /media/suraiya/New Volume/Lomeyo-Work/Practice-Projects(Internship)/ogani-ecommerce/vendor/laravel/framework/src/Illuminate/View/View.php(176): Illuminate\\View\\Factory->callComposer()
#28 /media/suraiya/New Volume/Lomeyo-Work/Practice-Projects(Internship)/ogani-ecommerce/vendor/laravel/framework/src/Illuminate/View/View.php(147): Illuminate\\View\\View->renderContents()
#29 /media/suraiya/New Volume/Lomeyo-Work/Practice-Projects(Internship)/ogani-ecommerce/vendor/laravel/framework/src/Illuminate/Http/Response.php(69): Illuminate\\View\\View->render()
#30 /media/suraiya/New Volume/Lomeyo-Work/Practice-Projects(Internship)/ogani-ecommerce/vendor/laravel/framework/src/Illuminate/Http/Response.php(35): Illuminate\\Http\\Response->setContent()
#31 /media/suraiya/New Volume/Lomeyo-Work/Practice-Projects(Internship)/ogani-ecommerce/vendor/laravel/framework/src/Illuminate/Routing/ResponseFactory.php(57): Illuminate\\Http\\Response->__construct()
#32 /media/suraiya/New Volume/Lomeyo-Work/Practice-Projects(Internship)/ogani-ecommerce/vendor/laravel/framework/src/Illuminate/Routing/ResponseFactory.php(87): Illuminate\\Routing\\ResponseFactory->make()
#33 /media/suraiya/New Volume/Lomeyo-Work/Practice-Projects(Internship)/ogani-ecommerce/vendor/laravel/framework/src/Illuminate/Foundation/Exceptions/Handler.php(645): Illuminate\\Routing\\ResponseFactory->view()
#34 /media/suraiya/New Volume/Lomeyo-Work/Practice-Projects(Internship)/ogani-ecommerce/vendor/laravel/framework/src/Illuminate/Foundation/Exceptions/Handler.php(573): Illuminate\\Foundation\\Exceptions\\Handler->renderHttpException()
#35 /media/suraiya/New Volume/Lomeyo-Work/Practice-Projects(Internship)/ogani-ecommerce/vendor/laravel/framework/src/Illuminate/Foundation/Exceptions/Handler.php(479): Illuminate\\Foundation\\Exceptions\\Handler->prepareResponse()
#36 /media/suraiya/New Volume/Lomeyo-Work/Practice-Projects(Internship)/ogani-ecommerce/vendor/laravel/framework/src/Illuminate/Foundation/Exceptions/Handler.php(396): Illuminate\\Foundation\\Exceptions\\Handler->renderExceptionResponse()
#37 /media/suraiya/New Volume/Lomeyo-Work/Practice-Projects(Internship)/ogani-ecommerce/vendor/laravel/framework/src/Illuminate/Routing/Pipeline.php(51): Illuminate\\Foundation\\Exceptions\\Handler->render()
#38 /media/suraiya/New Volume/Lomeyo-Work/Practice-Projects(Internship)/ogani-ecommerce/vendor/laravel/framework/src/Illuminate/Pipeline/Pipeline.php(185): Illuminate\\Routing\\Pipeline->handleException()
#39 /media/suraiya/New Volume/Lomeyo-Work/Practice-Projects(Internship)/ogani-ecommerce/vendor/laravel/framework/src/Illuminate/Http/Middleware/HandleCors.php(49): Illuminate\\Pipeline\\Pipeline->Illuminate\\Pipeline\\{closure}()
#40 /media/suraiya/New Volume/Lomeyo-Work/Practice-Projects(Internship)/ogani-ecommerce/vendor/laravel/framework/src/Illuminate/Pipeline/Pipeline.php(180): Illuminate\\Http\\Middleware\\HandleCors->handle()
#41 /media/suraiya/New Volume/Lomeyo-Work/Practice-Projects(Internship)/ogani-ecommerce/vendor/laravel/framework/src/Illuminate/Http/Middleware/TrustProxies.php(39): Illuminate\\Pipeline\\Pipeline->Illuminate\\Pipeline\\{closure}()
#42 /media/suraiya/New Volume/Lomeyo-Work/Practice-Projects(Internship)/ogani-ecommerce/vendor/laravel/framework/src/Illuminate/Pipeline/Pipeline.php(180): Illuminate\\Http\\Middleware\\TrustProxies->handle()
#43 /media/suraiya/New Volume/Lomeyo-Work/Practice-Projects(Internship)/ogani-ecommerce/vendor/laravel/framework/src/Illuminate/Pipeline/Pipeline.php(116): Illuminate\\Pipeline\\Pipeline->Illuminate\\Pipeline\\{closure}()
#44 /media/suraiya/New Volume/Lomeyo-Work/Practice-Projects(Internship)/ogani-ecommerce/vendor/laravel/framework/src/Illuminate/Foundation/Http/Kernel.php(175): Illuminate\\Pipeline\\Pipeline->then()
#45 /media/suraiya/New Volume/Lomeyo-Work/Practice-Projects(Internship)/ogani-ecommerce/vendor/laravel/framework/src/Illuminate/Foundation/Http/Kernel.php(144): Illuminate\\Foundation\\Http\\Kernel->sendRequestThroughRouter()
#46 /media/suraiya/New Volume/Lomeyo-Work/Practice-Projects(Internship)/ogani-ecommerce/public/index.php(51): Illuminate\\Foundation\\Http\\Kernel->handle()
#47 /media/suraiya/New Volume/Lomeyo-Work/Practice-Projects(Internship)/ogani-ecommerce/vendor/laravel/framework/src/Illuminate/Foundation/resources/server.php(16): require_once('...')
#48 {main}
"} 
[2024-08-20 05:59:42] production.ERROR: SQLSTATE[HY000] [1045] Access denied for user 'forge'@'localhost' (using password: NO) (Connection: mysql, SQL: select * from `cms` limit 1) {"exception":"[object] (Illuminate\\Database\\QueryException(code: 1045): SQLSTATE[HY000] [1045] Access denied for user 'forge'@'localhost' (using password: NO) (Connection: mysql, SQL: select * from `cms` limit 1) at /media/suraiya/New Volume/Lomeyo-Work/Practice-Projects(Internship)/ogani-ecommerce/vendor/laravel/framework/src/Illuminate/Database/Connection.php:795)
[stacktrace]
#0 /media/suraiya/New Volume/Lomeyo-Work/Practice-Projects(Internship)/ogani-ecommerce/vendor/laravel/framework/src/Illuminate/Database/Connection.php(755): Illuminate\\Database\\Connection->runQueryCallback()
#1 /media/suraiya/New Volume/Lomeyo-Work/Practice-Projects(Internship)/ogani-ecommerce/vendor/laravel/framework/src/Illuminate/Database/Connection.php(407): Illuminate\\Database\\Connection->run()
#2 /media/suraiya/New Volume/Lomeyo-Work/Practice-Projects(Internship)/ogani-ecommerce/vendor/laravel/framework/src/Illuminate/Database/Query/Builder.php(2735): Illuminate\\Database\\Connection->select()
#3 /media/suraiya/New Volume/Lomeyo-Work/Practice-Projects(Internship)/ogani-ecommerce/vendor/laravel/framework/src/Illuminate/Database/Query/Builder.php(2724): Illuminate\\Database\\Query\\Builder->runSelect()
#4 /media/suraiya/New Volume/Lomeyo-Work/Practice-Projects(Internship)/ogani-ecommerce/vendor/laravel/framework/src/Illuminate/Database/Query/Builder.php(3278): Illuminate\\Database\\Query\\Builder->Illuminate\\Database\\Query\\{closure}()
#5 /media/suraiya/New Volume/Lomeyo-Work/Practice-Projects(Internship)/ogani-ecommerce/vendor/laravel/framework/src/Illuminate/Database/Query/Builder.php(2723): Illuminate\\Database\\Query\\Builder->onceWithColumns()
#6 /media/suraiya/New Volume/Lomeyo-Work/Practice-Projects(Internship)/ogani-ecommerce/vendor/laravel/framework/src/Illuminate/Database/Eloquent/Builder.php(717): Illuminate\\Database\\Query\\Builder->get()
#7 /media/suraiya/New Volume/Lomeyo-Work/Practice-Projects(Internship)/ogani-ecommerce/vendor/laravel/framework/src/Illuminate/Database/Eloquent/Builder.php(701): Illuminate\\Database\\Eloquent\\Builder->getModels()
#8 /media/suraiya/New Volume/Lomeyo-Work/Practice-Projects(Internship)/ogani-ecommerce/vendor/laravel/framework/src/Illuminate/Database/Concerns/BuildsQueries.php(296): Illuminate\\Database\\Eloquent\\Builder->get()
#9 /media/suraiya/New Volume/Lomeyo-Work/Practice-Projects(Internship)/ogani-ecommerce/vendor/laravel/framework/src/Illuminate/Support/Traits/ForwardsCalls.php(23): Illuminate\\Database\\Eloquent\\Builder->first()
#10 /media/suraiya/New Volume/Lomeyo-Work/Practice-Projects(Internship)/ogani-ecommerce/vendor/laravel/framework/src/Illuminate/Database/Eloquent/Model.php(2335): Illuminate\\Database\\Eloquent\\Model->forwardCallTo()
#11 /media/suraiya/New Volume/Lomeyo-Work/Practice-Projects(Internship)/ogani-ecommerce/vendor/laravel/framework/src/Illuminate/Database/Eloquent/Model.php(2347): Illuminate\\Database\\Eloquent\\Model->__call()
#12 /media/suraiya/New Volume/Lomeyo-Work/Practice-Projects(Internship)/ogani-ecommerce/app/Providers/AppServiceProvider.php(61): Illuminate\\Database\\Eloquent\\Model::__callStatic()
#13 /media/suraiya/New Volume/Lomeyo-Work/Practice-Projects(Internship)/ogani-ecommerce/vendor/laravel/framework/src/Illuminate/View/Concerns/ManagesEvents.php(162): App\\Providers\\AppServiceProvider->App\\Providers\\{closure}()
#14 /media/suraiya/New Volume/Lomeyo-Work/Practice-Projects(Internship)/ogani-ecommerce/vendor/laravel/framework/src/Illuminate/Events/Dispatcher.php(418): Illuminate\\View\\Factory->Illuminate\\View\\Concerns\\{closure}()
#15 /media/suraiya/New Volume/Lomeyo-Work/Practice-Projects(Internship)/ogani-ecommerce/vendor/laravel/framework/src/Illuminate/Events/Dispatcher.php(249): Illuminate\\Events\\Dispatcher->Illuminate\\Events\\{closure}()
#16 /media/suraiya/New Volume/Lomeyo-Work/Practice-Projects(Internship)/ogani-ecommerce/vendor/laravel/framework/src/Illuminate/View/Concerns/ManagesEvents.php(177): Illuminate\\Events\\Dispatcher->dispatch()
#17 /media/suraiya/New Volume/Lomeyo-Work/Practice-Projects(Internship)/ogani-ecommerce/vendor/laravel/framework/src/Illuminate/View/View.php(176): Illuminate\\View\\Factory->callComposer()
#18 /media/suraiya/New Volume/Lomeyo-Work/Practice-Projects(Internship)/ogani-ecommerce/vendor/laravel/framework/src/Illuminate/View/View.php(147): Illuminate\\View\\View->renderContents()
#19 /media/suraiya/New Volume/Lomeyo-Work/Practice-Projects(Internship)/ogani-ecommerce/vendor/laravel/framework/src/Illuminate/Http/Response.php(69): Illuminate\\View\\View->render()
#20 /media/suraiya/New Volume/Lomeyo-Work/Practice-Projects(Internship)/ogani-ecommerce/vendor/laravel/framework/src/Illuminate/Http/Response.php(35): Illuminate\\Http\\Response->setContent()
#21 /media/suraiya/New Volume/Lomeyo-Work/Practice-Projects(Internship)/ogani-ecommerce/vendor/laravel/framework/src/Illuminate/Routing/ResponseFactory.php(57): Illuminate\\Http\\Response->__construct()
#22 /media/suraiya/New Volume/Lomeyo-Work/Practice-Projects(Internship)/ogani-ecommerce/vendor/laravel/framework/src/Illuminate/Routing/ResponseFactory.php(87): Illuminate\\Routing\\ResponseFactory->make()
#23 /media/suraiya/New Volume/Lomeyo-Work/Practice-Projects(Internship)/ogani-ecommerce/vendor/laravel/framework/src/Illuminate/Foundation/Exceptions/Handler.php(645): Illuminate\\Routing\\ResponseFactory->view()
#24 /media/suraiya/New Volume/Lomeyo-Work/Practice-Projects(Internship)/ogani-ecommerce/vendor/laravel/framework/src/Illuminate/Foundation/Exceptions/Handler.php(573): Illuminate\\Foundation\\Exceptions\\Handler->renderHttpException()
#25 /media/suraiya/New Volume/Lomeyo-Work/Practice-Projects(Internship)/ogani-ecommerce/vendor/laravel/framework/src/Illuminate/Foundation/Exceptions/Handler.php(479): Illuminate\\Foundation\\Exceptions\\Handler->prepareResponse()
#26 /media/suraiya/New Volume/Lomeyo-Work/Practice-Projects(Internship)/ogani-ecommerce/vendor/laravel/framework/src/Illuminate/Foundation/Exceptions/Handler.php(396): Illuminate\\Foundation\\Exceptions\\Handler->renderExceptionResponse()
#27 /media/suraiya/New Volume/Lomeyo-Work/Practice-Projects(Internship)/ogani-ecommerce/vendor/laravel/framework/src/Illuminate/Routing/Pipeline.php(51): Illuminate\\Foundation\\Exceptions\\Handler->render()
#28 /media/suraiya/New Volume/Lomeyo-Work/Practice-Projects(Internship)/ogani-ecommerce/vendor/laravel/framework/src/Illuminate/Pipeline/Pipeline.php(185): Illuminate\\Routing\\Pipeline->handleException()
#29 /media/suraiya/New Volume/Lomeyo-Work/Practice-Projects(Internship)/ogani-ecommerce/vendor/laravel/framework/src/Illuminate/Http/Middleware/TrustProxies.php(39): Illuminate\\Pipeline\\Pipeline->Illuminate\\Pipeline\\{closure}()
#30 /media/suraiya/New Volume/Lomeyo-Work/Practice-Projects(Internship)/ogani-ecommerce/vendor/laravel/framework/src/Illuminate/Pipeline/Pipeline.php(180): Illuminate\\Http\\Middleware\\TrustProxies->handle()
#31 /media/suraiya/New Volume/Lomeyo-Work/Practice-Projects(Internship)/ogani-ecommerce/vendor/laravel/framework/src/Illuminate/Pipeline/Pipeline.php(116): Illuminate\\Pipeline\\Pipeline->Illuminate\\Pipeline\\{closure}()
#32 /media/suraiya/New Volume/Lomeyo-Work/Practice-Projects(Internship)/ogani-ecommerce/vendor/laravel/framework/src/Illuminate/Foundation/Http/Kernel.php(175): Illuminate\\Pipeline\\Pipeline->then()
#33 /media/suraiya/New Volume/Lomeyo-Work/Practice-Projects(Internship)/ogani-ecommerce/vendor/laravel/framework/src/Illuminate/Foundation/Http/Kernel.php(144): Illuminate\\Foundation\\Http\\Kernel->sendRequestThroughRouter()
#34 /media/suraiya/New Volume/Lomeyo-Work/Practice-Projects(Internship)/ogani-ecommerce/public/index.php(51): Illuminate\\Foundation\\Http\\Kernel->handle()
#35 /media/suraiya/New Volume/Lomeyo-Work/Practice-Projects(Internship)/ogani-ecommerce/vendor/laravel/framework/src/Illuminate/Foundation/resources/server.php(16): require_once('...')
#36 {main}

[previous exception] [object] (PDOException(code: 1045): SQLSTATE[HY000] [1045] Access denied for user 'forge'@'localhost' (using password: NO) at /media/suraiya/New Volume/Lomeyo-Work/Practice-Projects(Internship)/ogani-ecommerce/vendor/laravel/framework/src/Illuminate/Database/Connectors/Connector.php:65)
[stacktrace]
#0 /media/suraiya/New Volume/Lomeyo-Work/Practice-Projects(Internship)/ogani-ecommerce/vendor/laravel/framework/src/Illuminate/Database/Connectors/Connector.php(65): PDO->__construct()
#1 /media/suraiya/New Volume/Lomeyo-Work/Practice-Projects(Internship)/ogani-ecommerce/vendor/laravel/framework/src/Illuminate/Database/Connectors/Connector.php(44): Illuminate\\Database\\Connectors\\Connector->createPdoConnection()
#2 /media/suraiya/New Volume/Lomeyo-Work/Practice-Projects(Internship)/ogani-ecommerce/vendor/laravel/framework/src/Illuminate/Database/Connectors/MySqlConnector.php(24): Illuminate\\Database\\Connectors\\Connector->createConnection()
#3 /media/suraiya/New Volume/Lomeyo-Work/Practice-Projects(Internship)/ogani-ecommerce/vendor/laravel/framework/src/Illuminate/Database/Connectors/ConnectionFactory.php(184): Illuminate\\Database\\Connectors\\MySqlConnector->connect()
#4 [internal function]: Illuminate\\Database\\Connectors\\ConnectionFactory->Illuminate\\Database\\Connectors\\{closure}()
#5 /media/suraiya/New Volume/Lomeyo-Work/Practice-Projects(Internship)/ogani-ecommerce/vendor/laravel/framework/src/Illuminate/Database/Connection.php(1275): call_user_func()
#6 /media/suraiya/New Volume/Lomeyo-Work/Practice-Projects(Internship)/ogani-ecommerce/vendor/laravel/framework/src/Illuminate/Database/Connection.php(1311): Illuminate\\Database\\Connection->getPdo()
#7 /media/suraiya/New Volume/Lomeyo-Work/Practice-Projects(Internship)/ogani-ecommerce/vendor/laravel/framework/src/Illuminate/Database/Connection.php(521): Illuminate\\Database\\Connection->getReadPdo()
#8 /media/suraiya/New Volume/Lomeyo-Work/Practice-Projects(Internship)/ogani-ecommerce/vendor/laravel/framework/src/Illuminate/Database/Connection.php(416): Illuminate\\Database\\Connection->getPdoForSelect()
#9 /media/suraiya/New Volume/Lomeyo-Work/Practice-Projects(Internship)/ogani-ecommerce/vendor/laravel/framework/src/Illuminate/Database/Connection.php(788): Illuminate\\Database\\Connection->Illuminate\\Database\\{closure}()
#10 /media/suraiya/New Volume/Lomeyo-Work/Practice-Projects(Internship)/ogani-ecommerce/vendor/laravel/framework/src/Illuminate/Database/Connection.php(755): Illuminate\\Database\\Connection->runQueryCallback()
#11 /media/suraiya/New Volume/Lomeyo-Work/Practice-Projects(Internship)/ogani-ecommerce/vendor/laravel/framework/src/Illuminate/Database/Connection.php(407): Illuminate\\Database\\Connection->run()
#12 /media/suraiya/New Volume/Lomeyo-Work/Practice-Projects(Internship)/ogani-ecommerce/vendor/laravel/framework/src/Illuminate/Database/Query/Builder.php(2735): Illuminate\\Database\\Connection->select()
#13 /media/suraiya/New Volume/Lomeyo-Work/Practice-Projects(Internship)/ogani-ecommerce/vendor/laravel/framework/src/Illuminate/Database/Query/Builder.php(2724): Illuminate\\Database\\Query\\Builder->runSelect()
#14 /media/suraiya/New Volume/Lomeyo-Work/Practice-Projects(Internship)/ogani-ecommerce/vendor/laravel/framework/src/Illuminate/Database/Query/Builder.php(3278): Illuminate\\Database\\Query\\Builder->Illuminate\\Database\\Query\\{closure}()
#15 /media/suraiya/New Volume/Lomeyo-Work/Practice-Projects(Internship)/ogani-ecommerce/vendor/laravel/framework/src/Illuminate/Database/Query/Builder.php(2723): Illuminate\\Database\\Query\\Builder->onceWithColumns()
#16 /media/suraiya/New Volume/Lomeyo-Work/Practice-Projects(Internship)/ogani-ecommerce/vendor/laravel/framework/src/Illuminate/Database/Eloquent/Builder.php(717): Illuminate\\Database\\Query\\Builder->get()
#17 /media/suraiya/New Volume/Lomeyo-Work/Practice-Projects(Internship)/ogani-ecommerce/vendor/laravel/framework/src/Illuminate/Database/Eloquent/Builder.php(701): Illuminate\\Database\\Eloquent\\Builder->getModels()
#18 /media/suraiya/New Volume/Lomeyo-Work/Practice-Projects(Internship)/ogani-ecommerce/vendor/laravel/framework/src/Illuminate/Database/Concerns/BuildsQueries.php(296): Illuminate\\Database\\Eloquent\\Builder->get()
#19 /media/suraiya/New Volume/Lomeyo-Work/Practice-Projects(Internship)/ogani-ecommerce/vendor/laravel/framework/src/Illuminate/Support/Traits/ForwardsCalls.php(23): Illuminate\\Database\\Eloquent\\Builder->first()
#20 /media/suraiya/New Volume/Lomeyo-Work/Practice-Projects(Internship)/ogani-ecommerce/vendor/laravel/framework/src/Illuminate/Database/Eloquent/Model.php(2335): Illuminate\\Database\\Eloquent\\Model->forwardCallTo()
#21 /media/suraiya/New Volume/Lomeyo-Work/Practice-Projects(Internship)/ogani-ecommerce/vendor/laravel/framework/src/Illuminate/Database/Eloquent/Model.php(2347): Illuminate\\Database\\Eloquent\\Model->__call()
#22 /media/suraiya/New Volume/Lomeyo-Work/Practice-Projects(Internship)/ogani-ecommerce/app/Providers/AppServiceProvider.php(61): Illuminate\\Database\\Eloquent\\Model::__callStatic()
#23 /media/suraiya/New Volume/Lomeyo-Work/Practice-Projects(Internship)/ogani-ecommerce/vendor/laravel/framework/src/Illuminate/View/Concerns/ManagesEvents.php(162): App\\Providers\\AppServiceProvider->App\\Providers\\{closure}()
#24 /media/suraiya/New Volume/Lomeyo-Work/Practice-Projects(Internship)/ogani-ecommerce/vendor/laravel/framework/src/Illuminate/Events/Dispatcher.php(418): Illuminate\\View\\Factory->Illuminate\\View\\Concerns\\{closure}()
#25 /media/suraiya/New Volume/Lomeyo-Work/Practice-Projects(Internship)/ogani-ecommerce/vendor/laravel/framework/src/Illuminate/Events/Dispatcher.php(249): Illuminate\\Events\\Dispatcher->Illuminate\\Events\\{closure}()
#26 /media/suraiya/New Volume/Lomeyo-Work/Practice-Projects(Internship)/ogani-ecommerce/vendor/laravel/framework/src/Illuminate/View/Concerns/ManagesEvents.php(177): Illuminate\\Events\\Dispatcher->dispatch()
#27 /media/suraiya/New Volume/Lomeyo-Work/Practice-Projects(Internship)/ogani-ecommerce/vendor/laravel/framework/src/Illuminate/View/View.php(176): Illuminate\\View\\Factory->callComposer()
#28 /media/suraiya/New Volume/Lomeyo-Work/Practice-Projects(Internship)/ogani-ecommerce/vendor/laravel/framework/src/Illuminate/View/View.php(147): Illuminate\\View\\View->renderContents()
#29 /media/suraiya/New Volume/Lomeyo-Work/Practice-Projects(Internship)/ogani-ecommerce/vendor/laravel/framework/src/Illuminate/Http/Response.php(69): Illuminate\\View\\View->render()
#30 /media/suraiya/New Volume/Lomeyo-Work/Practice-Projects(Internship)/ogani-ecommerce/vendor/laravel/framework/src/Illuminate/Http/Response.php(35): Illuminate\\Http\\Response->setContent()
#31 /media/suraiya/New Volume/Lomeyo-Work/Practice-Projects(Internship)/ogani-ecommerce/vendor/laravel/framework/src/Illuminate/Routing/ResponseFactory.php(57): Illuminate\\Http\\Response->__construct()
#32 /media/suraiya/New Volume/Lomeyo-Work/Practice-Projects(Internship)/ogani-ecommerce/vendor/laravel/framework/src/Illuminate/Routing/ResponseFactory.php(87): Illuminate\\Routing\\ResponseFactory->make()
#33 /media/suraiya/New Volume/Lomeyo-Work/Practice-Projects(Internship)/ogani-ecommerce/vendor/laravel/framework/src/Illuminate/Foundation/Exceptions/Handler.php(645): Illuminate\\Routing\\ResponseFactory->view()
#34 /media/suraiya/New Volume/Lomeyo-Work/Practice-Projects(Internship)/ogani-ecommerce/vendor/laravel/framework/src/Illuminate/Foundation/Exceptions/Handler.php(573): Illuminate\\Foundation\\Exceptions\\Handler->renderHttpException()
#35 /media/suraiya/New Volume/Lomeyo-Work/Practice-Projects(Internship)/ogani-ecommerce/vendor/laravel/framework/src/Illuminate/Foundation/Exceptions/Handler.php(479): Illuminate\\Foundation\\Exceptions\\Handler->prepareResponse()
#36 /media/suraiya/New Volume/Lomeyo-Work/Practice-Projects(Internship)/ogani-ecommerce/vendor/laravel/framework/src/Illuminate/Foundation/Exceptions/Handler.php(396): Illuminate\\Foundation\\Exceptions\\Handler->renderExceptionResponse()
#37 /media/suraiya/New Volume/Lomeyo-Work/Practice-Projects(Internship)/ogani-ecommerce/vendor/laravel/framework/src/Illuminate/Routing/Pipeline.php(51): Illuminate\\Foundation\\Exceptions\\Handler->render()
#38 /media/suraiya/New Volume/Lomeyo-Work/Practice-Projects(Internship)/ogani-ecommerce/vendor/laravel/framework/src/Illuminate/Pipeline/Pipeline.php(185): Illuminate\\Routing\\Pipeline->handleException()
#39 /media/suraiya/New Volume/Lomeyo-Work/Practice-Projects(Internship)/ogani-ecommerce/vendor/laravel/framework/src/Illuminate/Http/Middleware/TrustProxies.php(39): Illuminate\\Pipeline\\Pipeline->Illuminate\\Pipeline\\{closure}()
#40 /media/suraiya/New Volume/Lomeyo-Work/Practice-Projects(Internship)/ogani-ecommerce/vendor/laravel/framework/src/Illuminate/Pipeline/Pipeline.php(180): Illuminate\\Http\\Middleware\\TrustProxies->handle()
#41 /media/suraiya/New Volume/Lomeyo-Work/Practice-Projects(Internship)/ogani-ecommerce/vendor/laravel/framework/src/Illuminate/Pipeline/Pipeline.php(116): Illuminate\\Pipeline\\Pipeline->Illuminate\\Pipeline\\{closure}()
#42 /media/suraiya/New Volume/Lomeyo-Work/Practice-Projects(Internship)/ogani-ecommerce/vendor/laravel/framework/src/Illuminate/Foundation/Http/Kernel.php(175): Illuminate\\Pipeline\\Pipeline->then()
#43 /media/suraiya/New Volume/Lomeyo-Work/Practice-Projects(Internship)/ogani-ecommerce/vendor/laravel/framework/src/Illuminate/Foundation/Http/Kernel.php(144): Illuminate\\Foundation\\Http\\Kernel->sendRequestThroughRouter()
#44 /media/suraiya/New Volume/Lomeyo-Work/Practice-Projects(Internship)/ogani-ecommerce/public/index.php(51): Illuminate\\Foundation\\Http\\Kernel->handle()
#45 /media/suraiya/New Volume/Lomeyo-Work/Practice-Projects(Internship)/ogani-ecommerce/vendor/laravel/framework/src/Illuminate/Foundation/resources/server.php(16): require_once('...')
#46 {main}
"} 
[2024-08-20 05:59:42] production.ERROR: SQLSTATE[HY000] [1045] Access denied for user 'forge'@'localhost' (using password: NO) (Connection: mysql, SQL: select * from `cms` limit 1) {"exception":"[object] (Illuminate\\Database\\QueryException(code: 1045): SQLSTATE[HY000] [1045] Access denied for user 'forge'@'localhost' (using password: NO) (Connection: mysql, SQL: select * from `cms` limit 1) at /media/suraiya/New Volume/Lomeyo-Work/Practice-Projects(Internship)/ogani-ecommerce/vendor/laravel/framework/src/Illuminate/Database/Connection.php:795)
[stacktrace]
#0 /media/suraiya/New Volume/Lomeyo-Work/Practice-Projects(Internship)/ogani-ecommerce/vendor/laravel/framework/src/Illuminate/Database/Connection.php(755): Illuminate\\Database\\Connection->runQueryCallback()
#1 /media/suraiya/New Volume/Lomeyo-Work/Practice-Projects(Internship)/ogani-ecommerce/vendor/laravel/framework/src/Illuminate/Database/Connection.php(407): Illuminate\\Database\\Connection->run()
#2 /media/suraiya/New Volume/Lomeyo-Work/Practice-Projects(Internship)/ogani-ecommerce/vendor/laravel/framework/src/Illuminate/Database/Query/Builder.php(2735): Illuminate\\Database\\Connection->select()
#3 /media/suraiya/New Volume/Lomeyo-Work/Practice-Projects(Internship)/ogani-ecommerce/vendor/laravel/framework/src/Illuminate/Database/Query/Builder.php(2724): Illuminate\\Database\\Query\\Builder->runSelect()
#4 /media/suraiya/New Volume/Lomeyo-Work/Practice-Projects(Internship)/ogani-ecommerce/vendor/laravel/framework/src/Illuminate/Database/Query/Builder.php(3278): Illuminate\\Database\\Query\\Builder->Illuminate\\Database\\Query\\{closure}()
#5 /media/suraiya/New Volume/Lomeyo-Work/Practice-Projects(Internship)/ogani-ecommerce/vendor/laravel/framework/src/Illuminate/Database/Query/Builder.php(2723): Illuminate\\Database\\Query\\Builder->onceWithColumns()
#6 /media/suraiya/New Volume/Lomeyo-Work/Practice-Projects(Internship)/ogani-ecommerce/vendor/laravel/framework/src/Illuminate/Database/Eloquent/Builder.php(717): Illuminate\\Database\\Query\\Builder->get()
#7 /media/suraiya/New Volume/Lomeyo-Work/Practice-Projects(Internship)/ogani-ecommerce/vendor/laravel/framework/src/Illuminate/Database/Eloquent/Builder.php(701): Illuminate\\Database\\Eloquent\\Builder->getModels()
#8 /media/suraiya/New Volume/Lomeyo-Work/Practice-Projects(Internship)/ogani-ecommerce/vendor/laravel/framework/src/Illuminate/Database/Concerns/BuildsQueries.php(296): Illuminate\\Database\\Eloquent\\Builder->get()
#9 /media/suraiya/New Volume/Lomeyo-Work/Practice-Projects(Internship)/ogani-ecommerce/vendor/laravel/framework/src/Illuminate/Support/Traits/ForwardsCalls.php(23): Illuminate\\Database\\Eloquent\\Builder->first()
#10 /media/suraiya/New Volume/Lomeyo-Work/Practice-Projects(Internship)/ogani-ecommerce/vendor/laravel/framework/src/Illuminate/Database/Eloquent/Model.php(2335): Illuminate\\Database\\Eloquent\\Model->forwardCallTo()
#11 /media/suraiya/New Volume/Lomeyo-Work/Practice-Projects(Internship)/ogani-ecommerce/vendor/laravel/framework/src/Illuminate/Database/Eloquent/Model.php(2347): Illuminate\\Database\\Eloquent\\Model->__call()
#12 /media/suraiya/New Volume/Lomeyo-Work/Practice-Projects(Internship)/ogani-ecommerce/app/Providers/AppServiceProvider.php(61): Illuminate\\Database\\Eloquent\\Model::__callStatic()
#13 /media/suraiya/New Volume/Lomeyo-Work/Practice-Projects(Internship)/ogani-ecommerce/vendor/laravel/framework/src/Illuminate/View/Concerns/ManagesEvents.php(162): App\\Providers\\AppServiceProvider->App\\Providers\\{closure}()
#14 /media/suraiya/New Volume/Lomeyo-Work/Practice-Projects(Internship)/ogani-ecommerce/vendor/laravel/framework/src/Illuminate/Events/Dispatcher.php(418): Illuminate\\View\\Factory->Illuminate\\View\\Concerns\\{closure}()
#15 /media/suraiya/New Volume/Lomeyo-Work/Practice-Projects(Internship)/ogani-ecommerce/vendor/laravel/framework/src/Illuminate/Events/Dispatcher.php(249): Illuminate\\Events\\Dispatcher->Illuminate\\Events\\{closure}()
#16 /media/suraiya/New Volume/Lomeyo-Work/Practice-Projects(Internship)/ogani-ecommerce/vendor/laravel/framework/src/Illuminate/View/Concerns/ManagesEvents.php(177): Illuminate\\Events\\Dispatcher->dispatch()
#17 /media/suraiya/New Volume/Lomeyo-Work/Practice-Projects(Internship)/ogani-ecommerce/vendor/laravel/framework/src/Illuminate/View/View.php(176): Illuminate\\View\\Factory->callComposer()
#18 /media/suraiya/New Volume/Lomeyo-Work/Practice-Projects(Internship)/ogani-ecommerce/vendor/laravel/framework/src/Illuminate/View/View.php(147): Illuminate\\View\\View->renderContents()
#19 /media/suraiya/New Volume/Lomeyo-Work/Practice-Projects(Internship)/ogani-ecommerce/vendor/laravel/framework/src/Illuminate/Http/Response.php(69): Illuminate\\View\\View->render()
#20 /media/suraiya/New Volume/Lomeyo-Work/Practice-Projects(Internship)/ogani-ecommerce/vendor/laravel/framework/src/Illuminate/Http/Response.php(35): Illuminate\\Http\\Response->setContent()
#21 /media/suraiya/New Volume/Lomeyo-Work/Practice-Projects(Internship)/ogani-ecommerce/vendor/laravel/framework/src/Illuminate/Routing/ResponseFactory.php(57): Illuminate\\Http\\Response->__construct()
#22 /media/suraiya/New Volume/Lomeyo-Work/Practice-Projects(Internship)/ogani-ecommerce/vendor/laravel/framework/src/Illuminate/Routing/ResponseFactory.php(87): Illuminate\\Routing\\ResponseFactory->make()
#23 /media/suraiya/New Volume/Lomeyo-Work/Practice-Projects(Internship)/ogani-ecommerce/vendor/laravel/framework/src/Illuminate/Foundation/Exceptions/Handler.php(645): Illuminate\\Routing\\ResponseFactory->view()
#24 /media/suraiya/New Volume/Lomeyo-Work/Practice-Projects(Internship)/ogani-ecommerce/vendor/laravel/framework/src/Illuminate/Foundation/Exceptions/Handler.php(573): Illuminate\\Foundation\\Exceptions\\Handler->renderHttpException()
#25 /media/suraiya/New Volume/Lomeyo-Work/Practice-Projects(Internship)/ogani-ecommerce/vendor/laravel/framework/src/Illuminate/Foundation/Exceptions/Handler.php(479): Illuminate\\Foundation\\Exceptions\\Handler->prepareResponse()
#26 /media/suraiya/New Volume/Lomeyo-Work/Practice-Projects(Internship)/ogani-ecommerce/vendor/laravel/framework/src/Illuminate/Foundation/Exceptions/Handler.php(396): Illuminate\\Foundation\\Exceptions\\Handler->renderExceptionResponse()
#27 /media/suraiya/New Volume/Lomeyo-Work/Practice-Projects(Internship)/ogani-ecommerce/vendor/laravel/framework/src/Illuminate/Routing/Pipeline.php(51): Illuminate\\Foundation\\Exceptions\\Handler->render()
#28 /media/suraiya/New Volume/Lomeyo-Work/Practice-Projects(Internship)/ogani-ecommerce/vendor/laravel/framework/src/Illuminate/Pipeline/Pipeline.php(185): Illuminate\\Routing\\Pipeline->handleException()
#29 /media/suraiya/New Volume/Lomeyo-Work/Practice-Projects(Internship)/ogani-ecommerce/vendor/laravel/framework/src/Illuminate/Pipeline/Pipeline.php(116): Illuminate\\Pipeline\\Pipeline->Illuminate\\Pipeline\\{closure}()
#30 /media/suraiya/New Volume/Lomeyo-Work/Practice-Projects(Internship)/ogani-ecommerce/vendor/laravel/framework/src/Illuminate/Foundation/Http/Kernel.php(175): Illuminate\\Pipeline\\Pipeline->then()
#31 /media/suraiya/New Volume/Lomeyo-Work/Practice-Projects(Internship)/ogani-ecommerce/vendor/laravel/framework/src/Illuminate/Foundation/Http/Kernel.php(144): Illuminate\\Foundation\\Http\\Kernel->sendRequestThroughRouter()
#32 /media/suraiya/New Volume/Lomeyo-Work/Practice-Projects(Internship)/ogani-ecommerce/public/index.php(51): Illuminate\\Foundation\\Http\\Kernel->handle()
#33 /media/suraiya/New Volume/Lomeyo-Work/Practice-Projects(Internship)/ogani-ecommerce/vendor/laravel/framework/src/Illuminate/Foundation/resources/server.php(16): require_once('...')
#34 {main}

[previous exception] [object] (PDOException(code: 1045): SQLSTATE[HY000] [1045] Access denied for user 'forge'@'localhost' (using password: NO) at /media/suraiya/New Volume/Lomeyo-Work/Practice-Projects(Internship)/ogani-ecommerce/vendor/laravel/framework/src/Illuminate/Database/Connectors/Connector.php:65)
[stacktrace]
#0 /media/suraiya/New Volume/Lomeyo-Work/Practice-Projects(Internship)/ogani-ecommerce/vendor/laravel/framework/src/Illuminate/Database/Connectors/Connector.php(65): PDO->__construct()
#1 /media/suraiya/New Volume/Lomeyo-Work/Practice-Projects(Internship)/ogani-ecommerce/vendor/laravel/framework/src/Illuminate/Database/Connectors/Connector.php(44): Illuminate\\Database\\Connectors\\Connector->createPdoConnection()
#2 /media/suraiya/New Volume/Lomeyo-Work/Practice-Projects(Internship)/ogani-ecommerce/vendor/laravel/framework/src/Illuminate/Database/Connectors/MySqlConnector.php(24): Illuminate\\Database\\Connectors\\Connector->createConnection()
#3 /media/suraiya/New Volume/Lomeyo-Work/Practice-Projects(Internship)/ogani-ecommerce/vendor/laravel/framework/src/Illuminate/Database/Connectors/ConnectionFactory.php(184): Illuminate\\Database\\Connectors\\MySqlConnector->connect()
#4 [internal function]: Illuminate\\Database\\Connectors\\ConnectionFactory->Illuminate\\Database\\Connectors\\{closure}()
#5 /media/suraiya/New Volume/Lomeyo-Work/Practice-Projects(Internship)/ogani-ecommerce/vendor/laravel/framework/src/Illuminate/Database/Connection.php(1275): call_user_func()
#6 /media/suraiya/New Volume/Lomeyo-Work/Practice-Projects(Internship)/ogani-ecommerce/vendor/laravel/framework/src/Illuminate/Database/Connection.php(1311): Illuminate\\Database\\Connection->getPdo()
#7 /media/suraiya/New Volume/Lomeyo-Work/Practice-Projects(Internship)/ogani-ecommerce/vendor/laravel/framework/src/Illuminate/Database/Connection.php(521): Illuminate\\Database\\Connection->getReadPdo()
#8 /media/suraiya/New Volume/Lomeyo-Work/Practice-Projects(Internship)/ogani-ecommerce/vendor/laravel/framework/src/Illuminate/Database/Connection.php(416): Illuminate\\Database\\Connection->getPdoForSelect()
#9 /media/suraiya/New Volume/Lomeyo-Work/Practice-Projects(Internship)/ogani-ecommerce/vendor/laravel/framework/src/Illuminate/Database/Connection.php(788): Illuminate\\Database\\Connection->Illuminate\\Database\\{closure}()
#10 /media/suraiya/New Volume/Lomeyo-Work/Practice-Projects(Internship)/ogani-ecommerce/vendor/laravel/framework/src/Illuminate/Database/Connection.php(755): Illuminate\\Database\\Connection->runQueryCallback()
#11 /media/suraiya/New Volume/Lomeyo-Work/Practice-Projects(Internship)/ogani-ecommerce/vendor/laravel/framework/src/Illuminate/Database/Connection.php(407): Illuminate\\Database\\Connection->run()
#12 /media/suraiya/New Volume/Lomeyo-Work/Practice-Projects(Internship)/ogani-ecommerce/vendor/laravel/framework/src/Illuminate/Database/Query/Builder.php(2735): Illuminate\\Database\\Connection->select()
#13 /media/suraiya/New Volume/Lomeyo-Work/Practice-Projects(Internship)/ogani-ecommerce/vendor/laravel/framework/src/Illuminate/Database/Query/Builder.php(2724): Illuminate\\Database\\Query\\Builder->runSelect()
#14 /media/suraiya/New Volume/Lomeyo-Work/Practice-Projects(Internship)/ogani-ecommerce/vendor/laravel/framework/src/Illuminate/Database/Query/Builder.php(3278): Illuminate\\Database\\Query\\Builder->Illuminate\\Database\\Query\\{closure}()
#15 /media/suraiya/New Volume/Lomeyo-Work/Practice-Projects(Internship)/ogani-ecommerce/vendor/laravel/framework/src/Illuminate/Database/Query/Builder.php(2723): Illuminate\\Database\\Query\\Builder->onceWithColumns()
#16 /media/suraiya/New Volume/Lomeyo-Work/Practice-Projects(Internship)/ogani-ecommerce/vendor/laravel/framework/src/Illuminate/Database/Eloquent/Builder.php(717): Illuminate\\Database\\Query\\Builder->get()
#17 /media/suraiya/New Volume/Lomeyo-Work/Practice-Projects(Internship)/ogani-ecommerce/vendor/laravel/framework/src/Illuminate/Database/Eloquent/Builder.php(701): Illuminate\\Database\\Eloquent\\Builder->getModels()
#18 /media/suraiya/New Volume/Lomeyo-Work/Practice-Projects(Internship)/ogani-ecommerce/vendor/laravel/framework/src/Illuminate/Database/Concerns/BuildsQueries.php(296): Illuminate\\Database\\Eloquent\\Builder->get()
#19 /media/suraiya/New Volume/Lomeyo-Work/Practice-Projects(Internship)/ogani-ecommerce/vendor/laravel/framework/src/Illuminate/Support/Traits/ForwardsCalls.php(23): Illuminate\\Database\\Eloquent\\Builder->first()
#20 /media/suraiya/New Volume/Lomeyo-Work/Practice-Projects(Internship)/ogani-ecommerce/vendor/laravel/framework/src/Illuminate/Database/Eloquent/Model.php(2335): Illuminate\\Database\\Eloquent\\Model->forwardCallTo()
#21 /media/suraiya/New Volume/Lomeyo-Work/Practice-Projects(Internship)/ogani-ecommerce/vendor/laravel/framework/src/Illuminate/Database/Eloquent/Model.php(2347): Illuminate\\Database\\Eloquent\\Model->__call()
#22 /media/suraiya/New Volume/Lomeyo-Work/Practice-Projects(Internship)/ogani-ecommerce/app/Providers/AppServiceProvider.php(61): Illuminate\\Database\\Eloquent\\Model::__callStatic()
#23 /media/suraiya/New Volume/Lomeyo-Work/Practice-Projects(Internship)/ogani-ecommerce/vendor/laravel/framework/src/Illuminate/View/Concerns/ManagesEvents.php(162): App\\Providers\\AppServiceProvider->App\\Providers\\{closure}()
#24 /media/suraiya/New Volume/Lomeyo-Work/Practice-Projects(Internship)/ogani-ecommerce/vendor/laravel/framework/src/Illuminate/Events/Dispatcher.php(418): Illuminate\\View\\Factory->Illuminate\\View\\Concerns\\{closure}()
#25 /media/suraiya/New Volume/Lomeyo-Work/Practice-Projects(Internship)/ogani-ecommerce/vendor/laravel/framework/src/Illuminate/Events/Dispatcher.php(249): Illuminate\\Events\\Dispatcher->Illuminate\\Events\\{closure}()
#26 /media/suraiya/New Volume/Lomeyo-Work/Practice-Projects(Internship)/ogani-ecommerce/vendor/laravel/framework/src/Illuminate/View/Concerns/ManagesEvents.php(177): Illuminate\\Events\\Dispatcher->dispatch()
#27 /media/suraiya/New Volume/Lomeyo-Work/Practice-Projects(Internship)/ogani-ecommerce/vendor/laravel/framework/src/Illuminate/View/View.php(176): Illuminate\\View\\Factory->callComposer()
#28 /media/suraiya/New Volume/Lomeyo-Work/Practice-Projects(Internship)/ogani-ecommerce/vendor/laravel/framework/src/Illuminate/View/View.php(147): Illuminate\\View\\View->renderContents()
#29 /media/suraiya/New Volume/Lomeyo-Work/Practice-Projects(Internship)/ogani-ecommerce/vendor/laravel/framework/src/Illuminate/Http/Response.php(69): Illuminate\\View\\View->render()
#30 /media/suraiya/New Volume/Lomeyo-Work/Practice-Projects(Internship)/ogani-ecommerce/vendor/laravel/framework/src/Illuminate/Http/Response.php(35): Illuminate\\Http\\Response->setContent()
#31 /media/suraiya/New Volume/Lomeyo-Work/Practice-Projects(Internship)/ogani-ecommerce/vendor/laravel/framework/src/Illuminate/Routing/ResponseFactory.php(57): Illuminate\\Http\\Response->__construct()
#32 /media/suraiya/New Volume/Lomeyo-Work/Practice-Projects(Internship)/ogani-ecommerce/vendor/laravel/framework/src/Illuminate/Routing/ResponseFactory.php(87): Illuminate\\Routing\\ResponseFactory->make()
#33 /media/suraiya/New Volume/Lomeyo-Work/Practice-Projects(Internship)/ogani-ecommerce/vendor/laravel/framework/src/Illuminate/Foundation/Exceptions/Handler.php(645): Illuminate\\Routing\\ResponseFactory->view()
#34 /media/suraiya/New Volume/Lomeyo-Work/Practice-Projects(Internship)/ogani-ecommerce/vendor/laravel/framework/src/Illuminate/Foundation/Exceptions/Handler.php(573): Illuminate\\Foundation\\Exceptions\\Handler->renderHttpException()
#35 /media/suraiya/New Volume/Lomeyo-Work/Practice-Projects(Internship)/ogani-ecommerce/vendor/laravel/framework/src/Illuminate/Foundation/Exceptions/Handler.php(479): Illuminate\\Foundation\\Exceptions\\Handler->prepareResponse()
#36 /media/suraiya/New Volume/Lomeyo-Work/Practice-Projects(Internship)/ogani-ecommerce/vendor/laravel/framework/src/Illuminate/Foundation/Exceptions/Handler.php(396): Illuminate\\Foundation\\Exceptions\\Handler->renderExceptionResponse()
#37 /media/suraiya/New Volume/Lomeyo-Work/Practice-Projects(Internship)/ogani-ecommerce/vendor/laravel/framework/src/Illuminate/Routing/Pipeline.php(51): Illuminate\\Foundation\\Exceptions\\Handler->render()
#38 /media/suraiya/New Volume/Lomeyo-Work/Practice-Projects(Internship)/ogani-ecommerce/vendor/laravel/framework/src/Illuminate/Pipeline/Pipeline.php(185): Illuminate\\Routing\\Pipeline->handleException()
#39 /media/suraiya/New Volume/Lomeyo-Work/Practice-Projects(Internship)/ogani-ecommerce/vendor/laravel/framework/src/Illuminate/Pipeline/Pipeline.php(116): Illuminate\\Pipeline\\Pipeline->Illuminate\\Pipeline\\{closure}()
#40 /media/suraiya/New Volume/Lomeyo-Work/Practice-Projects(Internship)/ogani-ecommerce/vendor/laravel/framework/src/Illuminate/Foundation/Http/Kernel.php(175): Illuminate\\Pipeline\\Pipeline->then()
#41 /media/suraiya/New Volume/Lomeyo-Work/Practice-Projects(Internship)/ogani-ecommerce/vendor/laravel/framework/src/Illuminate/Foundation/Http/Kernel.php(144): Illuminate\\Foundation\\Http\\Kernel->sendRequestThroughRouter()
#42 /media/suraiya/New Volume/Lomeyo-Work/Practice-Projects(Internship)/ogani-ecommerce/public/index.php(51): Illuminate\\Foundation\\Http\\Kernel->handle()
#43 /media/suraiya/New Volume/Lomeyo-Work/Practice-Projects(Internship)/ogani-ecommerce/vendor/laravel/framework/src/Illuminate/Foundation/resources/server.php(16): require_once('...')
#44 {main}
"} 
[2024-08-20 05:59:42] production.ERROR: SQLSTATE[HY000] [1045] Access denied for user 'forge'@'localhost' (using password: NO) (Connection: mysql, SQL: select * from `cms` limit 1) {"exception":"[object] (Illuminate\\Database\\QueryException(code: 1045): SQLSTATE[HY000] [1045] Access denied for user 'forge'@'localhost' (using password: NO) (Connection: mysql, SQL: select * from `cms` limit 1) at /media/suraiya/New Volume/Lomeyo-Work/Practice-Projects(Internship)/ogani-ecommerce/vendor/laravel/framework/src/Illuminate/Database/Connection.php:795)
[stacktrace]
#0 /media/suraiya/New Volume/Lomeyo-Work/Practice-Projects(Internship)/ogani-ecommerce/vendor/laravel/framework/src/Illuminate/Database/Connection.php(755): Illuminate\\Database\\Connection->runQueryCallback()
#1 /media/suraiya/New Volume/Lomeyo-Work/Practice-Projects(Internship)/ogani-ecommerce/vendor/laravel/framework/src/Illuminate/Database/Connection.php(407): Illuminate\\Database\\Connection->run()
#2 /media/suraiya/New Volume/Lomeyo-Work/Practice-Projects(Internship)/ogani-ecommerce/vendor/laravel/framework/src/Illuminate/Database/Query/Builder.php(2735): Illuminate\\Database\\Connection->select()
#3 /media/suraiya/New Volume/Lomeyo-Work/Practice-Projects(Internship)/ogani-ecommerce/vendor/laravel/framework/src/Illuminate/Database/Query/Builder.php(2724): Illuminate\\Database\\Query\\Builder->runSelect()
#4 /media/suraiya/New Volume/Lomeyo-Work/Practice-Projects(Internship)/ogani-ecommerce/vendor/laravel/framework/src/Illuminate/Database/Query/Builder.php(3278): Illuminate\\Database\\Query\\Builder->Illuminate\\Database\\Query\\{closure}()
#5 /media/suraiya/New Volume/Lomeyo-Work/Practice-Projects(Internship)/ogani-ecommerce/vendor/laravel/framework/src/Illuminate/Database/Query/Builder.php(2723): Illuminate\\Database\\Query\\Builder->onceWithColumns()
#6 /media/suraiya/New Volume/Lomeyo-Work/Practice-Projects(Internship)/ogani-ecommerce/vendor/laravel/framework/src/Illuminate/Database/Eloquent/Builder.php(717): Illuminate\\Database\\Query\\Builder->get()
#7 /media/suraiya/New Volume/Lomeyo-Work/Practice-Projects(Internship)/ogani-ecommerce/vendor/laravel/framework/src/Illuminate/Database/Eloquent/Builder.php(701): Illuminate\\Database\\Eloquent\\Builder->getModels()
#8 /media/suraiya/New Volume/Lomeyo-Work/Practice-Projects(Internship)/ogani-ecommerce/vendor/laravel/framework/src/Illuminate/Database/Concerns/BuildsQueries.php(296): Illuminate\\Database\\Eloquent\\Builder->get()
#9 /media/suraiya/New Volume/Lomeyo-Work/Practice-Projects(Internship)/ogani-ecommerce/vendor/laravel/framework/src/Illuminate/Support/Traits/ForwardsCalls.php(23): Illuminate\\Database\\Eloquent\\Builder->first()
#10 /media/suraiya/New Volume/Lomeyo-Work/Practice-Projects(Internship)/ogani-ecommerce/vendor/laravel/framework/src/Illuminate/Database/Eloquent/Model.php(2335): Illuminate\\Database\\Eloquent\\Model->forwardCallTo()
#11 /media/suraiya/New Volume/Lomeyo-Work/Practice-Projects(Internship)/ogani-ecommerce/vendor/laravel/framework/src/Illuminate/Database/Eloquent/Model.php(2347): Illuminate\\Database\\Eloquent\\Model->__call()
#12 /media/suraiya/New Volume/Lomeyo-Work/Practice-Projects(Internship)/ogani-ecommerce/app/Providers/AppServiceProvider.php(61): Illuminate\\Database\\Eloquent\\Model::__callStatic()
#13 /media/suraiya/New Volume/Lomeyo-Work/Practice-Projects(Internship)/ogani-ecommerce/vendor/laravel/framework/src/Illuminate/View/Concerns/ManagesEvents.php(162): App\\Providers\\AppServiceProvider->App\\Providers\\{closure}()
#14 /media/suraiya/New Volume/Lomeyo-Work/Practice-Projects(Internship)/ogani-ecommerce/vendor/laravel/framework/src/Illuminate/Events/Dispatcher.php(418): Illuminate\\View\\Factory->Illuminate\\View\\Concerns\\{closure}()
#15 /media/suraiya/New Volume/Lomeyo-Work/Practice-Projects(Internship)/ogani-ecommerce/vendor/laravel/framework/src/Illuminate/Events/Dispatcher.php(249): Illuminate\\Events\\Dispatcher->Illuminate\\Events\\{closure}()
#16 /media/suraiya/New Volume/Lomeyo-Work/Practice-Projects(Internship)/ogani-ecommerce/vendor/laravel/framework/src/Illuminate/View/Concerns/ManagesEvents.php(177): Illuminate\\Events\\Dispatcher->dispatch()
#17 /media/suraiya/New Volume/Lomeyo-Work/Practice-Projects(Internship)/ogani-ecommerce/vendor/laravel/framework/src/Illuminate/View/View.php(176): Illuminate\\View\\Factory->callComposer()
#18 /media/suraiya/New Volume/Lomeyo-Work/Practice-Projects(Internship)/ogani-ecommerce/vendor/laravel/framework/src/Illuminate/View/View.php(147): Illuminate\\View\\View->renderContents()
#19 /media/suraiya/New Volume/Lomeyo-Work/Practice-Projects(Internship)/ogani-ecommerce/vendor/laravel/framework/src/Illuminate/Http/Response.php(69): Illuminate\\View\\View->render()
#20 /media/suraiya/New Volume/Lomeyo-Work/Practice-Projects(Internship)/ogani-ecommerce/vendor/laravel/framework/src/Illuminate/Http/Response.php(35): Illuminate\\Http\\Response->setContent()
#21 /media/suraiya/New Volume/Lomeyo-Work/Practice-Projects(Internship)/ogani-ecommerce/vendor/laravel/framework/src/Illuminate/Routing/ResponseFactory.php(57): Illuminate\\Http\\Response->__construct()
#22 /media/suraiya/New Volume/Lomeyo-Work/Practice-Projects(Internship)/ogani-ecommerce/vendor/laravel/framework/src/Illuminate/Routing/ResponseFactory.php(87): Illuminate\\Routing\\ResponseFactory->make()
#23 /media/suraiya/New Volume/Lomeyo-Work/Practice-Projects(Internship)/ogani-ecommerce/vendor/laravel/framework/src/Illuminate/Foundation/Exceptions/Handler.php(645): Illuminate\\Routing\\ResponseFactory->view()
#24 /media/suraiya/New Volume/Lomeyo-Work/Practice-Projects(Internship)/ogani-ecommerce/vendor/laravel/framework/src/Illuminate/Foundation/Exceptions/Handler.php(573): Illuminate\\Foundation\\Exceptions\\Handler->renderHttpException()
#25 /media/suraiya/New Volume/Lomeyo-Work/Practice-Projects(Internship)/ogani-ecommerce/vendor/laravel/framework/src/Illuminate/Foundation/Exceptions/Handler.php(479): Illuminate\\Foundation\\Exceptions\\Handler->prepareResponse()
#26 /media/suraiya/New Volume/Lomeyo-Work/Practice-Projects(Internship)/ogani-ecommerce/vendor/laravel/framework/src/Illuminate/Foundation/Exceptions/Handler.php(396): Illuminate\\Foundation\\Exceptions\\Handler->renderExceptionResponse()
#27 /media/suraiya/New Volume/Lomeyo-Work/Practice-Projects(Internship)/ogani-ecommerce/vendor/laravel/framework/src/Illuminate/Foundation/Http/Kernel.php(503): Illuminate\\Foundation\\Exceptions\\Handler->render()
#28 /media/suraiya/New Volume/Lomeyo-Work/Practice-Projects(Internship)/ogani-ecommerce/vendor/laravel/framework/src/Illuminate/Foundation/Http/Kernel.php(148): Illuminate\\Foundation\\Http\\Kernel->renderException()
#29 /media/suraiya/New Volume/Lomeyo-Work/Practice-Projects(Internship)/ogani-ecommerce/public/index.php(51): Illuminate\\Foundation\\Http\\Kernel->handle()
#30 /media/suraiya/New Volume/Lomeyo-Work/Practice-Projects(Internship)/ogani-ecommerce/vendor/laravel/framework/src/Illuminate/Foundation/resources/server.php(16): require_once('...')
#31 {main}

[previous exception] [object] (PDOException(code: 1045): SQLSTATE[HY000] [1045] Access denied for user 'forge'@'localhost' (using password: NO) at /media/suraiya/New Volume/Lomeyo-Work/Practice-Projects(Internship)/ogani-ecommerce/vendor/laravel/framework/src/Illuminate/Database/Connectors/Connector.php:65)
[stacktrace]
#0 /media/suraiya/New Volume/Lomeyo-Work/Practice-Projects(Internship)/ogani-ecommerce/vendor/laravel/framework/src/Illuminate/Database/Connectors/Connector.php(65): PDO->__construct()
#1 /media/suraiya/New Volume/Lomeyo-Work/Practice-Projects(Internship)/ogani-ecommerce/vendor/laravel/framework/src/Illuminate/Database/Connectors/Connector.php(44): Illuminate\\Database\\Connectors\\Connector->createPdoConnection()
#2 /media/suraiya/New Volume/Lomeyo-Work/Practice-Projects(Internship)/ogani-ecommerce/vendor/laravel/framework/src/Illuminate/Database/Connectors/MySqlConnector.php(24): Illuminate\\Database\\Connectors\\Connector->createConnection()
#3 /media/suraiya/New Volume/Lomeyo-Work/Practice-Projects(Internship)/ogani-ecommerce/vendor/laravel/framework/src/Illuminate/Database/Connectors/ConnectionFactory.php(184): Illuminate\\Database\\Connectors\\MySqlConnector->connect()
#4 [internal function]: Illuminate\\Database\\Connectors\\ConnectionFactory->Illuminate\\Database\\Connectors\\{closure}()
#5 /media/suraiya/New Volume/Lomeyo-Work/Practice-Projects(Internship)/ogani-ecommerce/vendor/laravel/framework/src/Illuminate/Database/Connection.php(1275): call_user_func()
#6 /media/suraiya/New Volume/Lomeyo-Work/Practice-Projects(Internship)/ogani-ecommerce/vendor/laravel/framework/src/Illuminate/Database/Connection.php(1311): Illuminate\\Database\\Connection->getPdo()
#7 /media/suraiya/New Volume/Lomeyo-Work/Practice-Projects(Internship)/ogani-ecommerce/vendor/laravel/framework/src/Illuminate/Database/Connection.php(521): Illuminate\\Database\\Connection->getReadPdo()
#8 /media/suraiya/New Volume/Lomeyo-Work/Practice-Projects(Internship)/ogani-ecommerce/vendor/laravel/framework/src/Illuminate/Database/Connection.php(416): Illuminate\\Database\\Connection->getPdoForSelect()
#9 /media/suraiya/New Volume/Lomeyo-Work/Practice-Projects(Internship)/ogani-ecommerce/vendor/laravel/framework/src/Illuminate/Database/Connection.php(788): Illuminate\\Database\\Connection->Illuminate\\Database\\{closure}()
#10 /media/suraiya/New Volume/Lomeyo-Work/Practice-Projects(Internship)/ogani-ecommerce/vendor/laravel/framework/src/Illuminate/Database/Connection.php(755): Illuminate\\Database\\Connection->runQueryCallback()
#11 /media/suraiya/New Volume/Lomeyo-Work/Practice-Projects(Internship)/ogani-ecommerce/vendor/laravel/framework/src/Illuminate/Database/Connection.php(407): Illuminate\\Database\\Connection->run()
#12 /media/suraiya/New Volume/Lomeyo-Work/Practice-Projects(Internship)/ogani-ecommerce/vendor/laravel/framework/src/Illuminate/Database/Query/Builder.php(2735): Illuminate\\Database\\Connection->select()
#13 /media/suraiya/New Volume/Lomeyo-Work/Practice-Projects(Internship)/ogani-ecommerce/vendor/laravel/framework/src/Illuminate/Database/Query/Builder.php(2724): Illuminate\\Database\\Query\\Builder->runSelect()
#14 /media/suraiya/New Volume/Lomeyo-Work/Practice-Projects(Internship)/ogani-ecommerce/vendor/laravel/framework/src/Illuminate/Database/Query/Builder.php(3278): Illuminate\\Database\\Query\\Builder->Illuminate\\Database\\Query\\{closure}()
#15 /media/suraiya/New Volume/Lomeyo-Work/Practice-Projects(Internship)/ogani-ecommerce/vendor/laravel/framework/src/Illuminate/Database/Query/Builder.php(2723): Illuminate\\Database\\Query\\Builder->onceWithColumns()
#16 /media/suraiya/New Volume/Lomeyo-Work/Practice-Projects(Internship)/ogani-ecommerce/vendor/laravel/framework/src/Illuminate/Database/Eloquent/Builder.php(717): Illuminate\\Database\\Query\\Builder->get()
#17 /media/suraiya/New Volume/Lomeyo-Work/Practice-Projects(Internship)/ogani-ecommerce/vendor/laravel/framework/src/Illuminate/Database/Eloquent/Builder.php(701): Illuminate\\Database\\Eloquent\\Builder->getModels()
#18 /media/suraiya/New Volume/Lomeyo-Work/Practice-Projects(Internship)/ogani-ecommerce/vendor/laravel/framework/src/Illuminate/Database/Concerns/BuildsQueries.php(296): Illuminate\\Database\\Eloquent\\Builder->get()
#19 /media/suraiya/New Volume/Lomeyo-Work/Practice-Projects(Internship)/ogani-ecommerce/vendor/laravel/framework/src/Illuminate/Support/Traits/ForwardsCalls.php(23): Illuminate\\Database\\Eloquent\\Builder->first()
#20 /media/suraiya/New Volume/Lomeyo-Work/Practice-Projects(Internship)/ogani-ecommerce/vendor/laravel/framework/src/Illuminate/Database/Eloquent/Model.php(2335): Illuminate\\Database\\Eloquent\\Model->forwardCallTo()
#21 /media/suraiya/New Volume/Lomeyo-Work/Practice-Projects(Internship)/ogani-ecommerce/vendor/laravel/framework/src/Illuminate/Database/Eloquent/Model.php(2347): Illuminate\\Database\\Eloquent\\Model->__call()
#22 /media/suraiya/New Volume/Lomeyo-Work/Practice-Projects(Internship)/ogani-ecommerce/app/Providers/AppServiceProvider.php(61): Illuminate\\Database\\Eloquent\\Model::__callStatic()
#23 /media/suraiya/New Volume/Lomeyo-Work/Practice-Projects(Internship)/ogani-ecommerce/vendor/laravel/framework/src/Illuminate/View/Concerns/ManagesEvents.php(162): App\\Providers\\AppServiceProvider->App\\Providers\\{closure}()
#24 /media/suraiya/New Volume/Lomeyo-Work/Practice-Projects(Internship)/ogani-ecommerce/vendor/laravel/framework/src/Illuminate/Events/Dispatcher.php(418): Illuminate\\View\\Factory->Illuminate\\View\\Concerns\\{closure}()
#25 /media/suraiya/New Volume/Lomeyo-Work/Practice-Projects(Internship)/ogani-ecommerce/vendor/laravel/framework/src/Illuminate/Events/Dispatcher.php(249): Illuminate\\Events\\Dispatcher->Illuminate\\Events\\{closure}()
#26 /media/suraiya/New Volume/Lomeyo-Work/Practice-Projects(Internship)/ogani-ecommerce/vendor/laravel/framework/src/Illuminate/View/Concerns/ManagesEvents.php(177): Illuminate\\Events\\Dispatcher->dispatch()
#27 /media/suraiya/New Volume/Lomeyo-Work/Practice-Projects(Internship)/ogani-ecommerce/vendor/laravel/framework/src/Illuminate/View/View.php(176): Illuminate\\View\\Factory->callComposer()
#28 /media/suraiya/New Volume/Lomeyo-Work/Practice-Projects(Internship)/ogani-ecommerce/vendor/laravel/framework/src/Illuminate/View/View.php(147): Illuminate\\View\\View->renderContents()
#29 /media/suraiya/New Volume/Lomeyo-Work/Practice-Projects(Internship)/ogani-ecommerce/vendor/laravel/framework/src/Illuminate/Http/Response.php(69): Illuminate\\View\\View->render()
#30 /media/suraiya/New Volume/Lomeyo-Work/Practice-Projects(Internship)/ogani-ecommerce/vendor/laravel/framework/src/Illuminate/Http/Response.php(35): Illuminate\\Http\\Response->setContent()
#31 /media/suraiya/New Volume/Lomeyo-Work/Practice-Projects(Internship)/ogani-ecommerce/vendor/laravel/framework/src/Illuminate/Routing/ResponseFactory.php(57): Illuminate\\Http\\Response->__construct()
#32 /media/suraiya/New Volume/Lomeyo-Work/Practice-Projects(Internship)/ogani-ecommerce/vendor/laravel/framework/src/Illuminate/Routing/ResponseFactory.php(87): Illuminate\\Routing\\ResponseFactory->make()
#33 /media/suraiya/New Volume/Lomeyo-Work/Practice-Projects(Internship)/ogani-ecommerce/vendor/laravel/framework/src/Illuminate/Foundation/Exceptions/Handler.php(645): Illuminate\\Routing\\ResponseFactory->view()
#34 /media/suraiya/New Volume/Lomeyo-Work/Practice-Projects(Internship)/ogani-ecommerce/vendor/laravel/framework/src/Illuminate/Foundation/Exceptions/Handler.php(573): Illuminate\\Foundation\\Exceptions\\Handler->renderHttpException()
#35 /media/suraiya/New Volume/Lomeyo-Work/Practice-Projects(Internship)/ogani-ecommerce/vendor/laravel/framework/src/Illuminate/Foundation/Exceptions/Handler.php(479): Illuminate\\Foundation\\Exceptions\\Handler->prepareResponse()
#36 /media/suraiya/New Volume/Lomeyo-Work/Practice-Projects(Internship)/ogani-ecommerce/vendor/laravel/framework/src/Illuminate/Foundation/Exceptions/Handler.php(396): Illuminate\\Foundation\\Exceptions\\Handler->renderExceptionResponse()
#37 /media/suraiya/New Volume/Lomeyo-Work/Practice-Projects(Internship)/ogani-ecommerce/vendor/laravel/framework/src/Illuminate/Foundation/Http/Kernel.php(503): Illuminate\\Foundation\\Exceptions\\Handler->render()
#38 /media/suraiya/New Volume/Lomeyo-Work/Practice-Projects(Internship)/ogani-ecommerce/vendor/laravel/framework/src/Illuminate/Foundation/Http/Kernel.php(148): Illuminate\\Foundation\\Http\\Kernel->renderException()
#39 /media/suraiya/New Volume/Lomeyo-Work/Practice-Projects(Internship)/ogani-ecommerce/public/index.php(51): Illuminate\\Foundation\\Http\\Kernel->handle()
#40 /media/suraiya/New Volume/Lomeyo-Work/Practice-Projects(Internship)/ogani-ecommerce/vendor/laravel/framework/src/Illuminate/Foundation/resources/server.php(16): require_once('...')
#41 {main}
"} 
[2024-08-20 05:59:42] production.ERROR: Uncaught PDOException: SQLSTATE[HY000] [1045] Access denied for user 'forge'@'localhost' (using password: NO) in /media/suraiya/New Volume/Lomeyo-Work/Practice-Projects(Internship)/ogani-ecommerce/vendor/laravel/framework/src/Illuminate/Database/Connectors/Connector.php:65
Stack trace:
#0 /media/suraiya/New Volume/Lomeyo-Work/Practice-Projects(Internship)/ogani-ecommerce/vendor/laravel/framework/src/Illuminate/Database/Connectors/Connector.php(65): PDO->__construct()
#1 /media/suraiya/New Volume/Lomeyo-Work/Practice-Projects(Internship)/ogani-ecommerce/vendor/laravel/framework/src/Illuminate/Database/Connectors/Connector.php(44): Illuminate\Database\Connectors\Connector->createPdoConnection()
#2 /media/suraiya/New Volume/Lomeyo-Work/Practice-Projects(Internship)/ogani-ecommerce/vendor/laravel/framework/src/Illuminate/Database/Connectors/MySqlConnector.php(24): Illuminate\Database\Connectors\Connector->createConnection()
#3 /media/suraiya/New Volume/Lomeyo-Work/Practice-Projects(Internship)/ogani-ecommerce/vendor/laravel/framework/src/Illuminate/Database/Connectors/ConnectionFactory.php(184): Illuminate\Database\Connectors\MySqlConnector->connect()
#4 [internal function]: Illuminate\Database\Connectors\ConnectionFactory->Illuminate\Database\Connectors\{closure}()
#5 /media/suraiya/New Volume/Lomeyo-Work/Practice-Projects(Internship)/ogani-ecommerce/vendor/laravel/framework/src/Illuminate/Database/Connection.php(1275): call_user_func()
#6 /media/suraiya/New Volume/Lomeyo-Work/Practice-Projects(Internship)/ogani-ecommerce/vendor/laravel/framework/src/Illuminate/Database/Connection.php(1311): Illuminate\Database\Connection->getPdo()
#7 /media/suraiya/New Volume/Lomeyo-Work/Practice-Projects(Internship)/ogani-ecommerce/vendor/laravel/framework/src/Illuminate/Database/Connection.php(521): Illuminate\Database\Connection->getReadPdo()
#8 /media/suraiya/New Volume/Lomeyo-Work/Practice-Projects(Internship)/ogani-ecommerce/vendor/laravel/framework/src/Illuminate/Database/Connection.php(416): Illuminate\Database\Connection->getPdoForSelect()
#9 /media/suraiya/New Volume/Lomeyo-Work/Practice-Projects(Internship)/ogani-ecommerce/vendor/laravel/framework/src/Illuminate/Database/Connection.php(788): Illuminate\Database\Connection->Illuminate\Database\{closure}()
#10 /media/suraiya/New Volume/Lomeyo-Work/Practice-Projects(Internship)/ogani-ecommerce/vendor/laravel/framework/src/Illuminate/Database/Connection.php(755): Illuminate\Database\Connection->runQueryCallback()
#11 /media/suraiya/New Volume/Lomeyo-Work/Practice-Projects(Internship)/ogani-ecommerce/vendor/laravel/framework/src/Illuminate/Database/Connection.php(407): Illuminate\Database\Connection->run()
#12 /media/suraiya/New Volume/Lomeyo-Work/Practice-Projects(Internship)/ogani-ecommerce/vendor/laravel/framework/src/Illuminate/Database/Query/Builder.php(2735): Illuminate\Database\Connection->select()
#13 /media/suraiya/New Volume/Lomeyo-Work/Practice-Projects(Internship)/ogani-ecommerce/vendor/laravel/framework/src/Illuminate/Database/Query/Builder.php(2724): Illuminate\Database\Query\Builder->runSelect()
#14 /media/suraiya/New Volume/Lomeyo-Work/Practice-Projects(Internship)/ogani-ecommerce/vendor/laravel/framework/src/Illuminate/Database/Query/Builder.php(3278): Illuminate\Database\Query\Builder->Illuminate\Database\Query\{closure}()
#15 /media/suraiya/New Volume/Lomeyo-Work/Practice-Projects(Internship)/ogani-ecommerce/vendor/laravel/framework/src/Illuminate/Database/Query/Builder.php(2723): Illuminate\Database\Query\Builder->onceWithColumns()
#16 /media/suraiya/New Volume/Lomeyo-Work/Practice-Projects(Internship)/ogani-ecommerce/vendor/laravel/framework/src/Illuminate/Database/Eloquent/Builder.php(717): Illuminate\Database\Query\Builder->get()
#17 /media/suraiya/New Volume/Lomeyo-Work/Practice-Projects(Internship)/ogani-ecommerce/vendor/laravel/framework/src/Illuminate/Database/Eloquent/Builder.php(701): Illuminate\Database\Eloquent\Builder->getModels()
#18 /media/suraiya/New Volume/Lomeyo-Work/Practice-Projects(Internship)/ogani-ecommerce/vendor/laravel/framework/src/Illuminate/Database/Concerns/BuildsQueries.php(296): Illuminate\Database\Eloquent\Builder->get()
#19 /media/suraiya/New Volume/Lomeyo-Work/Practice-Projects(Internship)/ogani-ecommerce/vendor/laravel/framework/src/Illuminate/Support/Traits/ForwardsCalls.php(23): Illuminate\Database\Eloquent\Builder->first()
#20 /media/suraiya/New Volume/Lomeyo-Work/Practice-Projects(Internship)/ogani-ecommerce/vendor/laravel/framework/src/Illuminate/Database/Eloquent/Model.php(2335): Illuminate\Database\Eloquent\Model->forwardCallTo()
#21 /media/suraiya/New Volume/Lomeyo-Work/Practice-Projects(Internship)/ogani-ecommerce/vendor/laravel/framework/src/Illuminate/Database/Eloquent/Model.php(2347): Illuminate\Database\Eloquent\Model->__call()
#22 /media/suraiya/New Volume/Lomeyo-Work/Practice-Projects(Internship)/ogani-ecommerce/app/Providers/AppServiceProvider.php(61): Illuminate\Database\Eloquent\Model::__callStatic()
#23 /media/suraiya/New Volume/Lomeyo-Work/Practice-Projects(Internship)/ogani-ecommerce/vendor/laravel/framework/src/Illuminate/View/Concerns/ManagesEvents.php(162): App\Providers\AppServiceProvider->App\Providers\{closure}()
#24 /media/suraiya/New Volume/Lomeyo-Work/Practice-Projects(Internship)/ogani-ecommerce/vendor/laravel/framework/src/Illuminate/Events/Dispatcher.php(418): Illuminate\View\Factory->Illuminate\View\Concerns\{closure}()
#25 /media/suraiya/New Volume/Lomeyo-Work/Practice-Projects(Internship)/ogani-ecommerce/vendor/laravel/framework/src/Illuminate/Events/Dispatcher.php(249): Illuminate\Events\Dispatcher->Illuminate\Events\{closure}()
#26 /media/suraiya/New Volume/Lomeyo-Work/Practice-Projects(Internship)/ogani-ecommerce/vendor/laravel/framework/src/Illuminate/View/Concerns/ManagesEvents.php(177): Illuminate\Events\Dispatcher->dispatch()
#27 /media/suraiya/New Volume/Lomeyo-Work/Practice-Projects(Internship)/ogani-ecommerce/vendor/laravel/framework/src/Illuminate/View/View.php(176): Illuminate\View\Factory->callComposer()
#28 /media/suraiya/New Volume/Lomeyo-Work/Practice-Projects(Internship)/ogani-ecommerce/vendor/laravel/framework/src/Illuminate/View/View.php(147): Illuminate\View\View->renderContents()
#29 /media/suraiya/New Volume/Lomeyo-Work/Practice-Projects(Internship)/ogani-ecommerce/vendor/laravel/framework/src/Illuminate/Http/Response.php(69): Illuminate\View\View->render()
#30 /media/suraiya/New Volume/Lomeyo-Work/Practice-Projects(Internship)/ogani-ecommerce/vendor/laravel/framework/src/Illuminate/Http/Response.php(35): Illuminate\Http\Response->setContent()
#31 /media/suraiya/New Volume/Lomeyo-Work/Practice-Projects(Internship)/ogani-ecommerce/vendor/laravel/framework/src/Illuminate/Routing/ResponseFactory.php(57): Illuminate\Http\Response->__construct()
#32 /media/suraiya/New Volume/Lomeyo-Work/Practice-Projects(Internship)/ogani-ecommerce/vendor/laravel/framework/src/Illuminate/Routing/ResponseFactory.php(87): Illuminate\Routing\ResponseFactory->make()
#33 /media/suraiya/New Volume/Lomeyo-Work/Practice-Projects(Internship)/ogani-ecommerce/vendor/laravel/framework/src/Illuminate/Foundation/Exceptions/Handler.php(645): Illuminate\Routing\ResponseFactory->view()
#34 /media/suraiya/New Volume/Lomeyo-Work/Practice-Projects(Internship)/ogani-ecommerce/vendor/laravel/framework/src/Illuminate/Foundation/Exceptions/Handler.php(573): Illuminate\Foundation\Exceptions\Handler->renderHttpException()
#35 /media/suraiya/New Volume/Lomeyo-Work/Practice-Projects(Internship)/ogani-ecommerce/vendor/laravel/framework/src/Illuminate/Foundation/Exceptions/Handler.php(479): Illuminate\Foundation\Exceptions\Handler->prepareResponse()
#36 /media/suraiya/New Volume/Lomeyo-Work/Practice-Projects(Internship)/ogani-ecommerce/vendor/laravel/framework/src/Illuminate/Foundation/Exceptions/Handler.php(396): Illuminate\Foundation\Exceptions\Handler->renderExceptionResponse()
#37 /media/suraiya/New Volume/Lomeyo-Work/Practice-Projects(Internship)/ogani-ecommerce/vendor/laravel/framework/src/Illuminate/Foundation/Bootstrap/HandleExceptions.php(217): Illuminate\Foundation\Exceptions\Handler->render()
#38 /media/suraiya/New Volume/Lomeyo-Work/Practice-Projects(Internship)/ogani-ecommerce/vendor/laravel/framework/src/Illuminate/Foundation/Bootstrap/HandleExceptions.php(194): Illuminate\Foundation\Bootstrap\HandleExceptions->renderHttpResponse()
#39 /media/suraiya/New Volume/Lomeyo-Work/Practice-Projects(Internship)/ogani-ecommerce/vendor/laravel/framework/src/Illuminate/Foundation/Bootstrap/HandleExceptions.php(254): Illuminate\Foundation\Bootstrap\HandleExceptions->handleException()
#40 [internal function]: Illuminate\Foundation\Bootstrap\HandleExceptions->Illuminate\Foundation\Bootstrap\{closure}()
#41 {main}

Next Illuminate\Database\QueryException: SQLSTATE[HY000] [1045] Access denied for user 'forge'@'localhost' (using password: NO) (Connection: mysql, SQL: select * from `cms` limit 1) in /media/suraiya/New Volume/Lomeyo-Work/Practice-Projects(Internship)/ogani-ecommerce/vendor/laravel/framework/src/Illuminate/Database/Connection.php:795
Stack trace:
#0 /media/suraiya/New Volume/Lomeyo-Work/Practice-Projects(Internship)/ogani-ecommerce/vendor/laravel/framework/src/Illuminate/Database/Connection.php(755): Illuminate\Database\Connection->runQueryCallback()
#1 /media/suraiya/New Volume/Lomeyo-Work/Practice-Projects(Internship)/ogani-ecommerce/vendor/laravel/framework/src/Illuminate/Database/Connection.php(407): Illuminate\Database\Connection->run()
#2 /media/suraiya/New Volume/Lomeyo-Work/Practice-Projects(Internship)/ogani-ecommerce/vendor/laravel/framework/src/Illuminate/Database/Query/Builder.php(2735): Illuminate\Database\Connection->select()
#3 /media/suraiya/New Volume/Lomeyo-Work/Practice-Projects(Internship)/ogani-ecommerce/vendor/laravel/framework/src/Illuminate/Database/Query/Builder.php(2724): Illuminate\Database\Query\Builder->runSelect()
#4 /media/suraiya/New Volume/Lomeyo-Work/Practice-Projects(Internship)/ogani-ecommerce/vendor/laravel/framework/src/Illuminate/Database/Query/Builder.php(3278): Illuminate\Database\Query\Builder->Illuminate\Database\Query\{closure}()
#5 /media/suraiya/New Volume/Lomeyo-Work/Practice-Projects(Internship)/ogani-ecommerce/vendor/laravel/framework/src/Illuminate/Database/Query/Builder.php(2723): Illuminate\Database\Query\Builder->onceWithColumns()
#6 /media/suraiya/New Volume/Lomeyo-Work/Practice-Projects(Internship)/ogani-ecommerce/vendor/laravel/framework/src/Illuminate/Database/Eloquent/Builder.php(717): Illuminate\Database\Query\Builder->get()
#7 /media/suraiya/New Volume/Lomeyo-Work/Practice-Projects(Internship)/ogani-ecommerce/vendor/laravel/framework/src/Illuminate/Database/Eloquent/Builder.php(701): Illuminate\Database\Eloquent\Builder->getModels()
#8 /media/suraiya/New Volume/Lomeyo-Work/Practice-Projects(Internship)/ogani-ecommerce/vendor/laravel/framework/src/Illuminate/Database/Concerns/BuildsQueries.php(296): Illuminate\Database\Eloquent\Builder->get()
#9 /media/suraiya/New Volume/Lomeyo-Work/Practice-Projects(Internship)/ogani-ecommerce/vendor/laravel/framework/src/Illuminate/Support/Traits/ForwardsCalls.php(23): Illuminate\Database\Eloquent\Builder->first()
#10 /media/suraiya/New Volume/Lomeyo-Work/Practice-Projects(Internship)/ogani-ecommerce/vendor/laravel/framework/src/Illuminate/Database/Eloquent/Model.php(2335): Illuminate\Database\Eloquent\Model->forwardCallTo()
#11 /media/suraiya/New Volume/Lomeyo-Work/Practice-Projects(Internship)/ogani-ecommerce/vendor/laravel/framework/src/Illuminate/Database/Eloquent/Model.php(2347): Illuminate\Database\Eloquent\Model->__call()
#12 /media/suraiya/New Volume/Lomeyo-Work/Practice-Projects(Internship)/ogani-ecommerce/app/Providers/AppServiceProvider.php(61): Illuminate\Database\Eloquent\Model::__callStatic()
#13 /media/suraiya/New Volume/Lomeyo-Work/Practice-Projects(Internship)/ogani-ecommerce/vendor/laravel/framework/src/Illuminate/View/Concerns/ManagesEvents.php(162): App\Providers\AppServiceProvider->App\Providers\{closure}()
#14 /media/suraiya/New Volume/Lomeyo-Work/Practice-Projects(Internship)/ogani-ecommerce/vendor/laravel/framework/src/Illuminate/Events/Dispatcher.php(418): Illuminate\View\Factory->Illuminate\View\Concerns\{closure}()
#15 /media/suraiya/New Volume/Lomeyo-Work/Practice-Projects(Internship)/ogani-ecommerce/vendor/laravel/framework/src/Illuminate/Events/Dispatcher.php(249): Illuminate\Events\Dispatcher->Illuminate\Events\{closure}()
#16 /media/suraiya/New Volume/Lomeyo-Work/Practice-Projects(Internship)/ogani-ecommerce/vendor/laravel/framework/src/Illuminate/View/Concerns/ManagesEvents.php(177): Illuminate\Events\Dispatcher->dispatch()
#17 /media/suraiya/New Volume/Lomeyo-Work/Practice-Projects(Internship)/ogani-ecommerce/vendor/laravel/framework/src/Illuminate/View/View.php(176): Illuminate\View\Factory->callComposer()
#18 /media/suraiya/New Volume/Lomeyo-Work/Practice-Projects(Internship)/ogani-ecommerce/vendor/laravel/framework/src/Illuminate/View/View.php(147): Illuminate\View\View->renderContents()
#19 /media/suraiya/New Volume/Lomeyo-Work/Practice-Projects(Internship)/ogani-ecommerce/vendor/laravel/framework/src/Illuminate/Http/Response.php(69): Illuminate\View\View->render()
#20 /media/suraiya/New Volume/Lomeyo-Work/Practice-Projects(Internship)/ogani-ecommerce/vendor/laravel/framework/src/Illuminate/Http/Response.php(35): Illuminate\Http\Response->setContent()
#21 /media/suraiya/New Volume/Lomeyo-Work/Practice-Projects(Internship)/ogani-ecommerce/vendor/laravel/framework/src/Illuminate/Routing/ResponseFactory.php(57): Illuminate\Http\Response->__construct()
#22 /media/suraiya/New Volume/Lomeyo-Work/Practice-Projects(Internship)/ogani-ecommerce/vendor/laravel/framework/src/Illuminate/Routing/ResponseFactory.php(87): Illuminate\Routing\ResponseFactory->make()
#23 /media/suraiya/New Volume/Lomeyo-Work/Practice-Projects(Internship)/ogani-ecommerce/vendor/laravel/framework/src/Illuminate/Foundation/Exceptions/Handler.php(645): Illuminate\Routing\ResponseFactory->view()
#24 /media/suraiya/New Volume/Lomeyo-Work/Practice-Projects(Internship)/ogani-ecommerce/vendor/laravel/framework/src/Illuminate/Foundation/Exceptions/Handler.php(573): Illuminate\Foundation\Exceptions\Handler->renderHttpException()
#25 /media/suraiya/New Volume/Lomeyo-Work/Practice-Projects(Internship)/ogani-ecommerce/vendor/laravel/framework/src/Illuminate/Foundation/Exceptions/Handler.php(479): Illuminate\Foundation\Exceptions\Handler->prepareResponse()
#26 /media/suraiya/New Volume/Lomeyo-Work/Practice-Projects(Internship)/ogani-ecommerce/vendor/laravel/framework/src/Illuminate/Foundation/Exceptions/Handler.php(396): Illuminate\Foundation\Exceptions\Handler->renderExceptionResponse()
#27 /media/suraiya/New Volume/Lomeyo-Work/Practice-Projects(Internship)/ogani-ecommerce/vendor/laravel/framework/src/Illuminate/Foundation/Bootstrap/HandleExceptions.php(217): Illuminate\Foundation\Exceptions\Handler->render()
#28 /media/suraiya/New Volume/Lomeyo-Work/Practice-Projects(Internship)/ogani-ecommerce/vendor/laravel/framework/src/Illuminate/Foundation/Bootstrap/HandleExceptions.php(194): Illuminate\Foundation\Bootstrap\HandleExceptions->renderHttpResponse()
#29 /media/suraiya/New Volume/Lomeyo-Work/Practice-Projects(Internship)/ogani-ecommerce/vendor/laravel/framework/src/Illuminate/Foundation/Bootstrap/HandleExceptions.php(254): Illuminate\Foundation\Bootstrap\HandleExceptions->handleException()
#30 [internal function]: Illuminate\Foundation\Bootstrap\HandleExceptions->Illuminate\Foundation\Bootstrap\{closure}()
#31 {main}
  thrown {"exception":"[object] (Symfony\\Component\\ErrorHandler\\Error\\FatalError(code: 0): Uncaught PDOException: SQLSTATE[HY000] [1045] Access denied for user 'forge'@'localhost' (using password: NO) in /media/suraiya/New Volume/Lomeyo-Work/Practice-Projects(Internship)/ogani-ecommerce/vendor/laravel/framework/src/Illuminate/Database/Connectors/Connector.php:65
Stack trace:
#0 /media/suraiya/New Volume/Lomeyo-Work/Practice-Projects(Internship)/ogani-ecommerce/vendor/laravel/framework/src/Illuminate/Database/Connectors/Connector.php(65): PDO->__construct()
#1 /media/suraiya/New Volume/Lomeyo-Work/Practice-Projects(Internship)/ogani-ecommerce/vendor/laravel/framework/src/Illuminate/Database/Connectors/Connector.php(44): Illuminate\\Database\\Connectors\\Connector->createPdoConnection()
#2 /media/suraiya/New Volume/Lomeyo-Work/Practice-Projects(Internship)/ogani-ecommerce/vendor/laravel/framework/src/Illuminate/Database/Connectors/MySqlConnector.php(24): Illuminate\\Database\\Connectors\\Connector->createConnection()
#3 /media/suraiya/New Volume/Lomeyo-Work/Practice-Projects(Internship)/ogani-ecommerce/vendor/laravel/framework/src/Illuminate/Database/Connectors/ConnectionFactory.php(184): Illuminate\\Database\\Connectors\\MySqlConnector->connect()
#4 [internal function]: Illuminate\\Database\\Connectors\\ConnectionFactory->Illuminate\\Database\\Connectors\\{closure}()
#5 /media/suraiya/New Volume/Lomeyo-Work/Practice-Projects(Internship)/ogani-ecommerce/vendor/laravel/framework/src/Illuminate/Database/Connection.php(1275): call_user_func()
#6 /media/suraiya/New Volume/Lomeyo-Work/Practice-Projects(Internship)/ogani-ecommerce/vendor/laravel/framework/src/Illuminate/Database/Connection.php(1311): Illuminate\\Database\\Connection->getPdo()
#7 /media/suraiya/New Volume/Lomeyo-Work/Practice-Projects(Internship)/ogani-ecommerce/vendor/laravel/framework/src/Illuminate/Database/Connection.php(521): Illuminate\\Database\\Connection->getReadPdo()
#8 /media/suraiya/New Volume/Lomeyo-Work/Practice-Projects(Internship)/ogani-ecommerce/vendor/laravel/framework/src/Illuminate/Database/Connection.php(416): Illuminate\\Database\\Connection->getPdoForSelect()
#9 /media/suraiya/New Volume/Lomeyo-Work/Practice-Projects(Internship)/ogani-ecommerce/vendor/laravel/framework/src/Illuminate/Database/Connection.php(788): Illuminate\\Database\\Connection->Illuminate\\Database\\{closure}()
#10 /media/suraiya/New Volume/Lomeyo-Work/Practice-Projects(Internship)/ogani-ecommerce/vendor/laravel/framework/src/Illuminate/Database/Connection.php(755): Illuminate\\Database\\Connection->runQueryCallback()
#11 /media/suraiya/New Volume/Lomeyo-Work/Practice-Projects(Internship)/ogani-ecommerce/vendor/laravel/framework/src/Illuminate/Database/Connection.php(407): Illuminate\\Database\\Connection->run()
#12 /media/suraiya/New Volume/Lomeyo-Work/Practice-Projects(Internship)/ogani-ecommerce/vendor/laravel/framework/src/Illuminate/Database/Query/Builder.php(2735): Illuminate\\Database\\Connection->select()
#13 /media/suraiya/New Volume/Lomeyo-Work/Practice-Projects(Internship)/ogani-ecommerce/vendor/laravel/framework/src/Illuminate/Database/Query/Builder.php(2724): Illuminate\\Database\\Query\\Builder->runSelect()
#14 /media/suraiya/New Volume/Lomeyo-Work/Practice-Projects(Internship)/ogani-ecommerce/vendor/laravel/framework/src/Illuminate/Database/Query/Builder.php(3278): Illuminate\\Database\\Query\\Builder->Illuminate\\Database\\Query\\{closure}()
#15 /media/suraiya/New Volume/Lomeyo-Work/Practice-Projects(Internship)/ogani-ecommerce/vendor/laravel/framework/src/Illuminate/Database/Query/Builder.php(2723): Illuminate\\Database\\Query\\Builder->onceWithColumns()
#16 /media/suraiya/New Volume/Lomeyo-Work/Practice-Projects(Internship)/ogani-ecommerce/vendor/laravel/framework/src/Illuminate/Database/Eloquent/Builder.php(717): Illuminate\\Database\\Query\\Builder->get()
#17 /media/suraiya/New Volume/Lomeyo-Work/Practice-Projects(Internship)/ogani-ecommerce/vendor/laravel/framework/src/Illuminate/Database/Eloquent/Builder.php(701): Illuminate\\Database\\Eloquent\\Builder->getModels()
#18 /media/suraiya/New Volume/Lomeyo-Work/Practice-Projects(Internship)/ogani-ecommerce/vendor/laravel/framework/src/Illuminate/Database/Concerns/BuildsQueries.php(296): Illuminate\\Database\\Eloquent\\Builder->get()
#19 /media/suraiya/New Volume/Lomeyo-Work/Practice-Projects(Internship)/ogani-ecommerce/vendor/laravel/framework/src/Illuminate/Support/Traits/ForwardsCalls.php(23): Illuminate\\Database\\Eloquent\\Builder->first()
#20 /media/suraiya/New Volume/Lomeyo-Work/Practice-Projects(Internship)/ogani-ecommerce/vendor/laravel/framework/src/Illuminate/Database/Eloquent/Model.php(2335): Illuminate\\Database\\Eloquent\\Model->forwardCallTo()
#21 /media/suraiya/New Volume/Lomeyo-Work/Practice-Projects(Internship)/ogani-ecommerce/vendor/laravel/framework/src/Illuminate/Database/Eloquent/Model.php(2347): Illuminate\\Database\\Eloquent\\Model->__call()
#22 /media/suraiya/New Volume/Lomeyo-Work/Practice-Projects(Internship)/ogani-ecommerce/app/Providers/AppServiceProvider.php(61): Illuminate\\Database\\Eloquent\\Model::__callStatic()
#23 /media/suraiya/New Volume/Lomeyo-Work/Practice-Projects(Internship)/ogani-ecommerce/vendor/laravel/framework/src/Illuminate/View/Concerns/ManagesEvents.php(162): App\\Providers\\AppServiceProvider->App\\Providers\\{closure}()
#24 /media/suraiya/New Volume/Lomeyo-Work/Practice-Projects(Internship)/ogani-ecommerce/vendor/laravel/framework/src/Illuminate/Events/Dispatcher.php(418): Illuminate\\View\\Factory->Illuminate\\View\\Concerns\\{closure}()
#25 /media/suraiya/New Volume/Lomeyo-Work/Practice-Projects(Internship)/ogani-ecommerce/vendor/laravel/framework/src/Illuminate/Events/Dispatcher.php(249): Illuminate\\Events\\Dispatcher->Illuminate\\Events\\{closure}()
#26 /media/suraiya/New Volume/Lomeyo-Work/Practice-Projects(Internship)/ogani-ecommerce/vendor/laravel/framework/src/Illuminate/View/Concerns/ManagesEvents.php(177): Illuminate\\Events\\Dispatcher->dispatch()
#27 /media/suraiya/New Volume/Lomeyo-Work/Practice-Projects(Internship)/ogani-ecommerce/vendor/laravel/framework/src/Illuminate/View/View.php(176): Illuminate\\View\\Factory->callComposer()
#28 /media/suraiya/New Volume/Lomeyo-Work/Practice-Projects(Internship)/ogani-ecommerce/vendor/laravel/framework/src/Illuminate/View/View.php(147): Illuminate\\View\\View->renderContents()
#29 /media/suraiya/New Volume/Lomeyo-Work/Practice-Projects(Internship)/ogani-ecommerce/vendor/laravel/framework/src/Illuminate/Http/Response.php(69): Illuminate\\View\\View->render()
#30 /media/suraiya/New Volume/Lomeyo-Work/Practice-Projects(Internship)/ogani-ecommerce/vendor/laravel/framework/src/Illuminate/Http/Response.php(35): Illuminate\\Http\\Response->setContent()
#31 /media/suraiya/New Volume/Lomeyo-Work/Practice-Projects(Internship)/ogani-ecommerce/vendor/laravel/framework/src/Illuminate/Routing/ResponseFactory.php(57): Illuminate\\Http\\Response->__construct()
#32 /media/suraiya/New Volume/Lomeyo-Work/Practice-Projects(Internship)/ogani-ecommerce/vendor/laravel/framework/src/Illuminate/Routing/ResponseFactory.php(87): Illuminate\\Routing\\ResponseFactory->make()
#33 /media/suraiya/New Volume/Lomeyo-Work/Practice-Projects(Internship)/ogani-ecommerce/vendor/laravel/framework/src/Illuminate/Foundation/Exceptions/Handler.php(645): Illuminate\\Routing\\ResponseFactory->view()
#34 /media/suraiya/New Volume/Lomeyo-Work/Practice-Projects(Internship)/ogani-ecommerce/vendor/laravel/framework/src/Illuminate/Foundation/Exceptions/Handler.php(573): Illuminate\\Foundation\\Exceptions\\Handler->renderHttpException()
#35 /media/suraiya/New Volume/Lomeyo-Work/Practice-Projects(Internship)/ogani-ecommerce/vendor/laravel/framework/src/Illuminate/Foundation/Exceptions/Handler.php(479): Illuminate\\Foundation\\Exceptions\\Handler->prepareResponse()
#36 /media/suraiya/New Volume/Lomeyo-Work/Practice-Projects(Internship)/ogani-ecommerce/vendor/laravel/framework/src/Illuminate/Foundation/Exceptions/Handler.php(396): Illuminate\\Foundation\\Exceptions\\Handler->renderExceptionResponse()
#37 /media/suraiya/New Volume/Lomeyo-Work/Practice-Projects(Internship)/ogani-ecommerce/vendor/laravel/framework/src/Illuminate/Foundation/Bootstrap/HandleExceptions.php(217): Illuminate\\Foundation\\Exceptions\\Handler->render()
#38 /media/suraiya/New Volume/Lomeyo-Work/Practice-Projects(Internship)/ogani-ecommerce/vendor/laravel/framework/src/Illuminate/Foundation/Bootstrap/HandleExceptions.php(194): Illuminate\\Foundation\\Bootstrap\\HandleExceptions->renderHttpResponse()
#39 /media/suraiya/New Volume/Lomeyo-Work/Practice-Projects(Internship)/ogani-ecommerce/vendor/laravel/framework/src/Illuminate/Foundation/Bootstrap/HandleExceptions.php(254): Illuminate\\Foundation\\Bootstrap\\HandleExceptions->handleException()
#40 [internal function]: Illuminate\\Foundation\\Bootstrap\\HandleExceptions->Illuminate\\Foundation\\Bootstrap\\{closure}()
#41 {main}

Next Illuminate\\Database\\QueryException: SQLSTATE[HY000] [1045] Access denied for user 'forge'@'localhost' (using password: NO) (Connection: mysql, SQL: select * from `cms` limit 1) in /media/suraiya/New Volume/Lomeyo-Work/Practice-Projects(Internship)/ogani-ecommerce/vendor/laravel/framework/src/Illuminate/Database/Connection.php:795
Stack trace:
#0 /media/suraiya/New Volume/Lomeyo-Work/Practice-Projects(Internship)/ogani-ecommerce/vendor/laravel/framework/src/Illuminate/Database/Connection.php(755): Illuminate\\Database\\Connection->runQueryCallback()
#1 /media/suraiya/New Volume/Lomeyo-Work/Practice-Projects(Internship)/ogani-ecommerce/vendor/laravel/framework/src/Illuminate/Database/Connection.php(407): Illuminate\\Database\\Connection->run()
#2 /media/suraiya/New Volume/Lomeyo-Work/Practice-Projects(Internship)/ogani-ecommerce/vendor/laravel/framework/src/Illuminate/Database/Query/Builder.php(2735): Illuminate\\Database\\Connection->select()
#3 /media/suraiya/New Volume/Lomeyo-Work/Practice-Projects(Internship)/ogani-ecommerce/vendor/laravel/framework/src/Illuminate/Database/Query/Builder.php(2724): Illuminate\\Database\\Query\\Builder->runSelect()
#4 /media/suraiya/New Volume/Lomeyo-Work/Practice-Projects(Internship)/ogani-ecommerce/vendor/laravel/framework/src/Illuminate/Database/Query/Builder.php(3278): Illuminate\\Database\\Query\\Builder->Illuminate\\Database\\Query\\{closure}()
#5 /media/suraiya/New Volume/Lomeyo-Work/Practice-Projects(Internship)/ogani-ecommerce/vendor/laravel/framework/src/Illuminate/Database/Query/Builder.php(2723): Illuminate\\Database\\Query\\Builder->onceWithColumns()
#6 /media/suraiya/New Volume/Lomeyo-Work/Practice-Projects(Internship)/ogani-ecommerce/vendor/laravel/framework/src/Illuminate/Database/Eloquent/Builder.php(717): Illuminate\\Database\\Query\\Builder->get()
#7 /media/suraiya/New Volume/Lomeyo-Work/Practice-Projects(Internship)/ogani-ecommerce/vendor/laravel/framework/src/Illuminate/Database/Eloquent/Builder.php(701): Illuminate\\Database\\Eloquent\\Builder->getModels()
#8 /media/suraiya/New Volume/Lomeyo-Work/Practice-Projects(Internship)/ogani-ecommerce/vendor/laravel/framework/src/Illuminate/Database/Concerns/BuildsQueries.php(296): Illuminate\\Database\\Eloquent\\Builder->get()
#9 /media/suraiya/New Volume/Lomeyo-Work/Practice-Projects(Internship)/ogani-ecommerce/vendor/laravel/framework/src/Illuminate/Support/Traits/ForwardsCalls.php(23): Illuminate\\Database\\Eloquent\\Builder->first()
#10 /media/suraiya/New Volume/Lomeyo-Work/Practice-Projects(Internship)/ogani-ecommerce/vendor/laravel/framework/src/Illuminate/Database/Eloquent/Model.php(2335): Illuminate\\Database\\Eloquent\\Model->forwardCallTo()
#11 /media/suraiya/New Volume/Lomeyo-Work/Practice-Projects(Internship)/ogani-ecommerce/vendor/laravel/framework/src/Illuminate/Database/Eloquent/Model.php(2347): Illuminate\\Database\\Eloquent\\Model->__call()
#12 /media/suraiya/New Volume/Lomeyo-Work/Practice-Projects(Internship)/ogani-ecommerce/app/Providers/AppServiceProvider.php(61): Illuminate\\Database\\Eloquent\\Model::__callStatic()
#13 /media/suraiya/New Volume/Lomeyo-Work/Practice-Projects(Internship)/ogani-ecommerce/vendor/laravel/framework/src/Illuminate/View/Concerns/ManagesEvents.php(162): App\\Providers\\AppServiceProvider->App\\Providers\\{closure}()
#14 /media/suraiya/New Volume/Lomeyo-Work/Practice-Projects(Internship)/ogani-ecommerce/vendor/laravel/framework/src/Illuminate/Events/Dispatcher.php(418): Illuminate\\View\\Factory->Illuminate\\View\\Concerns\\{closure}()
#15 /media/suraiya/New Volume/Lomeyo-Work/Practice-Projects(Internship)/ogani-ecommerce/vendor/laravel/framework/src/Illuminate/Events/Dispatcher.php(249): Illuminate\\Events\\Dispatcher->Illuminate\\Events\\{closure}()
#16 /media/suraiya/New Volume/Lomeyo-Work/Practice-Projects(Internship)/ogani-ecommerce/vendor/laravel/framework/src/Illuminate/View/Concerns/ManagesEvents.php(177): Illuminate\\Events\\Dispatcher->dispatch()
#17 /media/suraiya/New Volume/Lomeyo-Work/Practice-Projects(Internship)/ogani-ecommerce/vendor/laravel/framework/src/Illuminate/View/View.php(176): Illuminate\\View\\Factory->callComposer()
#18 /media/suraiya/New Volume/Lomeyo-Work/Practice-Projects(Internship)/ogani-ecommerce/vendor/laravel/framework/src/Illuminate/View/View.php(147): Illuminate\\View\\View->renderContents()
#19 /media/suraiya/New Volume/Lomeyo-Work/Practice-Projects(Internship)/ogani-ecommerce/vendor/laravel/framework/src/Illuminate/Http/Response.php(69): Illuminate\\View\\View->render()
#20 /media/suraiya/New Volume/Lomeyo-Work/Practice-Projects(Internship)/ogani-ecommerce/vendor/laravel/framework/src/Illuminate/Http/Response.php(35): Illuminate\\Http\\Response->setContent()
#21 /media/suraiya/New Volume/Lomeyo-Work/Practice-Projects(Internship)/ogani-ecommerce/vendor/laravel/framework/src/Illuminate/Routing/ResponseFactory.php(57): Illuminate\\Http\\Response->__construct()
#22 /media/suraiya/New Volume/Lomeyo-Work/Practice-Projects(Internship)/ogani-ecommerce/vendor/laravel/framework/src/Illuminate/Routing/ResponseFactory.php(87): Illuminate\\Routing\\ResponseFactory->make()
#23 /media/suraiya/New Volume/Lomeyo-Work/Practice-Projects(Internship)/ogani-ecommerce/vendor/laravel/framework/src/Illuminate/Foundation/Exceptions/Handler.php(645): Illuminate\\Routing\\ResponseFactory->view()
#24 /media/suraiya/New Volume/Lomeyo-Work/Practice-Projects(Internship)/ogani-ecommerce/vendor/laravel/framework/src/Illuminate/Foundation/Exceptions/Handler.php(573): Illuminate\\Foundation\\Exceptions\\Handler->renderHttpException()
#25 /media/suraiya/New Volume/Lomeyo-Work/Practice-Projects(Internship)/ogani-ecommerce/vendor/laravel/framework/src/Illuminate/Foundation/Exceptions/Handler.php(479): Illuminate\\Foundation\\Exceptions\\Handler->prepareResponse()
#26 /media/suraiya/New Volume/Lomeyo-Work/Practice-Projects(Internship)/ogani-ecommerce/vendor/laravel/framework/src/Illuminate/Foundation/Exceptions/Handler.php(396): Illuminate\\Foundation\\Exceptions\\Handler->renderExceptionResponse()
#27 /media/suraiya/New Volume/Lomeyo-Work/Practice-Projects(Internship)/ogani-ecommerce/vendor/laravel/framework/src/Illuminate/Foundation/Bootstrap/HandleExceptions.php(217): Illuminate\\Foundation\\Exceptions\\Handler->render()
#28 /media/suraiya/New Volume/Lomeyo-Work/Practice-Projects(Internship)/ogani-ecommerce/vendor/laravel/framework/src/Illuminate/Foundation/Bootstrap/HandleExceptions.php(194): Illuminate\\Foundation\\Bootstrap\\HandleExceptions->renderHttpResponse()
#29 /media/suraiya/New Volume/Lomeyo-Work/Practice-Projects(Internship)/ogani-ecommerce/vendor/laravel/framework/src/Illuminate/Foundation/Bootstrap/HandleExceptions.php(254): Illuminate\\Foundation\\Bootstrap\\HandleExceptions->handleException()
#30 [internal function]: Illuminate\\Foundation\\Bootstrap\\HandleExceptions->Illuminate\\Foundation\\Bootstrap\\{closure}()
#31 {main}
  thrown at /media/suraiya/New Volume/Lomeyo-Work/Practice-Projects(Internship)/ogani-ecommerce/vendor/laravel/framework/src/Illuminate/Database/Connection.php:795)
[stacktrace]
#0 {main}
"} 
[2024-08-20 05:59:44] production.ERROR: SQLSTATE[HY000] [1045] Access denied for user 'forge'@'localhost' (using password: NO) (Connection: mysql, SQL: select * from `cms` limit 1) {"exception":"[object] (Illuminate\\Database\\QueryException(code: 1045): SQLSTATE[HY000] [1045] Access denied for user 'forge'@'localhost' (using password: NO) (Connection: mysql, SQL: select * from `cms` limit 1) at /media/suraiya/New Volume/Lomeyo-Work/Practice-Projects(Internship)/ogani-ecommerce/vendor/laravel/framework/src/Illuminate/Database/Connection.php:795)
[stacktrace]
#0 /media/suraiya/New Volume/Lomeyo-Work/Practice-Projects(Internship)/ogani-ecommerce/vendor/laravel/framework/src/Illuminate/Database/Connection.php(755): Illuminate\\Database\\Connection->runQueryCallback()
#1 /media/suraiya/New Volume/Lomeyo-Work/Practice-Projects(Internship)/ogani-ecommerce/vendor/laravel/framework/src/Illuminate/Database/Connection.php(407): Illuminate\\Database\\Connection->run()
#2 /media/suraiya/New Volume/Lomeyo-Work/Practice-Projects(Internship)/ogani-ecommerce/vendor/laravel/framework/src/Illuminate/Database/Query/Builder.php(2735): Illuminate\\Database\\Connection->select()
#3 /media/suraiya/New Volume/Lomeyo-Work/Practice-Projects(Internship)/ogani-ecommerce/vendor/laravel/framework/src/Illuminate/Database/Query/Builder.php(2724): Illuminate\\Database\\Query\\Builder->runSelect()
#4 /media/suraiya/New Volume/Lomeyo-Work/Practice-Projects(Internship)/ogani-ecommerce/vendor/laravel/framework/src/Illuminate/Database/Query/Builder.php(3278): Illuminate\\Database\\Query\\Builder->Illuminate\\Database\\Query\\{closure}()
#5 /media/suraiya/New Volume/Lomeyo-Work/Practice-Projects(Internship)/ogani-ecommerce/vendor/laravel/framework/src/Illuminate/Database/Query/Builder.php(2723): Illuminate\\Database\\Query\\Builder->onceWithColumns()
#6 /media/suraiya/New Volume/Lomeyo-Work/Practice-Projects(Internship)/ogani-ecommerce/vendor/laravel/framework/src/Illuminate/Database/Eloquent/Builder.php(717): Illuminate\\Database\\Query\\Builder->get()
#7 /media/suraiya/New Volume/Lomeyo-Work/Practice-Projects(Internship)/ogani-ecommerce/vendor/laravel/framework/src/Illuminate/Database/Eloquent/Builder.php(701): Illuminate\\Database\\Eloquent\\Builder->getModels()
#8 /media/suraiya/New Volume/Lomeyo-Work/Practice-Projects(Internship)/ogani-ecommerce/vendor/laravel/framework/src/Illuminate/Database/Concerns/BuildsQueries.php(296): Illuminate\\Database\\Eloquent\\Builder->get()
#9 /media/suraiya/New Volume/Lomeyo-Work/Practice-Projects(Internship)/ogani-ecommerce/vendor/laravel/framework/src/Illuminate/Support/Traits/ForwardsCalls.php(23): Illuminate\\Database\\Eloquent\\Builder->first()
#10 /media/suraiya/New Volume/Lomeyo-Work/Practice-Projects(Internship)/ogani-ecommerce/vendor/laravel/framework/src/Illuminate/Database/Eloquent/Model.php(2335): Illuminate\\Database\\Eloquent\\Model->forwardCallTo()
#11 /media/suraiya/New Volume/Lomeyo-Work/Practice-Projects(Internship)/ogani-ecommerce/vendor/laravel/framework/src/Illuminate/Database/Eloquent/Model.php(2347): Illuminate\\Database\\Eloquent\\Model->__call()
#12 /media/suraiya/New Volume/Lomeyo-Work/Practice-Projects(Internship)/ogani-ecommerce/app/Providers/AppServiceProvider.php(61): Illuminate\\Database\\Eloquent\\Model::__callStatic()
#13 /media/suraiya/New Volume/Lomeyo-Work/Practice-Projects(Internship)/ogani-ecommerce/vendor/laravel/framework/src/Illuminate/View/Concerns/ManagesEvents.php(162): App\\Providers\\AppServiceProvider->App\\Providers\\{closure}()
#14 /media/suraiya/New Volume/Lomeyo-Work/Practice-Projects(Internship)/ogani-ecommerce/vendor/laravel/framework/src/Illuminate/Events/Dispatcher.php(418): Illuminate\\View\\Factory->Illuminate\\View\\Concerns\\{closure}()
#15 /media/suraiya/New Volume/Lomeyo-Work/Practice-Projects(Internship)/ogani-ecommerce/vendor/laravel/framework/src/Illuminate/Events/Dispatcher.php(249): Illuminate\\Events\\Dispatcher->Illuminate\\Events\\{closure}()
#16 /media/suraiya/New Volume/Lomeyo-Work/Practice-Projects(Internship)/ogani-ecommerce/vendor/laravel/framework/src/Illuminate/View/Concerns/ManagesEvents.php(177): Illuminate\\Events\\Dispatcher->dispatch()
#17 /media/suraiya/New Volume/Lomeyo-Work/Practice-Projects(Internship)/ogani-ecommerce/vendor/laravel/framework/src/Illuminate/View/View.php(176): Illuminate\\View\\Factory->callComposer()
#18 /media/suraiya/New Volume/Lomeyo-Work/Practice-Projects(Internship)/ogani-ecommerce/vendor/laravel/framework/src/Illuminate/View/View.php(147): Illuminate\\View\\View->renderContents()
#19 /media/suraiya/New Volume/Lomeyo-Work/Practice-Projects(Internship)/ogani-ecommerce/vendor/laravel/framework/src/Illuminate/Http/Response.php(69): Illuminate\\View\\View->render()
#20 /media/suraiya/New Volume/Lomeyo-Work/Practice-Projects(Internship)/ogani-ecommerce/vendor/laravel/framework/src/Illuminate/Http/Response.php(35): Illuminate\\Http\\Response->setContent()
#21 /media/suraiya/New Volume/Lomeyo-Work/Practice-Projects(Internship)/ogani-ecommerce/vendor/laravel/framework/src/Illuminate/Routing/ResponseFactory.php(57): Illuminate\\Http\\Response->__construct()
#22 /media/suraiya/New Volume/Lomeyo-Work/Practice-Projects(Internship)/ogani-ecommerce/vendor/laravel/framework/src/Illuminate/Routing/ResponseFactory.php(87): Illuminate\\Routing\\ResponseFactory->make()
#23 /media/suraiya/New Volume/Lomeyo-Work/Practice-Projects(Internship)/ogani-ecommerce/vendor/laravel/framework/src/Illuminate/Foundation/Exceptions/Handler.php(645): Illuminate\\Routing\\ResponseFactory->view()
#24 /media/suraiya/New Volume/Lomeyo-Work/Practice-Projects(Internship)/ogani-ecommerce/vendor/laravel/framework/src/Illuminate/Foundation/Exceptions/Handler.php(573): Illuminate\\Foundation\\Exceptions\\Handler->renderHttpException()
#25 /media/suraiya/New Volume/Lomeyo-Work/Practice-Projects(Internship)/ogani-ecommerce/vendor/laravel/framework/src/Illuminate/Foundation/Exceptions/Handler.php(479): Illuminate\\Foundation\\Exceptions\\Handler->prepareResponse()
#26 /media/suraiya/New Volume/Lomeyo-Work/Practice-Projects(Internship)/ogani-ecommerce/vendor/laravel/framework/src/Illuminate/Foundation/Exceptions/Handler.php(396): Illuminate\\Foundation\\Exceptions\\Handler->renderExceptionResponse()
#27 /media/suraiya/New Volume/Lomeyo-Work/Practice-Projects(Internship)/ogani-ecommerce/vendor/laravel/framework/src/Illuminate/Routing/Pipeline.php(51): Illuminate\\Foundation\\Exceptions\\Handler->render()
#28 /media/suraiya/New Volume/Lomeyo-Work/Practice-Projects(Internship)/ogani-ecommerce/vendor/laravel/framework/src/Illuminate/Pipeline/Pipeline.php(143): Illuminate\\Routing\\Pipeline->handleException()
#29 /media/suraiya/New Volume/Lomeyo-Work/Practice-Projects(Internship)/ogani-ecommerce/vendor/laravel/framework/src/Illuminate/Foundation/Http/Middleware/TransformsRequest.php(21): Illuminate\\Pipeline\\Pipeline->Illuminate\\Pipeline\\{closure}()
#30 /media/suraiya/New Volume/Lomeyo-Work/Practice-Projects(Internship)/ogani-ecommerce/vendor/laravel/framework/src/Illuminate/Foundation/Http/Middleware/ConvertEmptyStringsToNull.php(31): Illuminate\\Foundation\\Http\\Middleware\\TransformsRequest->handle()
#31 /media/suraiya/New Volume/Lomeyo-Work/Practice-Projects(Internship)/ogani-ecommerce/vendor/laravel/framework/src/Illuminate/Pipeline/Pipeline.php(180): Illuminate\\Foundation\\Http\\Middleware\\ConvertEmptyStringsToNull->handle()
#32 /media/suraiya/New Volume/Lomeyo-Work/Practice-Projects(Internship)/ogani-ecommerce/vendor/laravel/framework/src/Illuminate/Foundation/Http/Middleware/TransformsRequest.php(21): Illuminate\\Pipeline\\Pipeline->Illuminate\\Pipeline\\{closure}()
#33 /media/suraiya/New Volume/Lomeyo-Work/Practice-Projects(Internship)/ogani-ecommerce/vendor/laravel/framework/src/Illuminate/Foundation/Http/Middleware/TrimStrings.php(40): Illuminate\\Foundation\\Http\\Middleware\\TransformsRequest->handle()
#34 /media/suraiya/New Volume/Lomeyo-Work/Practice-Projects(Internship)/ogani-ecommerce/vendor/laravel/framework/src/Illuminate/Pipeline/Pipeline.php(180): Illuminate\\Foundation\\Http\\Middleware\\TrimStrings->handle()
#35 /media/suraiya/New Volume/Lomeyo-Work/Practice-Projects(Internship)/ogani-ecommerce/vendor/laravel/framework/src/Illuminate/Foundation/Http/Middleware/ValidatePostSize.php(27): Illuminate\\Pipeline\\Pipeline->Illuminate\\Pipeline\\{closure}()
#36 /media/suraiya/New Volume/Lomeyo-Work/Practice-Projects(Internship)/ogani-ecommerce/vendor/laravel/framework/src/Illuminate/Pipeline/Pipeline.php(180): Illuminate\\Foundation\\Http\\Middleware\\ValidatePostSize->handle()
#37 /media/suraiya/New Volume/Lomeyo-Work/Practice-Projects(Internship)/ogani-ecommerce/vendor/laravel/framework/src/Illuminate/Foundation/Http/Middleware/PreventRequestsDuringMaintenance.php(86): Illuminate\\Pipeline\\Pipeline->Illuminate\\Pipeline\\{closure}()
#38 /media/suraiya/New Volume/Lomeyo-Work/Practice-Projects(Internship)/ogani-ecommerce/vendor/laravel/framework/src/Illuminate/Pipeline/Pipeline.php(180): Illuminate\\Foundation\\Http\\Middleware\\PreventRequestsDuringMaintenance->handle()
#39 /media/suraiya/New Volume/Lomeyo-Work/Practice-Projects(Internship)/ogani-ecommerce/vendor/laravel/framework/src/Illuminate/Http/Middleware/HandleCors.php(49): Illuminate\\Pipeline\\Pipeline->Illuminate\\Pipeline\\{closure}()
#40 /media/suraiya/New Volume/Lomeyo-Work/Practice-Projects(Internship)/ogani-ecommerce/vendor/laravel/framework/src/Illuminate/Pipeline/Pipeline.php(180): Illuminate\\Http\\Middleware\\HandleCors->handle()
#41 /media/suraiya/New Volume/Lomeyo-Work/Practice-Projects(Internship)/ogani-ecommerce/vendor/laravel/framework/src/Illuminate/Http/Middleware/TrustProxies.php(39): Illuminate\\Pipeline\\Pipeline->Illuminate\\Pipeline\\{closure}()
#42 /media/suraiya/New Volume/Lomeyo-Work/Practice-Projects(Internship)/ogani-ecommerce/vendor/laravel/framework/src/Illuminate/Pipeline/Pipeline.php(180): Illuminate\\Http\\Middleware\\TrustProxies->handle()
#43 /media/suraiya/New Volume/Lomeyo-Work/Practice-Projects(Internship)/ogani-ecommerce/vendor/laravel/framework/src/Illuminate/Pipeline/Pipeline.php(116): Illuminate\\Pipeline\\Pipeline->Illuminate\\Pipeline\\{closure}()
#44 /media/suraiya/New Volume/Lomeyo-Work/Practice-Projects(Internship)/ogani-ecommerce/vendor/laravel/framework/src/Illuminate/Foundation/Http/Kernel.php(175): Illuminate\\Pipeline\\Pipeline->then()
#45 /media/suraiya/New Volume/Lomeyo-Work/Practice-Projects(Internship)/ogani-ecommerce/vendor/laravel/framework/src/Illuminate/Foundation/Http/Kernel.php(144): Illuminate\\Foundation\\Http\\Kernel->sendRequestThroughRouter()
#46 /media/suraiya/New Volume/Lomeyo-Work/Practice-Projects(Internship)/ogani-ecommerce/public/index.php(51): Illuminate\\Foundation\\Http\\Kernel->handle()
#47 /media/suraiya/New Volume/Lomeyo-Work/Practice-Projects(Internship)/ogani-ecommerce/vendor/laravel/framework/src/Illuminate/Foundation/resources/server.php(16): require_once('...')
#48 {main}

[previous exception] [object] (PDOException(code: 1045): SQLSTATE[HY000] [1045] Access denied for user 'forge'@'localhost' (using password: NO) at /media/suraiya/New Volume/Lomeyo-Work/Practice-Projects(Internship)/ogani-ecommerce/vendor/laravel/framework/src/Illuminate/Database/Connectors/Connector.php:65)
[stacktrace]
#0 /media/suraiya/New Volume/Lomeyo-Work/Practice-Projects(Internship)/ogani-ecommerce/vendor/laravel/framework/src/Illuminate/Database/Connectors/Connector.php(65): PDO->__construct()
#1 /media/suraiya/New Volume/Lomeyo-Work/Practice-Projects(Internship)/ogani-ecommerce/vendor/laravel/framework/src/Illuminate/Database/Connectors/Connector.php(44): Illuminate\\Database\\Connectors\\Connector->createPdoConnection()
#2 /media/suraiya/New Volume/Lomeyo-Work/Practice-Projects(Internship)/ogani-ecommerce/vendor/laravel/framework/src/Illuminate/Database/Connectors/MySqlConnector.php(24): Illuminate\\Database\\Connectors\\Connector->createConnection()
#3 /media/suraiya/New Volume/Lomeyo-Work/Practice-Projects(Internship)/ogani-ecommerce/vendor/laravel/framework/src/Illuminate/Database/Connectors/ConnectionFactory.php(184): Illuminate\\Database\\Connectors\\MySqlConnector->connect()
#4 [internal function]: Illuminate\\Database\\Connectors\\ConnectionFactory->Illuminate\\Database\\Connectors\\{closure}()
#5 /media/suraiya/New Volume/Lomeyo-Work/Practice-Projects(Internship)/ogani-ecommerce/vendor/laravel/framework/src/Illuminate/Database/Connection.php(1275): call_user_func()
#6 /media/suraiya/New Volume/Lomeyo-Work/Practice-Projects(Internship)/ogani-ecommerce/vendor/laravel/framework/src/Illuminate/Database/Connection.php(1311): Illuminate\\Database\\Connection->getPdo()
#7 /media/suraiya/New Volume/Lomeyo-Work/Practice-Projects(Internship)/ogani-ecommerce/vendor/laravel/framework/src/Illuminate/Database/Connection.php(521): Illuminate\\Database\\Connection->getReadPdo()
#8 /media/suraiya/New Volume/Lomeyo-Work/Practice-Projects(Internship)/ogani-ecommerce/vendor/laravel/framework/src/Illuminate/Database/Connection.php(416): Illuminate\\Database\\Connection->getPdoForSelect()
#9 /media/suraiya/New Volume/Lomeyo-Work/Practice-Projects(Internship)/ogani-ecommerce/vendor/laravel/framework/src/Illuminate/Database/Connection.php(788): Illuminate\\Database\\Connection->Illuminate\\Database\\{closure}()
#10 /media/suraiya/New Volume/Lomeyo-Work/Practice-Projects(Internship)/ogani-ecommerce/vendor/laravel/framework/src/Illuminate/Database/Connection.php(755): Illuminate\\Database\\Connection->runQueryCallback()
#11 /media/suraiya/New Volume/Lomeyo-Work/Practice-Projects(Internship)/ogani-ecommerce/vendor/laravel/framework/src/Illuminate/Database/Connection.php(407): Illuminate\\Database\\Connection->run()
#12 /media/suraiya/New Volume/Lomeyo-Work/Practice-Projects(Internship)/ogani-ecommerce/vendor/laravel/framework/src/Illuminate/Database/Query/Builder.php(2735): Illuminate\\Database\\Connection->select()
#13 /media/suraiya/New Volume/Lomeyo-Work/Practice-Projects(Internship)/ogani-ecommerce/vendor/laravel/framework/src/Illuminate/Database/Query/Builder.php(2724): Illuminate\\Database\\Query\\Builder->runSelect()
#14 /media/suraiya/New Volume/Lomeyo-Work/Practice-Projects(Internship)/ogani-ecommerce/vendor/laravel/framework/src/Illuminate/Database/Query/Builder.php(3278): Illuminate\\Database\\Query\\Builder->Illuminate\\Database\\Query\\{closure}()
#15 /media/suraiya/New Volume/Lomeyo-Work/Practice-Projects(Internship)/ogani-ecommerce/vendor/laravel/framework/src/Illuminate/Database/Query/Builder.php(2723): Illuminate\\Database\\Query\\Builder->onceWithColumns()
#16 /media/suraiya/New Volume/Lomeyo-Work/Practice-Projects(Internship)/ogani-ecommerce/vendor/laravel/framework/src/Illuminate/Database/Eloquent/Builder.php(717): Illuminate\\Database\\Query\\Builder->get()
#17 /media/suraiya/New Volume/Lomeyo-Work/Practice-Projects(Internship)/ogani-ecommerce/vendor/laravel/framework/src/Illuminate/Database/Eloquent/Builder.php(701): Illuminate\\Database\\Eloquent\\Builder->getModels()
#18 /media/suraiya/New Volume/Lomeyo-Work/Practice-Projects(Internship)/ogani-ecommerce/vendor/laravel/framework/src/Illuminate/Database/Concerns/BuildsQueries.php(296): Illuminate\\Database\\Eloquent\\Builder->get()
#19 /media/suraiya/New Volume/Lomeyo-Work/Practice-Projects(Internship)/ogani-ecommerce/vendor/laravel/framework/src/Illuminate/Support/Traits/ForwardsCalls.php(23): Illuminate\\Database\\Eloquent\\Builder->first()
#20 /media/suraiya/New Volume/Lomeyo-Work/Practice-Projects(Internship)/ogani-ecommerce/vendor/laravel/framework/src/Illuminate/Database/Eloquent/Model.php(2335): Illuminate\\Database\\Eloquent\\Model->forwardCallTo()
#21 /media/suraiya/New Volume/Lomeyo-Work/Practice-Projects(Internship)/ogani-ecommerce/vendor/laravel/framework/src/Illuminate/Database/Eloquent/Model.php(2347): Illuminate\\Database\\Eloquent\\Model->__call()
#22 /media/suraiya/New Volume/Lomeyo-Work/Practice-Projects(Internship)/ogani-ecommerce/app/Providers/AppServiceProvider.php(61): Illuminate\\Database\\Eloquent\\Model::__callStatic()
#23 /media/suraiya/New Volume/Lomeyo-Work/Practice-Projects(Internship)/ogani-ecommerce/vendor/laravel/framework/src/Illuminate/View/Concerns/ManagesEvents.php(162): App\\Providers\\AppServiceProvider->App\\Providers\\{closure}()
#24 /media/suraiya/New Volume/Lomeyo-Work/Practice-Projects(Internship)/ogani-ecommerce/vendor/laravel/framework/src/Illuminate/Events/Dispatcher.php(418): Illuminate\\View\\Factory->Illuminate\\View\\Concerns\\{closure}()
#25 /media/suraiya/New Volume/Lomeyo-Work/Practice-Projects(Internship)/ogani-ecommerce/vendor/laravel/framework/src/Illuminate/Events/Dispatcher.php(249): Illuminate\\Events\\Dispatcher->Illuminate\\Events\\{closure}()
#26 /media/suraiya/New Volume/Lomeyo-Work/Practice-Projects(Internship)/ogani-ecommerce/vendor/laravel/framework/src/Illuminate/View/Concerns/ManagesEvents.php(177): Illuminate\\Events\\Dispatcher->dispatch()
#27 /media/suraiya/New Volume/Lomeyo-Work/Practice-Projects(Internship)/ogani-ecommerce/vendor/laravel/framework/src/Illuminate/View/View.php(176): Illuminate\\View\\Factory->callComposer()
#28 /media/suraiya/New Volume/Lomeyo-Work/Practice-Projects(Internship)/ogani-ecommerce/vendor/laravel/framework/src/Illuminate/View/View.php(147): Illuminate\\View\\View->renderContents()
#29 /media/suraiya/New Volume/Lomeyo-Work/Practice-Projects(Internship)/ogani-ecommerce/vendor/laravel/framework/src/Illuminate/Http/Response.php(69): Illuminate\\View\\View->render()
#30 /media/suraiya/New Volume/Lomeyo-Work/Practice-Projects(Internship)/ogani-ecommerce/vendor/laravel/framework/src/Illuminate/Http/Response.php(35): Illuminate\\Http\\Response->setContent()
#31 /media/suraiya/New Volume/Lomeyo-Work/Practice-Projects(Internship)/ogani-ecommerce/vendor/laravel/framework/src/Illuminate/Routing/ResponseFactory.php(57): Illuminate\\Http\\Response->__construct()
#32 /media/suraiya/New Volume/Lomeyo-Work/Practice-Projects(Internship)/ogani-ecommerce/vendor/laravel/framework/src/Illuminate/Routing/ResponseFactory.php(87): Illuminate\\Routing\\ResponseFactory->make()
#33 /media/suraiya/New Volume/Lomeyo-Work/Practice-Projects(Internship)/ogani-ecommerce/vendor/laravel/framework/src/Illuminate/Foundation/Exceptions/Handler.php(645): Illuminate\\Routing\\ResponseFactory->view()
#34 /media/suraiya/New Volume/Lomeyo-Work/Practice-Projects(Internship)/ogani-ecommerce/vendor/laravel/framework/src/Illuminate/Foundation/Exceptions/Handler.php(573): Illuminate\\Foundation\\Exceptions\\Handler->renderHttpException()
#35 /media/suraiya/New Volume/Lomeyo-Work/Practice-Projects(Internship)/ogani-ecommerce/vendor/laravel/framework/src/Illuminate/Foundation/Exceptions/Handler.php(479): Illuminate\\Foundation\\Exceptions\\Handler->prepareResponse()
#36 /media/suraiya/New Volume/Lomeyo-Work/Practice-Projects(Internship)/ogani-ecommerce/vendor/laravel/framework/src/Illuminate/Foundation/Exceptions/Handler.php(396): Illuminate\\Foundation\\Exceptions\\Handler->renderExceptionResponse()
#37 /media/suraiya/New Volume/Lomeyo-Work/Practice-Projects(Internship)/ogani-ecommerce/vendor/laravel/framework/src/Illuminate/Routing/Pipeline.php(51): Illuminate\\Foundation\\Exceptions\\Handler->render()
#38 /media/suraiya/New Volume/Lomeyo-Work/Practice-Projects(Internship)/ogani-ecommerce/vendor/laravel/framework/src/Illuminate/Pipeline/Pipeline.php(143): Illuminate\\Routing\\Pipeline->handleException()
#39 /media/suraiya/New Volume/Lomeyo-Work/Practice-Projects(Internship)/ogani-ecommerce/vendor/laravel/framework/src/Illuminate/Foundation/Http/Middleware/TransformsRequest.php(21): Illuminate\\Pipeline\\Pipeline->Illuminate\\Pipeline\\{closure}()
#40 /media/suraiya/New Volume/Lomeyo-Work/Practice-Projects(Internship)/ogani-ecommerce/vendor/laravel/framework/src/Illuminate/Foundation/Http/Middleware/ConvertEmptyStringsToNull.php(31): Illuminate\\Foundation\\Http\\Middleware\\TransformsRequest->handle()
#41 /media/suraiya/New Volume/Lomeyo-Work/Practice-Projects(Internship)/ogani-ecommerce/vendor/laravel/framework/src/Illuminate/Pipeline/Pipeline.php(180): Illuminate\\Foundation\\Http\\Middleware\\ConvertEmptyStringsToNull->handle()
#42 /media/suraiya/New Volume/Lomeyo-Work/Practice-Projects(Internship)/ogani-ecommerce/vendor/laravel/framework/src/Illuminate/Foundation/Http/Middleware/TransformsRequest.php(21): Illuminate\\Pipeline\\Pipeline->Illuminate\\Pipeline\\{closure}()
#43 /media/suraiya/New Volume/Lomeyo-Work/Practice-Projects(Internship)/ogani-ecommerce/vendor/laravel/framework/src/Illuminate/Foundation/Http/Middleware/TrimStrings.php(40): Illuminate\\Foundation\\Http\\Middleware\\TransformsRequest->handle()
#44 /media/suraiya/New Volume/Lomeyo-Work/Practice-Projects(Internship)/ogani-ecommerce/vendor/laravel/framework/src/Illuminate/Pipeline/Pipeline.php(180): Illuminate\\Foundation\\Http\\Middleware\\TrimStrings->handle()
#45 /media/suraiya/New Volume/Lomeyo-Work/Practice-Projects(Internship)/ogani-ecommerce/vendor/laravel/framework/src/Illuminate/Foundation/Http/Middleware/ValidatePostSize.php(27): Illuminate\\Pipeline\\Pipeline->Illuminate\\Pipeline\\{closure}()
#46 /media/suraiya/New Volume/Lomeyo-Work/Practice-Projects(Internship)/ogani-ecommerce/vendor/laravel/framework/src/Illuminate/Pipeline/Pipeline.php(180): Illuminate\\Foundation\\Http\\Middleware\\ValidatePostSize->handle()
#47 /media/suraiya/New Volume/Lomeyo-Work/Practice-Projects(Internship)/ogani-ecommerce/vendor/laravel/framework/src/Illuminate/Foundation/Http/Middleware/PreventRequestsDuringMaintenance.php(86): Illuminate\\Pipeline\\Pipeline->Illuminate\\Pipeline\\{closure}()
#48 /media/suraiya/New Volume/Lomeyo-Work/Practice-Projects(Internship)/ogani-ecommerce/vendor/laravel/framework/src/Illuminate/Pipeline/Pipeline.php(180): Illuminate\\Foundation\\Http\\Middleware\\PreventRequestsDuringMaintenance->handle()
#49 /media/suraiya/New Volume/Lomeyo-Work/Practice-Projects(Internship)/ogani-ecommerce/vendor/laravel/framework/src/Illuminate/Http/Middleware/HandleCors.php(49): Illuminate\\Pipeline\\Pipeline->Illuminate\\Pipeline\\{closure}()
#50 /media/suraiya/New Volume/Lomeyo-Work/Practice-Projects(Internship)/ogani-ecommerce/vendor/laravel/framework/src/Illuminate/Pipeline/Pipeline.php(180): Illuminate\\Http\\Middleware\\HandleCors->handle()
#51 /media/suraiya/New Volume/Lomeyo-Work/Practice-Projects(Internship)/ogani-ecommerce/vendor/laravel/framework/src/Illuminate/Http/Middleware/TrustProxies.php(39): Illuminate\\Pipeline\\Pipeline->Illuminate\\Pipeline\\{closure}()
#52 /media/suraiya/New Volume/Lomeyo-Work/Practice-Projects(Internship)/ogani-ecommerce/vendor/laravel/framework/src/Illuminate/Pipeline/Pipeline.php(180): Illuminate\\Http\\Middleware\\TrustProxies->handle()
#53 /media/suraiya/New Volume/Lomeyo-Work/Practice-Projects(Internship)/ogani-ecommerce/vendor/laravel/framework/src/Illuminate/Pipeline/Pipeline.php(116): Illuminate\\Pipeline\\Pipeline->Illuminate\\Pipeline\\{closure}()
#54 /media/suraiya/New Volume/Lomeyo-Work/Practice-Projects(Internship)/ogani-ecommerce/vendor/laravel/framework/src/Illuminate/Foundation/Http/Kernel.php(175): Illuminate\\Pipeline\\Pipeline->then()
#55 /media/suraiya/New Volume/Lomeyo-Work/Practice-Projects(Internship)/ogani-ecommerce/vendor/laravel/framework/src/Illuminate/Foundation/Http/Kernel.php(144): Illuminate\\Foundation\\Http\\Kernel->sendRequestThroughRouter()
#56 /media/suraiya/New Volume/Lomeyo-Work/Practice-Projects(Internship)/ogani-ecommerce/public/index.php(51): Illuminate\\Foundation\\Http\\Kernel->handle()
#57 /media/suraiya/New Volume/Lomeyo-Work/Practice-Projects(Internship)/ogani-ecommerce/vendor/laravel/framework/src/Illuminate/Foundation/resources/server.php(16): require_once('...')
#58 {main}
"} 
[2024-08-20 05:59:44] production.ERROR: SQLSTATE[HY000] [1045] Access denied for user 'forge'@'localhost' (using password: NO) (Connection: mysql, SQL: select * from `cms` limit 1) {"exception":"[object] (Illuminate\\Database\\QueryException(code: 1045): SQLSTATE[HY000] [1045] Access denied for user 'forge'@'localhost' (using password: NO) (Connection: mysql, SQL: select * from `cms` limit 1) at /media/suraiya/New Volume/Lomeyo-Work/Practice-Projects(Internship)/ogani-ecommerce/vendor/laravel/framework/src/Illuminate/Database/Connection.php:795)
[stacktrace]
#0 /media/suraiya/New Volume/Lomeyo-Work/Practice-Projects(Internship)/ogani-ecommerce/vendor/laravel/framework/src/Illuminate/Database/Connection.php(755): Illuminate\\Database\\Connection->runQueryCallback()
#1 /media/suraiya/New Volume/Lomeyo-Work/Practice-Projects(Internship)/ogani-ecommerce/vendor/laravel/framework/src/Illuminate/Database/Connection.php(407): Illuminate\\Database\\Connection->run()
#2 /media/suraiya/New Volume/Lomeyo-Work/Practice-Projects(Internship)/ogani-ecommerce/vendor/laravel/framework/src/Illuminate/Database/Query/Builder.php(2735): Illuminate\\Database\\Connection->select()
#3 /media/suraiya/New Volume/Lomeyo-Work/Practice-Projects(Internship)/ogani-ecommerce/vendor/laravel/framework/src/Illuminate/Database/Query/Builder.php(2724): Illuminate\\Database\\Query\\Builder->runSelect()
#4 /media/suraiya/New Volume/Lomeyo-Work/Practice-Projects(Internship)/ogani-ecommerce/vendor/laravel/framework/src/Illuminate/Database/Query/Builder.php(3278): Illuminate\\Database\\Query\\Builder->Illuminate\\Database\\Query\\{closure}()
#5 /media/suraiya/New Volume/Lomeyo-Work/Practice-Projects(Internship)/ogani-ecommerce/vendor/laravel/framework/src/Illuminate/Database/Query/Builder.php(2723): Illuminate\\Database\\Query\\Builder->onceWithColumns()
#6 /media/suraiya/New Volume/Lomeyo-Work/Practice-Projects(Internship)/ogani-ecommerce/vendor/laravel/framework/src/Illuminate/Database/Eloquent/Builder.php(717): Illuminate\\Database\\Query\\Builder->get()
#7 /media/suraiya/New Volume/Lomeyo-Work/Practice-Projects(Internship)/ogani-ecommerce/vendor/laravel/framework/src/Illuminate/Database/Eloquent/Builder.php(701): Illuminate\\Database\\Eloquent\\Builder->getModels()
#8 /media/suraiya/New Volume/Lomeyo-Work/Practice-Projects(Internship)/ogani-ecommerce/vendor/laravel/framework/src/Illuminate/Database/Concerns/BuildsQueries.php(296): Illuminate\\Database\\Eloquent\\Builder->get()
#9 /media/suraiya/New Volume/Lomeyo-Work/Practice-Projects(Internship)/ogani-ecommerce/vendor/laravel/framework/src/Illuminate/Support/Traits/ForwardsCalls.php(23): Illuminate\\Database\\Eloquent\\Builder->first()
#10 /media/suraiya/New Volume/Lomeyo-Work/Practice-Projects(Internship)/ogani-ecommerce/vendor/laravel/framework/src/Illuminate/Database/Eloquent/Model.php(2335): Illuminate\\Database\\Eloquent\\Model->forwardCallTo()
#11 /media/suraiya/New Volume/Lomeyo-Work/Practice-Projects(Internship)/ogani-ecommerce/vendor/laravel/framework/src/Illuminate/Database/Eloquent/Model.php(2347): Illuminate\\Database\\Eloquent\\Model->__call()
#12 /media/suraiya/New Volume/Lomeyo-Work/Practice-Projects(Internship)/ogani-ecommerce/app/Providers/AppServiceProvider.php(61): Illuminate\\Database\\Eloquent\\Model::__callStatic()
#13 /media/suraiya/New Volume/Lomeyo-Work/Practice-Projects(Internship)/ogani-ecommerce/vendor/laravel/framework/src/Illuminate/View/Concerns/ManagesEvents.php(162): App\\Providers\\AppServiceProvider->App\\Providers\\{closure}()
#14 /media/suraiya/New Volume/Lomeyo-Work/Practice-Projects(Internship)/ogani-ecommerce/vendor/laravel/framework/src/Illuminate/Events/Dispatcher.php(418): Illuminate\\View\\Factory->Illuminate\\View\\Concerns\\{closure}()
#15 /media/suraiya/New Volume/Lomeyo-Work/Practice-Projects(Internship)/ogani-ecommerce/vendor/laravel/framework/src/Illuminate/Events/Dispatcher.php(249): Illuminate\\Events\\Dispatcher->Illuminate\\Events\\{closure}()
#16 /media/suraiya/New Volume/Lomeyo-Work/Practice-Projects(Internship)/ogani-ecommerce/vendor/laravel/framework/src/Illuminate/View/Concerns/ManagesEvents.php(177): Illuminate\\Events\\Dispatcher->dispatch()
#17 /media/suraiya/New Volume/Lomeyo-Work/Practice-Projects(Internship)/ogani-ecommerce/vendor/laravel/framework/src/Illuminate/View/View.php(176): Illuminate\\View\\Factory->callComposer()
#18 /media/suraiya/New Volume/Lomeyo-Work/Practice-Projects(Internship)/ogani-ecommerce/vendor/laravel/framework/src/Illuminate/View/View.php(147): Illuminate\\View\\View->renderContents()
#19 /media/suraiya/New Volume/Lomeyo-Work/Practice-Projects(Internship)/ogani-ecommerce/vendor/laravel/framework/src/Illuminate/Http/Response.php(69): Illuminate\\View\\View->render()
#20 /media/suraiya/New Volume/Lomeyo-Work/Practice-Projects(Internship)/ogani-ecommerce/vendor/laravel/framework/src/Illuminate/Http/Response.php(35): Illuminate\\Http\\Response->setContent()
#21 /media/suraiya/New Volume/Lomeyo-Work/Practice-Projects(Internship)/ogani-ecommerce/vendor/laravel/framework/src/Illuminate/Routing/ResponseFactory.php(57): Illuminate\\Http\\Response->__construct()
#22 /media/suraiya/New Volume/Lomeyo-Work/Practice-Projects(Internship)/ogani-ecommerce/vendor/laravel/framework/src/Illuminate/Routing/ResponseFactory.php(87): Illuminate\\Routing\\ResponseFactory->make()
#23 /media/suraiya/New Volume/Lomeyo-Work/Practice-Projects(Internship)/ogani-ecommerce/vendor/laravel/framework/src/Illuminate/Foundation/Exceptions/Handler.php(645): Illuminate\\Routing\\ResponseFactory->view()
#24 /media/suraiya/New Volume/Lomeyo-Work/Practice-Projects(Internship)/ogani-ecommerce/vendor/laravel/framework/src/Illuminate/Foundation/Exceptions/Handler.php(573): Illuminate\\Foundation\\Exceptions\\Handler->renderHttpException()
#25 /media/suraiya/New Volume/Lomeyo-Work/Practice-Projects(Internship)/ogani-ecommerce/vendor/laravel/framework/src/Illuminate/Foundation/Exceptions/Handler.php(479): Illuminate\\Foundation\\Exceptions\\Handler->prepareResponse()
#26 /media/suraiya/New Volume/Lomeyo-Work/Practice-Projects(Internship)/ogani-ecommerce/vendor/laravel/framework/src/Illuminate/Foundation/Exceptions/Handler.php(396): Illuminate\\Foundation\\Exceptions\\Handler->renderExceptionResponse()
#27 /media/suraiya/New Volume/Lomeyo-Work/Practice-Projects(Internship)/ogani-ecommerce/vendor/laravel/framework/src/Illuminate/Routing/Pipeline.php(51): Illuminate\\Foundation\\Exceptions\\Handler->render()
#28 /media/suraiya/New Volume/Lomeyo-Work/Practice-Projects(Internship)/ogani-ecommerce/vendor/laravel/framework/src/Illuminate/Pipeline/Pipeline.php(185): Illuminate\\Routing\\Pipeline->handleException()
#29 /media/suraiya/New Volume/Lomeyo-Work/Practice-Projects(Internship)/ogani-ecommerce/vendor/laravel/framework/src/Illuminate/Foundation/Http/Middleware/TransformsRequest.php(21): Illuminate\\Pipeline\\Pipeline->Illuminate\\Pipeline\\{closure}()
#30 /media/suraiya/New Volume/Lomeyo-Work/Practice-Projects(Internship)/ogani-ecommerce/vendor/laravel/framework/src/Illuminate/Foundation/Http/Middleware/TrimStrings.php(40): Illuminate\\Foundation\\Http\\Middleware\\TransformsRequest->handle()
#31 /media/suraiya/New Volume/Lomeyo-Work/Practice-Projects(Internship)/ogani-ecommerce/vendor/laravel/framework/src/Illuminate/Pipeline/Pipeline.php(180): Illuminate\\Foundation\\Http\\Middleware\\TrimStrings->handle()
#32 /media/suraiya/New Volume/Lomeyo-Work/Practice-Projects(Internship)/ogani-ecommerce/vendor/laravel/framework/src/Illuminate/Foundation/Http/Middleware/ValidatePostSize.php(27): Illuminate\\Pipeline\\Pipeline->Illuminate\\Pipeline\\{closure}()
#33 /media/suraiya/New Volume/Lomeyo-Work/Practice-Projects(Internship)/ogani-ecommerce/vendor/laravel/framework/src/Illuminate/Pipeline/Pipeline.php(180): Illuminate\\Foundation\\Http\\Middleware\\ValidatePostSize->handle()
#34 /media/suraiya/New Volume/Lomeyo-Work/Practice-Projects(Internship)/ogani-ecommerce/vendor/laravel/framework/src/Illuminate/Foundation/Http/Middleware/PreventRequestsDuringMaintenance.php(86): Illuminate\\Pipeline\\Pipeline->Illuminate\\Pipeline\\{closure}()
#35 /media/suraiya/New Volume/Lomeyo-Work/Practice-Projects(Internship)/ogani-ecommerce/vendor/laravel/framework/src/Illuminate/Pipeline/Pipeline.php(180): Illuminate\\Foundation\\Http\\Middleware\\PreventRequestsDuringMaintenance->handle()
#36 /media/suraiya/New Volume/Lomeyo-Work/Practice-Projects(Internship)/ogani-ecommerce/vendor/laravel/framework/src/Illuminate/Http/Middleware/HandleCors.php(49): Illuminate\\Pipeline\\Pipeline->Illuminate\\Pipeline\\{closure}()
#37 /media/suraiya/New Volume/Lomeyo-Work/Practice-Projects(Internship)/ogani-ecommerce/vendor/laravel/framework/src/Illuminate/Pipeline/Pipeline.php(180): Illuminate\\Http\\Middleware\\HandleCors->handle()
#38 /media/suraiya/New Volume/Lomeyo-Work/Practice-Projects(Internship)/ogani-ecommerce/vendor/laravel/framework/src/Illuminate/Http/Middleware/TrustProxies.php(39): Illuminate\\Pipeline\\Pipeline->Illuminate\\Pipeline\\{closure}()
#39 /media/suraiya/New Volume/Lomeyo-Work/Practice-Projects(Internship)/ogani-ecommerce/vendor/laravel/framework/src/Illuminate/Pipeline/Pipeline.php(180): Illuminate\\Http\\Middleware\\TrustProxies->handle()
#40 /media/suraiya/New Volume/Lomeyo-Work/Practice-Projects(Internship)/ogani-ecommerce/vendor/laravel/framework/src/Illuminate/Pipeline/Pipeline.php(116): Illuminate\\Pipeline\\Pipeline->Illuminate\\Pipeline\\{closure}()
#41 /media/suraiya/New Volume/Lomeyo-Work/Practice-Projects(Internship)/ogani-ecommerce/vendor/laravel/framework/src/Illuminate/Foundation/Http/Kernel.php(175): Illuminate\\Pipeline\\Pipeline->then()
#42 /media/suraiya/New Volume/Lomeyo-Work/Practice-Projects(Internship)/ogani-ecommerce/vendor/laravel/framework/src/Illuminate/Foundation/Http/Kernel.php(144): Illuminate\\Foundation\\Http\\Kernel->sendRequestThroughRouter()
#43 /media/suraiya/New Volume/Lomeyo-Work/Practice-Projects(Internship)/ogani-ecommerce/public/index.php(51): Illuminate\\Foundation\\Http\\Kernel->handle()
#44 /media/suraiya/New Volume/Lomeyo-Work/Practice-Projects(Internship)/ogani-ecommerce/vendor/laravel/framework/src/Illuminate/Foundation/resources/server.php(16): require_once('...')
#45 {main}

[previous exception] [object] (PDOException(code: 1045): SQLSTATE[HY000] [1045] Access denied for user 'forge'@'localhost' (using password: NO) at /media/suraiya/New Volume/Lomeyo-Work/Practice-Projects(Internship)/ogani-ecommerce/vendor/laravel/framework/src/Illuminate/Database/Connectors/Connector.php:65)
[stacktrace]
#0 /media/suraiya/New Volume/Lomeyo-Work/Practice-Projects(Internship)/ogani-ecommerce/vendor/laravel/framework/src/Illuminate/Database/Connectors/Connector.php(65): PDO->__construct()
#1 /media/suraiya/New Volume/Lomeyo-Work/Practice-Projects(Internship)/ogani-ecommerce/vendor/laravel/framework/src/Illuminate/Database/Connectors/Connector.php(44): Illuminate\\Database\\Connectors\\Connector->createPdoConnection()
#2 /media/suraiya/New Volume/Lomeyo-Work/Practice-Projects(Internship)/ogani-ecommerce/vendor/laravel/framework/src/Illuminate/Database/Connectors/MySqlConnector.php(24): Illuminate\\Database\\Connectors\\Connector->createConnection()
#3 /media/suraiya/New Volume/Lomeyo-Work/Practice-Projects(Internship)/ogani-ecommerce/vendor/laravel/framework/src/Illuminate/Database/Connectors/ConnectionFactory.php(184): Illuminate\\Database\\Connectors\\MySqlConnector->connect()
#4 [internal function]: Illuminate\\Database\\Connectors\\ConnectionFactory->Illuminate\\Database\\Connectors\\{closure}()
#5 /media/suraiya/New Volume/Lomeyo-Work/Practice-Projects(Internship)/ogani-ecommerce/vendor/laravel/framework/src/Illuminate/Database/Connection.php(1275): call_user_func()
#6 /media/suraiya/New Volume/Lomeyo-Work/Practice-Projects(Internship)/ogani-ecommerce/vendor/laravel/framework/src/Illuminate/Database/Connection.php(1311): Illuminate\\Database\\Connection->getPdo()
#7 /media/suraiya/New Volume/Lomeyo-Work/Practice-Projects(Internship)/ogani-ecommerce/vendor/laravel/framework/src/Illuminate/Database/Connection.php(521): Illuminate\\Database\\Connection->getReadPdo()
#8 /media/suraiya/New Volume/Lomeyo-Work/Practice-Projects(Internship)/ogani-ecommerce/vendor/laravel/framework/src/Illuminate/Database/Connection.php(416): Illuminate\\Database\\Connection->getPdoForSelect()
#9 /media/suraiya/New Volume/Lomeyo-Work/Practice-Projects(Internship)/ogani-ecommerce/vendor/laravel/framework/src/Illuminate/Database/Connection.php(788): Illuminate\\Database\\Connection->Illuminate\\Database\\{closure}()
#10 /media/suraiya/New Volume/Lomeyo-Work/Practice-Projects(Internship)/ogani-ecommerce/vendor/laravel/framework/src/Illuminate/Database/Connection.php(755): Illuminate\\Database\\Connection->runQueryCallback()
#11 /media/suraiya/New Volume/Lomeyo-Work/Practice-Projects(Internship)/ogani-ecommerce/vendor/laravel/framework/src/Illuminate/Database/Connection.php(407): Illuminate\\Database\\Connection->run()
#12 /media/suraiya/New Volume/Lomeyo-Work/Practice-Projects(Internship)/ogani-ecommerce/vendor/laravel/framework/src/Illuminate/Database/Query/Builder.php(2735): Illuminate\\Database\\Connection->select()
#13 /media/suraiya/New Volume/Lomeyo-Work/Practice-Projects(Internship)/ogani-ecommerce/vendor/laravel/framework/src/Illuminate/Database/Query/Builder.php(2724): Illuminate\\Database\\Query\\Builder->runSelect()
#14 /media/suraiya/New Volume/Lomeyo-Work/Practice-Projects(Internship)/ogani-ecommerce/vendor/laravel/framework/src/Illuminate/Database/Query/Builder.php(3278): Illuminate\\Database\\Query\\Builder->Illuminate\\Database\\Query\\{closure}()
#15 /media/suraiya/New Volume/Lomeyo-Work/Practice-Projects(Internship)/ogani-ecommerce/vendor/laravel/framework/src/Illuminate/Database/Query/Builder.php(2723): Illuminate\\Database\\Query\\Builder->onceWithColumns()
#16 /media/suraiya/New Volume/Lomeyo-Work/Practice-Projects(Internship)/ogani-ecommerce/vendor/laravel/framework/src/Illuminate/Database/Eloquent/Builder.php(717): Illuminate\\Database\\Query\\Builder->get()
#17 /media/suraiya/New Volume/Lomeyo-Work/Practice-Projects(Internship)/ogani-ecommerce/vendor/laravel/framework/src/Illuminate/Database/Eloquent/Builder.php(701): Illuminate\\Database\\Eloquent\\Builder->getModels()
#18 /media/suraiya/New Volume/Lomeyo-Work/Practice-Projects(Internship)/ogani-ecommerce/vendor/laravel/framework/src/Illuminate/Database/Concerns/BuildsQueries.php(296): Illuminate\\Database\\Eloquent\\Builder->get()
#19 /media/suraiya/New Volume/Lomeyo-Work/Practice-Projects(Internship)/ogani-ecommerce/vendor/laravel/framework/src/Illuminate/Support/Traits/ForwardsCalls.php(23): Illuminate\\Database\\Eloquent\\Builder->first()
#20 /media/suraiya/New Volume/Lomeyo-Work/Practice-Projects(Internship)/ogani-ecommerce/vendor/laravel/framework/src/Illuminate/Database/Eloquent/Model.php(2335): Illuminate\\Database\\Eloquent\\Model->forwardCallTo()
#21 /media/suraiya/New Volume/Lomeyo-Work/Practice-Projects(Internship)/ogani-ecommerce/vendor/laravel/framework/src/Illuminate/Database/Eloquent/Model.php(2347): Illuminate\\Database\\Eloquent\\Model->__call()
#22 /media/suraiya/New Volume/Lomeyo-Work/Practice-Projects(Internship)/ogani-ecommerce/app/Providers/AppServiceProvider.php(61): Illuminate\\Database\\Eloquent\\Model::__callStatic()
#23 /media/suraiya/New Volume/Lomeyo-Work/Practice-Projects(Internship)/ogani-ecommerce/vendor/laravel/framework/src/Illuminate/View/Concerns/ManagesEvents.php(162): App\\Providers\\AppServiceProvider->App\\Providers\\{closure}()
#24 /media/suraiya/New Volume/Lomeyo-Work/Practice-Projects(Internship)/ogani-ecommerce/vendor/laravel/framework/src/Illuminate/Events/Dispatcher.php(418): Illuminate\\View\\Factory->Illuminate\\View\\Concerns\\{closure}()
#25 /media/suraiya/New Volume/Lomeyo-Work/Practice-Projects(Internship)/ogani-ecommerce/vendor/laravel/framework/src/Illuminate/Events/Dispatcher.php(249): Illuminate\\Events\\Dispatcher->Illuminate\\Events\\{closure}()
#26 /media/suraiya/New Volume/Lomeyo-Work/Practice-Projects(Internship)/ogani-ecommerce/vendor/laravel/framework/src/Illuminate/View/Concerns/ManagesEvents.php(177): Illuminate\\Events\\Dispatcher->dispatch()
#27 /media/suraiya/New Volume/Lomeyo-Work/Practice-Projects(Internship)/ogani-ecommerce/vendor/laravel/framework/src/Illuminate/View/View.php(176): Illuminate\\View\\Factory->callComposer()
#28 /media/suraiya/New Volume/Lomeyo-Work/Practice-Projects(Internship)/ogani-ecommerce/vendor/laravel/framework/src/Illuminate/View/View.php(147): Illuminate\\View\\View->renderContents()
#29 /media/suraiya/New Volume/Lomeyo-Work/Practice-Projects(Internship)/ogani-ecommerce/vendor/laravel/framework/src/Illuminate/Http/Response.php(69): Illuminate\\View\\View->render()
#30 /media/suraiya/New Volume/Lomeyo-Work/Practice-Projects(Internship)/ogani-ecommerce/vendor/laravel/framework/src/Illuminate/Http/Response.php(35): Illuminate\\Http\\Response->setContent()
#31 /media/suraiya/New Volume/Lomeyo-Work/Practice-Projects(Internship)/ogani-ecommerce/vendor/laravel/framework/src/Illuminate/Routing/ResponseFactory.php(57): Illuminate\\Http\\Response->__construct()
#32 /media/suraiya/New Volume/Lomeyo-Work/Practice-Projects(Internship)/ogani-ecommerce/vendor/laravel/framework/src/Illuminate/Routing/ResponseFactory.php(87): Illuminate\\Routing\\ResponseFactory->make()
#33 /media/suraiya/New Volume/Lomeyo-Work/Practice-Projects(Internship)/ogani-ecommerce/vendor/laravel/framework/src/Illuminate/Foundation/Exceptions/Handler.php(645): Illuminate\\Routing\\ResponseFactory->view()
#34 /media/suraiya/New Volume/Lomeyo-Work/Practice-Projects(Internship)/ogani-ecommerce/vendor/laravel/framework/src/Illuminate/Foundation/Exceptions/Handler.php(573): Illuminate\\Foundation\\Exceptions\\Handler->renderHttpException()
#35 /media/suraiya/New Volume/Lomeyo-Work/Practice-Projects(Internship)/ogani-ecommerce/vendor/laravel/framework/src/Illuminate/Foundation/Exceptions/Handler.php(479): Illuminate\\Foundation\\Exceptions\\Handler->prepareResponse()
#36 /media/suraiya/New Volume/Lomeyo-Work/Practice-Projects(Internship)/ogani-ecommerce/vendor/laravel/framework/src/Illuminate/Foundation/Exceptions/Handler.php(396): Illuminate\\Foundation\\Exceptions\\Handler->renderExceptionResponse()
#37 /media/suraiya/New Volume/Lomeyo-Work/Practice-Projects(Internship)/ogani-ecommerce/vendor/laravel/framework/src/Illuminate/Routing/Pipeline.php(51): Illuminate\\Foundation\\Exceptions\\Handler->render()
#38 /media/suraiya/New Volume/Lomeyo-Work/Practice-Projects(Internship)/ogani-ecommerce/vendor/laravel/framework/src/Illuminate/Pipeline/Pipeline.php(185): Illuminate\\Routing\\Pipeline->handleException()
#39 /media/suraiya/New Volume/Lomeyo-Work/Practice-Projects(Internship)/ogani-ecommerce/vendor/laravel/framework/src/Illuminate/Foundation/Http/Middleware/TransformsRequest.php(21): Illuminate\\Pipeline\\Pipeline->Illuminate\\Pipeline\\{closure}()
#40 /media/suraiya/New Volume/Lomeyo-Work/Practice-Projects(Internship)/ogani-ecommerce/vendor/laravel/framework/src/Illuminate/Foundation/Http/Middleware/TrimStrings.php(40): Illuminate\\Foundation\\Http\\Middleware\\TransformsRequest->handle()
#41 /media/suraiya/New Volume/Lomeyo-Work/Practice-Projects(Internship)/ogani-ecommerce/vendor/laravel/framework/src/Illuminate/Pipeline/Pipeline.php(180): Illuminate\\Foundation\\Http\\Middleware\\TrimStrings->handle()
#42 /media/suraiya/New Volume/Lomeyo-Work/Practice-Projects(Internship)/ogani-ecommerce/vendor/laravel/framework/src/Illuminate/Foundation/Http/Middleware/ValidatePostSize.php(27): Illuminate\\Pipeline\\Pipeline->Illuminate\\Pipeline\\{closure}()
#43 /media/suraiya/New Volume/Lomeyo-Work/Practice-Projects(Internship)/ogani-ecommerce/vendor/laravel/framework/src/Illuminate/Pipeline/Pipeline.php(180): Illuminate\\Foundation\\Http\\Middleware\\ValidatePostSize->handle()
#44 /media/suraiya/New Volume/Lomeyo-Work/Practice-Projects(Internship)/ogani-ecommerce/vendor/laravel/framework/src/Illuminate/Foundation/Http/Middleware/PreventRequestsDuringMaintenance.php(86): Illuminate\\Pipeline\\Pipeline->Illuminate\\Pipeline\\{closure}()
#45 /media/suraiya/New Volume/Lomeyo-Work/Practice-Projects(Internship)/ogani-ecommerce/vendor/laravel/framework/src/Illuminate/Pipeline/Pipeline.php(180): Illuminate\\Foundation\\Http\\Middleware\\PreventRequestsDuringMaintenance->handle()
#46 /media/suraiya/New Volume/Lomeyo-Work/Practice-Projects(Internship)/ogani-ecommerce/vendor/laravel/framework/src/Illuminate/Http/Middleware/HandleCors.php(49): Illuminate\\Pipeline\\Pipeline->Illuminate\\Pipeline\\{closure}()
#47 /media/suraiya/New Volume/Lomeyo-Work/Practice-Projects(Internship)/ogani-ecommerce/vendor/laravel/framework/src/Illuminate/Pipeline/Pipeline.php(180): Illuminate\\Http\\Middleware\\HandleCors->handle()
#48 /media/suraiya/New Volume/Lomeyo-Work/Practice-Projects(Internship)/ogani-ecommerce/vendor/laravel/framework/src/Illuminate/Http/Middleware/TrustProxies.php(39): Illuminate\\Pipeline\\Pipeline->Illuminate\\Pipeline\\{closure}()
#49 /media/suraiya/New Volume/Lomeyo-Work/Practice-Projects(Internship)/ogani-ecommerce/vendor/laravel/framework/src/Illuminate/Pipeline/Pipeline.php(180): Illuminate\\Http\\Middleware\\TrustProxies->handle()
#50 /media/suraiya/New Volume/Lomeyo-Work/Practice-Projects(Internship)/ogani-ecommerce/vendor/laravel/framework/src/Illuminate/Pipeline/Pipeline.php(116): Illuminate\\Pipeline\\Pipeline->Illuminate\\Pipeline\\{closure}()
#51 /media/suraiya/New Volume/Lomeyo-Work/Practice-Projects(Internship)/ogani-ecommerce/vendor/laravel/framework/src/Illuminate/Foundation/Http/Kernel.php(175): Illuminate\\Pipeline\\Pipeline->then()
#52 /media/suraiya/New Volume/Lomeyo-Work/Practice-Projects(Internship)/ogani-ecommerce/vendor/laravel/framework/src/Illuminate/Foundation/Http/Kernel.php(144): Illuminate\\Foundation\\Http\\Kernel->sendRequestThroughRouter()
#53 /media/suraiya/New Volume/Lomeyo-Work/Practice-Projects(Internship)/ogani-ecommerce/public/index.php(51): Illuminate\\Foundation\\Http\\Kernel->handle()
#54 /media/suraiya/New Volume/Lomeyo-Work/Practice-Projects(Internship)/ogani-ecommerce/vendor/laravel/framework/src/Illuminate/Foundation/resources/server.php(16): require_once('...')
#55 {main}
"} 
[2024-08-20 05:59:44] production.ERROR: SQLSTATE[HY000] [1045] Access denied for user 'forge'@'localhost' (using password: NO) (Connection: mysql, SQL: select * from `cms` limit 1) {"exception":"[object] (Illuminate\\Database\\QueryException(code: 1045): SQLSTATE[HY000] [1045] Access denied for user 'forge'@'localhost' (using password: NO) (Connection: mysql, SQL: select * from `cms` limit 1) at /media/suraiya/New Volume/Lomeyo-Work/Practice-Projects(Internship)/ogani-ecommerce/vendor/laravel/framework/src/Illuminate/Database/Connection.php:795)
[stacktrace]
#0 /media/suraiya/New Volume/Lomeyo-Work/Practice-Projects(Internship)/ogani-ecommerce/vendor/laravel/framework/src/Illuminate/Database/Connection.php(755): Illuminate\\Database\\Connection->runQueryCallback()
#1 /media/suraiya/New Volume/Lomeyo-Work/Practice-Projects(Internship)/ogani-ecommerce/vendor/laravel/framework/src/Illuminate/Database/Connection.php(407): Illuminate\\Database\\Connection->run()
#2 /media/suraiya/New Volume/Lomeyo-Work/Practice-Projects(Internship)/ogani-ecommerce/vendor/laravel/framework/src/Illuminate/Database/Query/Builder.php(2735): Illuminate\\Database\\Connection->select()
#3 /media/suraiya/New Volume/Lomeyo-Work/Practice-Projects(Internship)/ogani-ecommerce/vendor/laravel/framework/src/Illuminate/Database/Query/Builder.php(2724): Illuminate\\Database\\Query\\Builder->runSelect()
#4 /media/suraiya/New Volume/Lomeyo-Work/Practice-Projects(Internship)/ogani-ecommerce/vendor/laravel/framework/src/Illuminate/Database/Query/Builder.php(3278): Illuminate\\Database\\Query\\Builder->Illuminate\\Database\\Query\\{closure}()
#5 /media/suraiya/New Volume/Lomeyo-Work/Practice-Projects(Internship)/ogani-ecommerce/vendor/laravel/framework/src/Illuminate/Database/Query/Builder.php(2723): Illuminate\\Database\\Query\\Builder->onceWithColumns()
#6 /media/suraiya/New Volume/Lomeyo-Work/Practice-Projects(Internship)/ogani-ecommerce/vendor/laravel/framework/src/Illuminate/Database/Eloquent/Builder.php(717): Illuminate\\Database\\Query\\Builder->get()
#7 /media/suraiya/New Volume/Lomeyo-Work/Practice-Projects(Internship)/ogani-ecommerce/vendor/laravel/framework/src/Illuminate/Database/Eloquent/Builder.php(701): Illuminate\\Database\\Eloquent\\Builder->getModels()
#8 /media/suraiya/New Volume/Lomeyo-Work/Practice-Projects(Internship)/ogani-ecommerce/vendor/laravel/framework/src/Illuminate/Database/Concerns/BuildsQueries.php(296): Illuminate\\Database\\Eloquent\\Builder->get()
#9 /media/suraiya/New Volume/Lomeyo-Work/Practice-Projects(Internship)/ogani-ecommerce/vendor/laravel/framework/src/Illuminate/Support/Traits/ForwardsCalls.php(23): Illuminate\\Database\\Eloquent\\Builder->first()
#10 /media/suraiya/New Volume/Lomeyo-Work/Practice-Projects(Internship)/ogani-ecommerce/vendor/laravel/framework/src/Illuminate/Database/Eloquent/Model.php(2335): Illuminate\\Database\\Eloquent\\Model->forwardCallTo()
#11 /media/suraiya/New Volume/Lomeyo-Work/Practice-Projects(Internship)/ogani-ecommerce/vendor/laravel/framework/src/Illuminate/Database/Eloquent/Model.php(2347): Illuminate\\Database\\Eloquent\\Model->__call()
#12 /media/suraiya/New Volume/Lomeyo-Work/Practice-Projects(Internship)/ogani-ecommerce/app/Providers/AppServiceProvider.php(61): Illuminate\\Database\\Eloquent\\Model::__callStatic()
#13 /media/suraiya/New Volume/Lomeyo-Work/Practice-Projects(Internship)/ogani-ecommerce/vendor/laravel/framework/src/Illuminate/View/Concerns/ManagesEvents.php(162): App\\Providers\\AppServiceProvider->App\\Providers\\{closure}()
#14 /media/suraiya/New Volume/Lomeyo-Work/Practice-Projects(Internship)/ogani-ecommerce/vendor/laravel/framework/src/Illuminate/Events/Dispatcher.php(418): Illuminate\\View\\Factory->Illuminate\\View\\Concerns\\{closure}()
#15 /media/suraiya/New Volume/Lomeyo-Work/Practice-Projects(Internship)/ogani-ecommerce/vendor/laravel/framework/src/Illuminate/Events/Dispatcher.php(249): Illuminate\\Events\\Dispatcher->Illuminate\\Events\\{closure}()
#16 /media/suraiya/New Volume/Lomeyo-Work/Practice-Projects(Internship)/ogani-ecommerce/vendor/laravel/framework/src/Illuminate/View/Concerns/ManagesEvents.php(177): Illuminate\\Events\\Dispatcher->dispatch()
#17 /media/suraiya/New Volume/Lomeyo-Work/Practice-Projects(Internship)/ogani-ecommerce/vendor/laravel/framework/src/Illuminate/View/View.php(176): Illuminate\\View\\Factory->callComposer()
#18 /media/suraiya/New Volume/Lomeyo-Work/Practice-Projects(Internship)/ogani-ecommerce/vendor/laravel/framework/src/Illuminate/View/View.php(147): Illuminate\\View\\View->renderContents()
#19 /media/suraiya/New Volume/Lomeyo-Work/Practice-Projects(Internship)/ogani-ecommerce/vendor/laravel/framework/src/Illuminate/Http/Response.php(69): Illuminate\\View\\View->render()
#20 /media/suraiya/New Volume/Lomeyo-Work/Practice-Projects(Internship)/ogani-ecommerce/vendor/laravel/framework/src/Illuminate/Http/Response.php(35): Illuminate\\Http\\Response->setContent()
#21 /media/suraiya/New Volume/Lomeyo-Work/Practice-Projects(Internship)/ogani-ecommerce/vendor/laravel/framework/src/Illuminate/Routing/ResponseFactory.php(57): Illuminate\\Http\\Response->__construct()
#22 /media/suraiya/New Volume/Lomeyo-Work/Practice-Projects(Internship)/ogani-ecommerce/vendor/laravel/framework/src/Illuminate/Routing/ResponseFactory.php(87): Illuminate\\Routing\\ResponseFactory->make()
#23 /media/suraiya/New Volume/Lomeyo-Work/Practice-Projects(Internship)/ogani-ecommerce/vendor/laravel/framework/src/Illuminate/Foundation/Exceptions/Handler.php(645): Illuminate\\Routing\\ResponseFactory->view()
#24 /media/suraiya/New Volume/Lomeyo-Work/Practice-Projects(Internship)/ogani-ecommerce/vendor/laravel/framework/src/Illuminate/Foundation/Exceptions/Handler.php(573): Illuminate\\Foundation\\Exceptions\\Handler->renderHttpException()
#25 /media/suraiya/New Volume/Lomeyo-Work/Practice-Projects(Internship)/ogani-ecommerce/vendor/laravel/framework/src/Illuminate/Foundation/Exceptions/Handler.php(479): Illuminate\\Foundation\\Exceptions\\Handler->prepareResponse()
#26 /media/suraiya/New Volume/Lomeyo-Work/Practice-Projects(Internship)/ogani-ecommerce/vendor/laravel/framework/src/Illuminate/Foundation/Exceptions/Handler.php(396): Illuminate\\Foundation\\Exceptions\\Handler->renderExceptionResponse()
#27 /media/suraiya/New Volume/Lomeyo-Work/Practice-Projects(Internship)/ogani-ecommerce/vendor/laravel/framework/src/Illuminate/Routing/Pipeline.php(51): Illuminate\\Foundation\\Exceptions\\Handler->render()
#28 /media/suraiya/New Volume/Lomeyo-Work/Practice-Projects(Internship)/ogani-ecommerce/vendor/laravel/framework/src/Illuminate/Pipeline/Pipeline.php(185): Illuminate\\Routing\\Pipeline->handleException()
#29 /media/suraiya/New Volume/Lomeyo-Work/Practice-Projects(Internship)/ogani-ecommerce/vendor/laravel/framework/src/Illuminate/Foundation/Http/Middleware/ValidatePostSize.php(27): Illuminate\\Pipeline\\Pipeline->Illuminate\\Pipeline\\{closure}()
#30 /media/suraiya/New Volume/Lomeyo-Work/Practice-Projects(Internship)/ogani-ecommerce/vendor/laravel/framework/src/Illuminate/Pipeline/Pipeline.php(180): Illuminate\\Foundation\\Http\\Middleware\\ValidatePostSize->handle()
#31 /media/suraiya/New Volume/Lomeyo-Work/Practice-Projects(Internship)/ogani-ecommerce/vendor/laravel/framework/src/Illuminate/Foundation/Http/Middleware/PreventRequestsDuringMaintenance.php(86): Illuminate\\Pipeline\\Pipeline->Illuminate\\Pipeline\\{closure}()
#32 /media/suraiya/New Volume/Lomeyo-Work/Practice-Projects(Internship)/ogani-ecommerce/vendor/laravel/framework/src/Illuminate/Pipeline/Pipeline.php(180): Illuminate\\Foundation\\Http\\Middleware\\PreventRequestsDuringMaintenance->handle()
#33 /media/suraiya/New Volume/Lomeyo-Work/Practice-Projects(Internship)/ogani-ecommerce/vendor/laravel/framework/src/Illuminate/Http/Middleware/HandleCors.php(49): Illuminate\\Pipeline\\Pipeline->Illuminate\\Pipeline\\{closure}()
#34 /media/suraiya/New Volume/Lomeyo-Work/Practice-Projects(Internship)/ogani-ecommerce/vendor/laravel/framework/src/Illuminate/Pipeline/Pipeline.php(180): Illuminate\\Http\\Middleware\\HandleCors->handle()
#35 /media/suraiya/New Volume/Lomeyo-Work/Practice-Projects(Internship)/ogani-ecommerce/vendor/laravel/framework/src/Illuminate/Http/Middleware/TrustProxies.php(39): Illuminate\\Pipeline\\Pipeline->Illuminate\\Pipeline\\{closure}()
#36 /media/suraiya/New Volume/Lomeyo-Work/Practice-Projects(Internship)/ogani-ecommerce/vendor/laravel/framework/src/Illuminate/Pipeline/Pipeline.php(180): Illuminate\\Http\\Middleware\\TrustProxies->handle()
#37 /media/suraiya/New Volume/Lomeyo-Work/Practice-Projects(Internship)/ogani-ecommerce/vendor/laravel/framework/src/Illuminate/Pipeline/Pipeline.php(116): Illuminate\\Pipeline\\Pipeline->Illuminate\\Pipeline\\{closure}()
#38 /media/suraiya/New Volume/Lomeyo-Work/Practice-Projects(Internship)/ogani-ecommerce/vendor/laravel/framework/src/Illuminate/Foundation/Http/Kernel.php(175): Illuminate\\Pipeline\\Pipeline->then()
#39 /media/suraiya/New Volume/Lomeyo-Work/Practice-Projects(Internship)/ogani-ecommerce/vendor/laravel/framework/src/Illuminate/Foundation/Http/Kernel.php(144): Illuminate\\Foundation\\Http\\Kernel->sendRequestThroughRouter()
#40 /media/suraiya/New Volume/Lomeyo-Work/Practice-Projects(Internship)/ogani-ecommerce/public/index.php(51): Illuminate\\Foundation\\Http\\Kernel->handle()
#41 /media/suraiya/New Volume/Lomeyo-Work/Practice-Projects(Internship)/ogani-ecommerce/vendor/laravel/framework/src/Illuminate/Foundation/resources/server.php(16): require_once('...')
#42 {main}

[previous exception] [object] (PDOException(code: 1045): SQLSTATE[HY000] [1045] Access denied for user 'forge'@'localhost' (using password: NO) at /media/suraiya/New Volume/Lomeyo-Work/Practice-Projects(Internship)/ogani-ecommerce/vendor/laravel/framework/src/Illuminate/Database/Connectors/Connector.php:65)
[stacktrace]
#0 /media/suraiya/New Volume/Lomeyo-Work/Practice-Projects(Internship)/ogani-ecommerce/vendor/laravel/framework/src/Illuminate/Database/Connectors/Connector.php(65): PDO->__construct()
#1 /media/suraiya/New Volume/Lomeyo-Work/Practice-Projects(Internship)/ogani-ecommerce/vendor/laravel/framework/src/Illuminate/Database/Connectors/Connector.php(44): Illuminate\\Database\\Connectors\\Connector->createPdoConnection()
#2 /media/suraiya/New Volume/Lomeyo-Work/Practice-Projects(Internship)/ogani-ecommerce/vendor/laravel/framework/src/Illuminate/Database/Connectors/MySqlConnector.php(24): Illuminate\\Database\\Connectors\\Connector->createConnection()
#3 /media/suraiya/New Volume/Lomeyo-Work/Practice-Projects(Internship)/ogani-ecommerce/vendor/laravel/framework/src/Illuminate/Database/Connectors/ConnectionFactory.php(184): Illuminate\\Database\\Connectors\\MySqlConnector->connect()
#4 [internal function]: Illuminate\\Database\\Connectors\\ConnectionFactory->Illuminate\\Database\\Connectors\\{closure}()
#5 /media/suraiya/New Volume/Lomeyo-Work/Practice-Projects(Internship)/ogani-ecommerce/vendor/laravel/framework/src/Illuminate/Database/Connection.php(1275): call_user_func()
#6 /media/suraiya/New Volume/Lomeyo-Work/Practice-Projects(Internship)/ogani-ecommerce/vendor/laravel/framework/src/Illuminate/Database/Connection.php(1311): Illuminate\\Database\\Connection->getPdo()
#7 /media/suraiya/New Volume/Lomeyo-Work/Practice-Projects(Internship)/ogani-ecommerce/vendor/laravel/framework/src/Illuminate/Database/Connection.php(521): Illuminate\\Database\\Connection->getReadPdo()
#8 /media/suraiya/New Volume/Lomeyo-Work/Practice-Projects(Internship)/ogani-ecommerce/vendor/laravel/framework/src/Illuminate/Database/Connection.php(416): Illuminate\\Database\\Connection->getPdoForSelect()
#9 /media/suraiya/New Volume/Lomeyo-Work/Practice-Projects(Internship)/ogani-ecommerce/vendor/laravel/framework/src/Illuminate/Database/Connection.php(788): Illuminate\\Database\\Connection->Illuminate\\Database\\{closure}()
#10 /media/suraiya/New Volume/Lomeyo-Work/Practice-Projects(Internship)/ogani-ecommerce/vendor/laravel/framework/src/Illuminate/Database/Connection.php(755): Illuminate\\Database\\Connection->runQueryCallback()
#11 /media/suraiya/New Volume/Lomeyo-Work/Practice-Projects(Internship)/ogani-ecommerce/vendor/laravel/framework/src/Illuminate/Database/Connection.php(407): Illuminate\\Database\\Connection->run()
#12 /media/suraiya/New Volume/Lomeyo-Work/Practice-Projects(Internship)/ogani-ecommerce/vendor/laravel/framework/src/Illuminate/Database/Query/Builder.php(2735): Illuminate\\Database\\Connection->select()
#13 /media/suraiya/New Volume/Lomeyo-Work/Practice-Projects(Internship)/ogani-ecommerce/vendor/laravel/framework/src/Illuminate/Database/Query/Builder.php(2724): Illuminate\\Database\\Query\\Builder->runSelect()
#14 /media/suraiya/New Volume/Lomeyo-Work/Practice-Projects(Internship)/ogani-ecommerce/vendor/laravel/framework/src/Illuminate/Database/Query/Builder.php(3278): Illuminate\\Database\\Query\\Builder->Illuminate\\Database\\Query\\{closure}()
#15 /media/suraiya/New Volume/Lomeyo-Work/Practice-Projects(Internship)/ogani-ecommerce/vendor/laravel/framework/src/Illuminate/Database/Query/Builder.php(2723): Illuminate\\Database\\Query\\Builder->onceWithColumns()
#16 /media/suraiya/New Volume/Lomeyo-Work/Practice-Projects(Internship)/ogani-ecommerce/vendor/laravel/framework/src/Illuminate/Database/Eloquent/Builder.php(717): Illuminate\\Database\\Query\\Builder->get()
#17 /media/suraiya/New Volume/Lomeyo-Work/Practice-Projects(Internship)/ogani-ecommerce/vendor/laravel/framework/src/Illuminate/Database/Eloquent/Builder.php(701): Illuminate\\Database\\Eloquent\\Builder->getModels()
#18 /media/suraiya/New Volume/Lomeyo-Work/Practice-Projects(Internship)/ogani-ecommerce/vendor/laravel/framework/src/Illuminate/Database/Concerns/BuildsQueries.php(296): Illuminate\\Database\\Eloquent\\Builder->get()
#19 /media/suraiya/New Volume/Lomeyo-Work/Practice-Projects(Internship)/ogani-ecommerce/vendor/laravel/framework/src/Illuminate/Support/Traits/ForwardsCalls.php(23): Illuminate\\Database\\Eloquent\\Builder->first()
#20 /media/suraiya/New Volume/Lomeyo-Work/Practice-Projects(Internship)/ogani-ecommerce/vendor/laravel/framework/src/Illuminate/Database/Eloquent/Model.php(2335): Illuminate\\Database\\Eloquent\\Model->forwardCallTo()
#21 /media/suraiya/New Volume/Lomeyo-Work/Practice-Projects(Internship)/ogani-ecommerce/vendor/laravel/framework/src/Illuminate/Database/Eloquent/Model.php(2347): Illuminate\\Database\\Eloquent\\Model->__call()
#22 /media/suraiya/New Volume/Lomeyo-Work/Practice-Projects(Internship)/ogani-ecommerce/app/Providers/AppServiceProvider.php(61): Illuminate\\Database\\Eloquent\\Model::__callStatic()
#23 /media/suraiya/New Volume/Lomeyo-Work/Practice-Projects(Internship)/ogani-ecommerce/vendor/laravel/framework/src/Illuminate/View/Concerns/ManagesEvents.php(162): App\\Providers\\AppServiceProvider->App\\Providers\\{closure}()
#24 /media/suraiya/New Volume/Lomeyo-Work/Practice-Projects(Internship)/ogani-ecommerce/vendor/laravel/framework/src/Illuminate/Events/Dispatcher.php(418): Illuminate\\View\\Factory->Illuminate\\View\\Concerns\\{closure}()
#25 /media/suraiya/New Volume/Lomeyo-Work/Practice-Projects(Internship)/ogani-ecommerce/vendor/laravel/framework/src/Illuminate/Events/Dispatcher.php(249): Illuminate\\Events\\Dispatcher->Illuminate\\Events\\{closure}()
#26 /media/suraiya/New Volume/Lomeyo-Work/Practice-Projects(Internship)/ogani-ecommerce/vendor/laravel/framework/src/Illuminate/View/Concerns/ManagesEvents.php(177): Illuminate\\Events\\Dispatcher->dispatch()
#27 /media/suraiya/New Volume/Lomeyo-Work/Practice-Projects(Internship)/ogani-ecommerce/vendor/laravel/framework/src/Illuminate/View/View.php(176): Illuminate\\View\\Factory->callComposer()
#28 /media/suraiya/New Volume/Lomeyo-Work/Practice-Projects(Internship)/ogani-ecommerce/vendor/laravel/framework/src/Illuminate/View/View.php(147): Illuminate\\View\\View->renderContents()
#29 /media/suraiya/New Volume/Lomeyo-Work/Practice-Projects(Internship)/ogani-ecommerce/vendor/laravel/framework/src/Illuminate/Http/Response.php(69): Illuminate\\View\\View->render()
#30 /media/suraiya/New Volume/Lomeyo-Work/Practice-Projects(Internship)/ogani-ecommerce/vendor/laravel/framework/src/Illuminate/Http/Response.php(35): Illuminate\\Http\\Response->setContent()
#31 /media/suraiya/New Volume/Lomeyo-Work/Practice-Projects(Internship)/ogani-ecommerce/vendor/laravel/framework/src/Illuminate/Routing/ResponseFactory.php(57): Illuminate\\Http\\Response->__construct()
#32 /media/suraiya/New Volume/Lomeyo-Work/Practice-Projects(Internship)/ogani-ecommerce/vendor/laravel/framework/src/Illuminate/Routing/ResponseFactory.php(87): Illuminate\\Routing\\ResponseFactory->make()
#33 /media/suraiya/New Volume/Lomeyo-Work/Practice-Projects(Internship)/ogani-ecommerce/vendor/laravel/framework/src/Illuminate/Foundation/Exceptions/Handler.php(645): Illuminate\\Routing\\ResponseFactory->view()
#34 /media/suraiya/New Volume/Lomeyo-Work/Practice-Projects(Internship)/ogani-ecommerce/vendor/laravel/framework/src/Illuminate/Foundation/Exceptions/Handler.php(573): Illuminate\\Foundation\\Exceptions\\Handler->renderHttpException()
#35 /media/suraiya/New Volume/Lomeyo-Work/Practice-Projects(Internship)/ogani-ecommerce/vendor/laravel/framework/src/Illuminate/Foundation/Exceptions/Handler.php(479): Illuminate\\Foundation\\Exceptions\\Handler->prepareResponse()
#36 /media/suraiya/New Volume/Lomeyo-Work/Practice-Projects(Internship)/ogani-ecommerce/vendor/laravel/framework/src/Illuminate/Foundation/Exceptions/Handler.php(396): Illuminate\\Foundation\\Exceptions\\Handler->renderExceptionResponse()
#37 /media/suraiya/New Volume/Lomeyo-Work/Practice-Projects(Internship)/ogani-ecommerce/vendor/laravel/framework/src/Illuminate/Routing/Pipeline.php(51): Illuminate\\Foundation\\Exceptions\\Handler->render()
#38 /media/suraiya/New Volume/Lomeyo-Work/Practice-Projects(Internship)/ogani-ecommerce/vendor/laravel/framework/src/Illuminate/Pipeline/Pipeline.php(185): Illuminate\\Routing\\Pipeline->handleException()
#39 /media/suraiya/New Volume/Lomeyo-Work/Practice-Projects(Internship)/ogani-ecommerce/vendor/laravel/framework/src/Illuminate/Foundation/Http/Middleware/ValidatePostSize.php(27): Illuminate\\Pipeline\\Pipeline->Illuminate\\Pipeline\\{closure}()
#40 /media/suraiya/New Volume/Lomeyo-Work/Practice-Projects(Internship)/ogani-ecommerce/vendor/laravel/framework/src/Illuminate/Pipeline/Pipeline.php(180): Illuminate\\Foundation\\Http\\Middleware\\ValidatePostSize->handle()
#41 /media/suraiya/New Volume/Lomeyo-Work/Practice-Projects(Internship)/ogani-ecommerce/vendor/laravel/framework/src/Illuminate/Foundation/Http/Middleware/PreventRequestsDuringMaintenance.php(86): Illuminate\\Pipeline\\Pipeline->Illuminate\\Pipeline\\{closure}()
#42 /media/suraiya/New Volume/Lomeyo-Work/Practice-Projects(Internship)/ogani-ecommerce/vendor/laravel/framework/src/Illuminate/Pipeline/Pipeline.php(180): Illuminate\\Foundation\\Http\\Middleware\\PreventRequestsDuringMaintenance->handle()
#43 /media/suraiya/New Volume/Lomeyo-Work/Practice-Projects(Internship)/ogani-ecommerce/vendor/laravel/framework/src/Illuminate/Http/Middleware/HandleCors.php(49): Illuminate\\Pipeline\\Pipeline->Illuminate\\Pipeline\\{closure}()
#44 /media/suraiya/New Volume/Lomeyo-Work/Practice-Projects(Internship)/ogani-ecommerce/vendor/laravel/framework/src/Illuminate/Pipeline/Pipeline.php(180): Illuminate\\Http\\Middleware\\HandleCors->handle()
#45 /media/suraiya/New Volume/Lomeyo-Work/Practice-Projects(Internship)/ogani-ecommerce/vendor/laravel/framework/src/Illuminate/Http/Middleware/TrustProxies.php(39): Illuminate\\Pipeline\\Pipeline->Illuminate\\Pipeline\\{closure}()
#46 /media/suraiya/New Volume/Lomeyo-Work/Practice-Projects(Internship)/ogani-ecommerce/vendor/laravel/framework/src/Illuminate/Pipeline/Pipeline.php(180): Illuminate\\Http\\Middleware\\TrustProxies->handle()
#47 /media/suraiya/New Volume/Lomeyo-Work/Practice-Projects(Internship)/ogani-ecommerce/vendor/laravel/framework/src/Illuminate/Pipeline/Pipeline.php(116): Illuminate\\Pipeline\\Pipeline->Illuminate\\Pipeline\\{closure}()
#48 /media/suraiya/New Volume/Lomeyo-Work/Practice-Projects(Internship)/ogani-ecommerce/vendor/laravel/framework/src/Illuminate/Foundation/Http/Kernel.php(175): Illuminate\\Pipeline\\Pipeline->then()
#49 /media/suraiya/New Volume/Lomeyo-Work/Practice-Projects(Internship)/ogani-ecommerce/vendor/laravel/framework/src/Illuminate/Foundation/Http/Kernel.php(144): Illuminate\\Foundation\\Http\\Kernel->sendRequestThroughRouter()
#50 /media/suraiya/New Volume/Lomeyo-Work/Practice-Projects(Internship)/ogani-ecommerce/public/index.php(51): Illuminate\\Foundation\\Http\\Kernel->handle()
#51 /media/suraiya/New Volume/Lomeyo-Work/Practice-Projects(Internship)/ogani-ecommerce/vendor/laravel/framework/src/Illuminate/Foundation/resources/server.php(16): require_once('...')
#52 {main}
"} 
[2024-08-20 05:59:44] production.ERROR: SQLSTATE[HY000] [1045] Access denied for user 'forge'@'localhost' (using password: NO) (Connection: mysql, SQL: select * from `cms` limit 1) {"exception":"[object] (Illuminate\\Database\\QueryException(code: 1045): SQLSTATE[HY000] [1045] Access denied for user 'forge'@'localhost' (using password: NO) (Connection: mysql, SQL: select * from `cms` limit 1) at /media/suraiya/New Volume/Lomeyo-Work/Practice-Projects(Internship)/ogani-ecommerce/vendor/laravel/framework/src/Illuminate/Database/Connection.php:795)
[stacktrace]
#0 /media/suraiya/New Volume/Lomeyo-Work/Practice-Projects(Internship)/ogani-ecommerce/vendor/laravel/framework/src/Illuminate/Database/Connection.php(755): Illuminate\\Database\\Connection->runQueryCallback()
#1 /media/suraiya/New Volume/Lomeyo-Work/Practice-Projects(Internship)/ogani-ecommerce/vendor/laravel/framework/src/Illuminate/Database/Connection.php(407): Illuminate\\Database\\Connection->run()
#2 /media/suraiya/New Volume/Lomeyo-Work/Practice-Projects(Internship)/ogani-ecommerce/vendor/laravel/framework/src/Illuminate/Database/Query/Builder.php(2735): Illuminate\\Database\\Connection->select()
#3 /media/suraiya/New Volume/Lomeyo-Work/Practice-Projects(Internship)/ogani-ecommerce/vendor/laravel/framework/src/Illuminate/Database/Query/Builder.php(2724): Illuminate\\Database\\Query\\Builder->runSelect()
#4 /media/suraiya/New Volume/Lomeyo-Work/Practice-Projects(Internship)/ogani-ecommerce/vendor/laravel/framework/src/Illuminate/Database/Query/Builder.php(3278): Illuminate\\Database\\Query\\Builder->Illuminate\\Database\\Query\\{closure}()
#5 /media/suraiya/New Volume/Lomeyo-Work/Practice-Projects(Internship)/ogani-ecommerce/vendor/laravel/framework/src/Illuminate/Database/Query/Builder.php(2723): Illuminate\\Database\\Query\\Builder->onceWithColumns()
#6 /media/suraiya/New Volume/Lomeyo-Work/Practice-Projects(Internship)/ogani-ecommerce/vendor/laravel/framework/src/Illuminate/Database/Eloquent/Builder.php(717): Illuminate\\Database\\Query\\Builder->get()
#7 /media/suraiya/New Volume/Lomeyo-Work/Practice-Projects(Internship)/ogani-ecommerce/vendor/laravel/framework/src/Illuminate/Database/Eloquent/Builder.php(701): Illuminate\\Database\\Eloquent\\Builder->getModels()
#8 /media/suraiya/New Volume/Lomeyo-Work/Practice-Projects(Internship)/ogani-ecommerce/vendor/laravel/framework/src/Illuminate/Database/Concerns/BuildsQueries.php(296): Illuminate\\Database\\Eloquent\\Builder->get()
#9 /media/suraiya/New Volume/Lomeyo-Work/Practice-Projects(Internship)/ogani-ecommerce/vendor/laravel/framework/src/Illuminate/Support/Traits/ForwardsCalls.php(23): Illuminate\\Database\\Eloquent\\Builder->first()
#10 /media/suraiya/New Volume/Lomeyo-Work/Practice-Projects(Internship)/ogani-ecommerce/vendor/laravel/framework/src/Illuminate/Database/Eloquent/Model.php(2335): Illuminate\\Database\\Eloquent\\Model->forwardCallTo()
#11 /media/suraiya/New Volume/Lomeyo-Work/Practice-Projects(Internship)/ogani-ecommerce/vendor/laravel/framework/src/Illuminate/Database/Eloquent/Model.php(2347): Illuminate\\Database\\Eloquent\\Model->__call()
#12 /media/suraiya/New Volume/Lomeyo-Work/Practice-Projects(Internship)/ogani-ecommerce/app/Providers/AppServiceProvider.php(61): Illuminate\\Database\\Eloquent\\Model::__callStatic()
#13 /media/suraiya/New Volume/Lomeyo-Work/Practice-Projects(Internship)/ogani-ecommerce/vendor/laravel/framework/src/Illuminate/View/Concerns/ManagesEvents.php(162): App\\Providers\\AppServiceProvider->App\\Providers\\{closure}()
#14 /media/suraiya/New Volume/Lomeyo-Work/Practice-Projects(Internship)/ogani-ecommerce/vendor/laravel/framework/src/Illuminate/Events/Dispatcher.php(418): Illuminate\\View\\Factory->Illuminate\\View\\Concerns\\{closure}()
#15 /media/suraiya/New Volume/Lomeyo-Work/Practice-Projects(Internship)/ogani-ecommerce/vendor/laravel/framework/src/Illuminate/Events/Dispatcher.php(249): Illuminate\\Events\\Dispatcher->Illuminate\\Events\\{closure}()
#16 /media/suraiya/New Volume/Lomeyo-Work/Practice-Projects(Internship)/ogani-ecommerce/vendor/laravel/framework/src/Illuminate/View/Concerns/ManagesEvents.php(177): Illuminate\\Events\\Dispatcher->dispatch()
#17 /media/suraiya/New Volume/Lomeyo-Work/Practice-Projects(Internship)/ogani-ecommerce/vendor/laravel/framework/src/Illuminate/View/View.php(176): Illuminate\\View\\Factory->callComposer()
#18 /media/suraiya/New Volume/Lomeyo-Work/Practice-Projects(Internship)/ogani-ecommerce/vendor/laravel/framework/src/Illuminate/View/View.php(147): Illuminate\\View\\View->renderContents()
#19 /media/suraiya/New Volume/Lomeyo-Work/Practice-Projects(Internship)/ogani-ecommerce/vendor/laravel/framework/src/Illuminate/Http/Response.php(69): Illuminate\\View\\View->render()
#20 /media/suraiya/New Volume/Lomeyo-Work/Practice-Projects(Internship)/ogani-ecommerce/vendor/laravel/framework/src/Illuminate/Http/Response.php(35): Illuminate\\Http\\Response->setContent()
#21 /media/suraiya/New Volume/Lomeyo-Work/Practice-Projects(Internship)/ogani-ecommerce/vendor/laravel/framework/src/Illuminate/Routing/ResponseFactory.php(57): Illuminate\\Http\\Response->__construct()
#22 /media/suraiya/New Volume/Lomeyo-Work/Practice-Projects(Internship)/ogani-ecommerce/vendor/laravel/framework/src/Illuminate/Routing/ResponseFactory.php(87): Illuminate\\Routing\\ResponseFactory->make()
#23 /media/suraiya/New Volume/Lomeyo-Work/Practice-Projects(Internship)/ogani-ecommerce/vendor/laravel/framework/src/Illuminate/Foundation/Exceptions/Handler.php(645): Illuminate\\Routing\\ResponseFactory->view()
#24 /media/suraiya/New Volume/Lomeyo-Work/Practice-Projects(Internship)/ogani-ecommerce/vendor/laravel/framework/src/Illuminate/Foundation/Exceptions/Handler.php(573): Illuminate\\Foundation\\Exceptions\\Handler->renderHttpException()
#25 /media/suraiya/New Volume/Lomeyo-Work/Practice-Projects(Internship)/ogani-ecommerce/vendor/laravel/framework/src/Illuminate/Foundation/Exceptions/Handler.php(479): Illuminate\\Foundation\\Exceptions\\Handler->prepareResponse()
#26 /media/suraiya/New Volume/Lomeyo-Work/Practice-Projects(Internship)/ogani-ecommerce/vendor/laravel/framework/src/Illuminate/Foundation/Exceptions/Handler.php(396): Illuminate\\Foundation\\Exceptions\\Handler->renderExceptionResponse()
#27 /media/suraiya/New Volume/Lomeyo-Work/Practice-Projects(Internship)/ogani-ecommerce/vendor/laravel/framework/src/Illuminate/Routing/Pipeline.php(51): Illuminate\\Foundation\\Exceptions\\Handler->render()
#28 /media/suraiya/New Volume/Lomeyo-Work/Practice-Projects(Internship)/ogani-ecommerce/vendor/laravel/framework/src/Illuminate/Pipeline/Pipeline.php(185): Illuminate\\Routing\\Pipeline->handleException()
#29 /media/suraiya/New Volume/Lomeyo-Work/Practice-Projects(Internship)/ogani-ecommerce/vendor/laravel/framework/src/Illuminate/Foundation/Http/Middleware/PreventRequestsDuringMaintenance.php(86): Illuminate\\Pipeline\\Pipeline->Illuminate\\Pipeline\\{closure}()
#30 /media/suraiya/New Volume/Lomeyo-Work/Practice-Projects(Internship)/ogani-ecommerce/vendor/laravel/framework/src/Illuminate/Pipeline/Pipeline.php(180): Illuminate\\Foundation\\Http\\Middleware\\PreventRequestsDuringMaintenance->handle()
#31 /media/suraiya/New Volume/Lomeyo-Work/Practice-Projects(Internship)/ogani-ecommerce/vendor/laravel/framework/src/Illuminate/Http/Middleware/HandleCors.php(49): Illuminate\\Pipeline\\Pipeline->Illuminate\\Pipeline\\{closure}()
#32 /media/suraiya/New Volume/Lomeyo-Work/Practice-Projects(Internship)/ogani-ecommerce/vendor/laravel/framework/src/Illuminate/Pipeline/Pipeline.php(180): Illuminate\\Http\\Middleware\\HandleCors->handle()
#33 /media/suraiya/New Volume/Lomeyo-Work/Practice-Projects(Internship)/ogani-ecommerce/vendor/laravel/framework/src/Illuminate/Http/Middleware/TrustProxies.php(39): Illuminate\\Pipeline\\Pipeline->Illuminate\\Pipeline\\{closure}()
#34 /media/suraiya/New Volume/Lomeyo-Work/Practice-Projects(Internship)/ogani-ecommerce/vendor/laravel/framework/src/Illuminate/Pipeline/Pipeline.php(180): Illuminate\\Http\\Middleware\\TrustProxies->handle()
#35 /media/suraiya/New Volume/Lomeyo-Work/Practice-Projects(Internship)/ogani-ecommerce/vendor/laravel/framework/src/Illuminate/Pipeline/Pipeline.php(116): Illuminate\\Pipeline\\Pipeline->Illuminate\\Pipeline\\{closure}()
#36 /media/suraiya/New Volume/Lomeyo-Work/Practice-Projects(Internship)/ogani-ecommerce/vendor/laravel/framework/src/Illuminate/Foundation/Http/Kernel.php(175): Illuminate\\Pipeline\\Pipeline->then()
#37 /media/suraiya/New Volume/Lomeyo-Work/Practice-Projects(Internship)/ogani-ecommerce/vendor/laravel/framework/src/Illuminate/Foundation/Http/Kernel.php(144): Illuminate\\Foundation\\Http\\Kernel->sendRequestThroughRouter()
#38 /media/suraiya/New Volume/Lomeyo-Work/Practice-Projects(Internship)/ogani-ecommerce/public/index.php(51): Illuminate\\Foundation\\Http\\Kernel->handle()
#39 /media/suraiya/New Volume/Lomeyo-Work/Practice-Projects(Internship)/ogani-ecommerce/vendor/laravel/framework/src/Illuminate/Foundation/resources/server.php(16): require_once('...')
#40 {main}

[previous exception] [object] (PDOException(code: 1045): SQLSTATE[HY000] [1045] Access denied for user 'forge'@'localhost' (using password: NO) at /media/suraiya/New Volume/Lomeyo-Work/Practice-Projects(Internship)/ogani-ecommerce/vendor/laravel/framework/src/Illuminate/Database/Connectors/Connector.php:65)
[stacktrace]
#0 /media/suraiya/New Volume/Lomeyo-Work/Practice-Projects(Internship)/ogani-ecommerce/vendor/laravel/framework/src/Illuminate/Database/Connectors/Connector.php(65): PDO->__construct()
#1 /media/suraiya/New Volume/Lomeyo-Work/Practice-Projects(Internship)/ogani-ecommerce/vendor/laravel/framework/src/Illuminate/Database/Connectors/Connector.php(44): Illuminate\\Database\\Connectors\\Connector->createPdoConnection()
#2 /media/suraiya/New Volume/Lomeyo-Work/Practice-Projects(Internship)/ogani-ecommerce/vendor/laravel/framework/src/Illuminate/Database/Connectors/MySqlConnector.php(24): Illuminate\\Database\\Connectors\\Connector->createConnection()
#3 /media/suraiya/New Volume/Lomeyo-Work/Practice-Projects(Internship)/ogani-ecommerce/vendor/laravel/framework/src/Illuminate/Database/Connectors/ConnectionFactory.php(184): Illuminate\\Database\\Connectors\\MySqlConnector->connect()
#4 [internal function]: Illuminate\\Database\\Connectors\\ConnectionFactory->Illuminate\\Database\\Connectors\\{closure}()
#5 /media/suraiya/New Volume/Lomeyo-Work/Practice-Projects(Internship)/ogani-ecommerce/vendor/laravel/framework/src/Illuminate/Database/Connection.php(1275): call_user_func()
#6 /media/suraiya/New Volume/Lomeyo-Work/Practice-Projects(Internship)/ogani-ecommerce/vendor/laravel/framework/src/Illuminate/Database/Connection.php(1311): Illuminate\\Database\\Connection->getPdo()
#7 /media/suraiya/New Volume/Lomeyo-Work/Practice-Projects(Internship)/ogani-ecommerce/vendor/laravel/framework/src/Illuminate/Database/Connection.php(521): Illuminate\\Database\\Connection->getReadPdo()
#8 /media/suraiya/New Volume/Lomeyo-Work/Practice-Projects(Internship)/ogani-ecommerce/vendor/laravel/framework/src/Illuminate/Database/Connection.php(416): Illuminate\\Database\\Connection->getPdoForSelect()
#9 /media/suraiya/New Volume/Lomeyo-Work/Practice-Projects(Internship)/ogani-ecommerce/vendor/laravel/framework/src/Illuminate/Database/Connection.php(788): Illuminate\\Database\\Connection->Illuminate\\Database\\{closure}()
#10 /media/suraiya/New Volume/Lomeyo-Work/Practice-Projects(Internship)/ogani-ecommerce/vendor/laravel/framework/src/Illuminate/Database/Connection.php(755): Illuminate\\Database\\Connection->runQueryCallback()
#11 /media/suraiya/New Volume/Lomeyo-Work/Practice-Projects(Internship)/ogani-ecommerce/vendor/laravel/framework/src/Illuminate/Database/Connection.php(407): Illuminate\\Database\\Connection->run()
#12 /media/suraiya/New Volume/Lomeyo-Work/Practice-Projects(Internship)/ogani-ecommerce/vendor/laravel/framework/src/Illuminate/Database/Query/Builder.php(2735): Illuminate\\Database\\Connection->select()
#13 /media/suraiya/New Volume/Lomeyo-Work/Practice-Projects(Internship)/ogani-ecommerce/vendor/laravel/framework/src/Illuminate/Database/Query/Builder.php(2724): Illuminate\\Database\\Query\\Builder->runSelect()
#14 /media/suraiya/New Volume/Lomeyo-Work/Practice-Projects(Internship)/ogani-ecommerce/vendor/laravel/framework/src/Illuminate/Database/Query/Builder.php(3278): Illuminate\\Database\\Query\\Builder->Illuminate\\Database\\Query\\{closure}()
#15 /media/suraiya/New Volume/Lomeyo-Work/Practice-Projects(Internship)/ogani-ecommerce/vendor/laravel/framework/src/Illuminate/Database/Query/Builder.php(2723): Illuminate\\Database\\Query\\Builder->onceWithColumns()
#16 /media/suraiya/New Volume/Lomeyo-Work/Practice-Projects(Internship)/ogani-ecommerce/vendor/laravel/framework/src/Illuminate/Database/Eloquent/Builder.php(717): Illuminate\\Database\\Query\\Builder->get()
#17 /media/suraiya/New Volume/Lomeyo-Work/Practice-Projects(Internship)/ogani-ecommerce/vendor/laravel/framework/src/Illuminate/Database/Eloquent/Builder.php(701): Illuminate\\Database\\Eloquent\\Builder->getModels()
#18 /media/suraiya/New Volume/Lomeyo-Work/Practice-Projects(Internship)/ogani-ecommerce/vendor/laravel/framework/src/Illuminate/Database/Concerns/BuildsQueries.php(296): Illuminate\\Database\\Eloquent\\Builder->get()
#19 /media/suraiya/New Volume/Lomeyo-Work/Practice-Projects(Internship)/ogani-ecommerce/vendor/laravel/framework/src/Illuminate/Support/Traits/ForwardsCalls.php(23): Illuminate\\Database\\Eloquent\\Builder->first()
#20 /media/suraiya/New Volume/Lomeyo-Work/Practice-Projects(Internship)/ogani-ecommerce/vendor/laravel/framework/src/Illuminate/Database/Eloquent/Model.php(2335): Illuminate\\Database\\Eloquent\\Model->forwardCallTo()
#21 /media/suraiya/New Volume/Lomeyo-Work/Practice-Projects(Internship)/ogani-ecommerce/vendor/laravel/framework/src/Illuminate/Database/Eloquent/Model.php(2347): Illuminate\\Database\\Eloquent\\Model->__call()
#22 /media/suraiya/New Volume/Lomeyo-Work/Practice-Projects(Internship)/ogani-ecommerce/app/Providers/AppServiceProvider.php(61): Illuminate\\Database\\Eloquent\\Model::__callStatic()
#23 /media/suraiya/New Volume/Lomeyo-Work/Practice-Projects(Internship)/ogani-ecommerce/vendor/laravel/framework/src/Illuminate/View/Concerns/ManagesEvents.php(162): App\\Providers\\AppServiceProvider->App\\Providers\\{closure}()
#24 /media/suraiya/New Volume/Lomeyo-Work/Practice-Projects(Internship)/ogani-ecommerce/vendor/laravel/framework/src/Illuminate/Events/Dispatcher.php(418): Illuminate\\View\\Factory->Illuminate\\View\\Concerns\\{closure}()
#25 /media/suraiya/New Volume/Lomeyo-Work/Practice-Projects(Internship)/ogani-ecommerce/vendor/laravel/framework/src/Illuminate/Events/Dispatcher.php(249): Illuminate\\Events\\Dispatcher->Illuminate\\Events\\{closure}()
#26 /media/suraiya/New Volume/Lomeyo-Work/Practice-Projects(Internship)/ogani-ecommerce/vendor/laravel/framework/src/Illuminate/View/Concerns/ManagesEvents.php(177): Illuminate\\Events\\Dispatcher->dispatch()
#27 /media/suraiya/New Volume/Lomeyo-Work/Practice-Projects(Internship)/ogani-ecommerce/vendor/laravel/framework/src/Illuminate/View/View.php(176): Illuminate\\View\\Factory->callComposer()
#28 /media/suraiya/New Volume/Lomeyo-Work/Practice-Projects(Internship)/ogani-ecommerce/vendor/laravel/framework/src/Illuminate/View/View.php(147): Illuminate\\View\\View->renderContents()
#29 /media/suraiya/New Volume/Lomeyo-Work/Practice-Projects(Internship)/ogani-ecommerce/vendor/laravel/framework/src/Illuminate/Http/Response.php(69): Illuminate\\View\\View->render()
#30 /media/suraiya/New Volume/Lomeyo-Work/Practice-Projects(Internship)/ogani-ecommerce/vendor/laravel/framework/src/Illuminate/Http/Response.php(35): Illuminate\\Http\\Response->setContent()
#31 /media/suraiya/New Volume/Lomeyo-Work/Practice-Projects(Internship)/ogani-ecommerce/vendor/laravel/framework/src/Illuminate/Routing/ResponseFactory.php(57): Illuminate\\Http\\Response->__construct()
#32 /media/suraiya/New Volume/Lomeyo-Work/Practice-Projects(Internship)/ogani-ecommerce/vendor/laravel/framework/src/Illuminate/Routing/ResponseFactory.php(87): Illuminate\\Routing\\ResponseFactory->make()
#33 /media/suraiya/New Volume/Lomeyo-Work/Practice-Projects(Internship)/ogani-ecommerce/vendor/laravel/framework/src/Illuminate/Foundation/Exceptions/Handler.php(645): Illuminate\\Routing\\ResponseFactory->view()
#34 /media/suraiya/New Volume/Lomeyo-Work/Practice-Projects(Internship)/ogani-ecommerce/vendor/laravel/framework/src/Illuminate/Foundation/Exceptions/Handler.php(573): Illuminate\\Foundation\\Exceptions\\Handler->renderHttpException()
#35 /media/suraiya/New Volume/Lomeyo-Work/Practice-Projects(Internship)/ogani-ecommerce/vendor/laravel/framework/src/Illuminate/Foundation/Exceptions/Handler.php(479): Illuminate\\Foundation\\Exceptions\\Handler->prepareResponse()
#36 /media/suraiya/New Volume/Lomeyo-Work/Practice-Projects(Internship)/ogani-ecommerce/vendor/laravel/framework/src/Illuminate/Foundation/Exceptions/Handler.php(396): Illuminate\\Foundation\\Exceptions\\Handler->renderExceptionResponse()
#37 /media/suraiya/New Volume/Lomeyo-Work/Practice-Projects(Internship)/ogani-ecommerce/vendor/laravel/framework/src/Illuminate/Routing/Pipeline.php(51): Illuminate\\Foundation\\Exceptions\\Handler->render()
#38 /media/suraiya/New Volume/Lomeyo-Work/Practice-Projects(Internship)/ogani-ecommerce/vendor/laravel/framework/src/Illuminate/Pipeline/Pipeline.php(185): Illuminate\\Routing\\Pipeline->handleException()
#39 /media/suraiya/New Volume/Lomeyo-Work/Practice-Projects(Internship)/ogani-ecommerce/vendor/laravel/framework/src/Illuminate/Foundation/Http/Middleware/PreventRequestsDuringMaintenance.php(86): Illuminate\\Pipeline\\Pipeline->Illuminate\\Pipeline\\{closure}()
#40 /media/suraiya/New Volume/Lomeyo-Work/Practice-Projects(Internship)/ogani-ecommerce/vendor/laravel/framework/src/Illuminate/Pipeline/Pipeline.php(180): Illuminate\\Foundation\\Http\\Middleware\\PreventRequestsDuringMaintenance->handle()
#41 /media/suraiya/New Volume/Lomeyo-Work/Practice-Projects(Internship)/ogani-ecommerce/vendor/laravel/framework/src/Illuminate/Http/Middleware/HandleCors.php(49): Illuminate\\Pipeline\\Pipeline->Illuminate\\Pipeline\\{closure}()
#42 /media/suraiya/New Volume/Lomeyo-Work/Practice-Projects(Internship)/ogani-ecommerce/vendor/laravel/framework/src/Illuminate/Pipeline/Pipeline.php(180): Illuminate\\Http\\Middleware\\HandleCors->handle()
#43 /media/suraiya/New Volume/Lomeyo-Work/Practice-Projects(Internship)/ogani-ecommerce/vendor/laravel/framework/src/Illuminate/Http/Middleware/TrustProxies.php(39): Illuminate\\Pipeline\\Pipeline->Illuminate\\Pipeline\\{closure}()
#44 /media/suraiya/New Volume/Lomeyo-Work/Practice-Projects(Internship)/ogani-ecommerce/vendor/laravel/framework/src/Illuminate/Pipeline/Pipeline.php(180): Illuminate\\Http\\Middleware\\TrustProxies->handle()
#45 /media/suraiya/New Volume/Lomeyo-Work/Practice-Projects(Internship)/ogani-ecommerce/vendor/laravel/framework/src/Illuminate/Pipeline/Pipeline.php(116): Illuminate\\Pipeline\\Pipeline->Illuminate\\Pipeline\\{closure}()
#46 /media/suraiya/New Volume/Lomeyo-Work/Practice-Projects(Internship)/ogani-ecommerce/vendor/laravel/framework/src/Illuminate/Foundation/Http/Kernel.php(175): Illuminate\\Pipeline\\Pipeline->then()
#47 /media/suraiya/New Volume/Lomeyo-Work/Practice-Projects(Internship)/ogani-ecommerce/vendor/laravel/framework/src/Illuminate/Foundation/Http/Kernel.php(144): Illuminate\\Foundation\\Http\\Kernel->sendRequestThroughRouter()
#48 /media/suraiya/New Volume/Lomeyo-Work/Practice-Projects(Internship)/ogani-ecommerce/public/index.php(51): Illuminate\\Foundation\\Http\\Kernel->handle()
#49 /media/suraiya/New Volume/Lomeyo-Work/Practice-Projects(Internship)/ogani-ecommerce/vendor/laravel/framework/src/Illuminate/Foundation/resources/server.php(16): require_once('...')
#50 {main}
"} 
[2024-08-20 05:59:44] production.ERROR: SQLSTATE[HY000] [1045] Access denied for user 'forge'@'localhost' (using password: NO) (Connection: mysql, SQL: select * from `cms` limit 1) {"exception":"[object] (Illuminate\\Database\\QueryException(code: 1045): SQLSTATE[HY000] [1045] Access denied for user 'forge'@'localhost' (using password: NO) (Connection: mysql, SQL: select * from `cms` limit 1) at /media/suraiya/New Volume/Lomeyo-Work/Practice-Projects(Internship)/ogani-ecommerce/vendor/laravel/framework/src/Illuminate/Database/Connection.php:795)
[stacktrace]
#0 /media/suraiya/New Volume/Lomeyo-Work/Practice-Projects(Internship)/ogani-ecommerce/vendor/laravel/framework/src/Illuminate/Database/Connection.php(755): Illuminate\\Database\\Connection->runQueryCallback()
#1 /media/suraiya/New Volume/Lomeyo-Work/Practice-Projects(Internship)/ogani-ecommerce/vendor/laravel/framework/src/Illuminate/Database/Connection.php(407): Illuminate\\Database\\Connection->run()
#2 /media/suraiya/New Volume/Lomeyo-Work/Practice-Projects(Internship)/ogani-ecommerce/vendor/laravel/framework/src/Illuminate/Database/Query/Builder.php(2735): Illuminate\\Database\\Connection->select()
#3 /media/suraiya/New Volume/Lomeyo-Work/Practice-Projects(Internship)/ogani-ecommerce/vendor/laravel/framework/src/Illuminate/Database/Query/Builder.php(2724): Illuminate\\Database\\Query\\Builder->runSelect()
#4 /media/suraiya/New Volume/Lomeyo-Work/Practice-Projects(Internship)/ogani-ecommerce/vendor/laravel/framework/src/Illuminate/Database/Query/Builder.php(3278): Illuminate\\Database\\Query\\Builder->Illuminate\\Database\\Query\\{closure}()
#5 /media/suraiya/New Volume/Lomeyo-Work/Practice-Projects(Internship)/ogani-ecommerce/vendor/laravel/framework/src/Illuminate/Database/Query/Builder.php(2723): Illuminate\\Database\\Query\\Builder->onceWithColumns()
#6 /media/suraiya/New Volume/Lomeyo-Work/Practice-Projects(Internship)/ogani-ecommerce/vendor/laravel/framework/src/Illuminate/Database/Eloquent/Builder.php(717): Illuminate\\Database\\Query\\Builder->get()
#7 /media/suraiya/New Volume/Lomeyo-Work/Practice-Projects(Internship)/ogani-ecommerce/vendor/laravel/framework/src/Illuminate/Database/Eloquent/Builder.php(701): Illuminate\\Database\\Eloquent\\Builder->getModels()
#8 /media/suraiya/New Volume/Lomeyo-Work/Practice-Projects(Internship)/ogani-ecommerce/vendor/laravel/framework/src/Illuminate/Database/Concerns/BuildsQueries.php(296): Illuminate\\Database\\Eloquent\\Builder->get()
#9 /media/suraiya/New Volume/Lomeyo-Work/Practice-Projects(Internship)/ogani-ecommerce/vendor/laravel/framework/src/Illuminate/Support/Traits/ForwardsCalls.php(23): Illuminate\\Database\\Eloquent\\Builder->first()
#10 /media/suraiya/New Volume/Lomeyo-Work/Practice-Projects(Internship)/ogani-ecommerce/vendor/laravel/framework/src/Illuminate/Database/Eloquent/Model.php(2335): Illuminate\\Database\\Eloquent\\Model->forwardCallTo()
#11 /media/suraiya/New Volume/Lomeyo-Work/Practice-Projects(Internship)/ogani-ecommerce/vendor/laravel/framework/src/Illuminate/Database/Eloquent/Model.php(2347): Illuminate\\Database\\Eloquent\\Model->__call()
#12 /media/suraiya/New Volume/Lomeyo-Work/Practice-Projects(Internship)/ogani-ecommerce/app/Providers/AppServiceProvider.php(61): Illuminate\\Database\\Eloquent\\Model::__callStatic()
#13 /media/suraiya/New Volume/Lomeyo-Work/Practice-Projects(Internship)/ogani-ecommerce/vendor/laravel/framework/src/Illuminate/View/Concerns/ManagesEvents.php(162): App\\Providers\\AppServiceProvider->App\\Providers\\{closure}()
#14 /media/suraiya/New Volume/Lomeyo-Work/Practice-Projects(Internship)/ogani-ecommerce/vendor/laravel/framework/src/Illuminate/Events/Dispatcher.php(418): Illuminate\\View\\Factory->Illuminate\\View\\Concerns\\{closure}()
#15 /media/suraiya/New Volume/Lomeyo-Work/Practice-Projects(Internship)/ogani-ecommerce/vendor/laravel/framework/src/Illuminate/Events/Dispatcher.php(249): Illuminate\\Events\\Dispatcher->Illuminate\\Events\\{closure}()
#16 /media/suraiya/New Volume/Lomeyo-Work/Practice-Projects(Internship)/ogani-ecommerce/vendor/laravel/framework/src/Illuminate/View/Concerns/ManagesEvents.php(177): Illuminate\\Events\\Dispatcher->dispatch()
#17 /media/suraiya/New Volume/Lomeyo-Work/Practice-Projects(Internship)/ogani-ecommerce/vendor/laravel/framework/src/Illuminate/View/View.php(176): Illuminate\\View\\Factory->callComposer()
#18 /media/suraiya/New Volume/Lomeyo-Work/Practice-Projects(Internship)/ogani-ecommerce/vendor/laravel/framework/src/Illuminate/View/View.php(147): Illuminate\\View\\View->renderContents()
#19 /media/suraiya/New Volume/Lomeyo-Work/Practice-Projects(Internship)/ogani-ecommerce/vendor/laravel/framework/src/Illuminate/Http/Response.php(69): Illuminate\\View\\View->render()
#20 /media/suraiya/New Volume/Lomeyo-Work/Practice-Projects(Internship)/ogani-ecommerce/vendor/laravel/framework/src/Illuminate/Http/Response.php(35): Illuminate\\Http\\Response->setContent()
#21 /media/suraiya/New Volume/Lomeyo-Work/Practice-Projects(Internship)/ogani-ecommerce/vendor/laravel/framework/src/Illuminate/Routing/ResponseFactory.php(57): Illuminate\\Http\\Response->__construct()
#22 /media/suraiya/New Volume/Lomeyo-Work/Practice-Projects(Internship)/ogani-ecommerce/vendor/laravel/framework/src/Illuminate/Routing/ResponseFactory.php(87): Illuminate\\Routing\\ResponseFactory->make()
#23 /media/suraiya/New Volume/Lomeyo-Work/Practice-Projects(Internship)/ogani-ecommerce/vendor/laravel/framework/src/Illuminate/Foundation/Exceptions/Handler.php(645): Illuminate\\Routing\\ResponseFactory->view()
#24 /media/suraiya/New Volume/Lomeyo-Work/Practice-Projects(Internship)/ogani-ecommerce/vendor/laravel/framework/src/Illuminate/Foundation/Exceptions/Handler.php(573): Illuminate\\Foundation\\Exceptions\\Handler->renderHttpException()
#25 /media/suraiya/New Volume/Lomeyo-Work/Practice-Projects(Internship)/ogani-ecommerce/vendor/laravel/framework/src/Illuminate/Foundation/Exceptions/Handler.php(479): Illuminate\\Foundation\\Exceptions\\Handler->prepareResponse()
#26 /media/suraiya/New Volume/Lomeyo-Work/Practice-Projects(Internship)/ogani-ecommerce/vendor/laravel/framework/src/Illuminate/Foundation/Exceptions/Handler.php(396): Illuminate\\Foundation\\Exceptions\\Handler->renderExceptionResponse()
#27 /media/suraiya/New Volume/Lomeyo-Work/Practice-Projects(Internship)/ogani-ecommerce/vendor/laravel/framework/src/Illuminate/Routing/Pipeline.php(51): Illuminate\\Foundation\\Exceptions\\Handler->render()
#28 /media/suraiya/New Volume/Lomeyo-Work/Practice-Projects(Internship)/ogani-ecommerce/vendor/laravel/framework/src/Illuminate/Pipeline/Pipeline.php(185): Illuminate\\Routing\\Pipeline->handleException()
#29 /media/suraiya/New Volume/Lomeyo-Work/Practice-Projects(Internship)/ogani-ecommerce/vendor/laravel/framework/src/Illuminate/Http/Middleware/HandleCors.php(49): Illuminate\\Pipeline\\Pipeline->Illuminate\\Pipeline\\{closure}()
#30 /media/suraiya/New Volume/Lomeyo-Work/Practice-Projects(Internship)/ogani-ecommerce/vendor/laravel/framework/src/Illuminate/Pipeline/Pipeline.php(180): Illuminate\\Http\\Middleware\\HandleCors->handle()
#31 /media/suraiya/New Volume/Lomeyo-Work/Practice-Projects(Internship)/ogani-ecommerce/vendor/laravel/framework/src/Illuminate/Http/Middleware/TrustProxies.php(39): Illuminate\\Pipeline\\Pipeline->Illuminate\\Pipeline\\{closure}()
#32 /media/suraiya/New Volume/Lomeyo-Work/Practice-Projects(Internship)/ogani-ecommerce/vendor/laravel/framework/src/Illuminate/Pipeline/Pipeline.php(180): Illuminate\\Http\\Middleware\\TrustProxies->handle()
#33 /media/suraiya/New Volume/Lomeyo-Work/Practice-Projects(Internship)/ogani-ecommerce/vendor/laravel/framework/src/Illuminate/Pipeline/Pipeline.php(116): Illuminate\\Pipeline\\Pipeline->Illuminate\\Pipeline\\{closure}()
#34 /media/suraiya/New Volume/Lomeyo-Work/Practice-Projects(Internship)/ogani-ecommerce/vendor/laravel/framework/src/Illuminate/Foundation/Http/Kernel.php(175): Illuminate\\Pipeline\\Pipeline->then()
#35 /media/suraiya/New Volume/Lomeyo-Work/Practice-Projects(Internship)/ogani-ecommerce/vendor/laravel/framework/src/Illuminate/Foundation/Http/Kernel.php(144): Illuminate\\Foundation\\Http\\Kernel->sendRequestThroughRouter()
#36 /media/suraiya/New Volume/Lomeyo-Work/Practice-Projects(Internship)/ogani-ecommerce/public/index.php(51): Illuminate\\Foundation\\Http\\Kernel->handle()
#37 /media/suraiya/New Volume/Lomeyo-Work/Practice-Projects(Internship)/ogani-ecommerce/vendor/laravel/framework/src/Illuminate/Foundation/resources/server.php(16): require_once('...')
#38 {main}

[previous exception] [object] (PDOException(code: 1045): SQLSTATE[HY000] [1045] Access denied for user 'forge'@'localhost' (using password: NO) at /media/suraiya/New Volume/Lomeyo-Work/Practice-Projects(Internship)/ogani-ecommerce/vendor/laravel/framework/src/Illuminate/Database/Connectors/Connector.php:65)
[stacktrace]
#0 /media/suraiya/New Volume/Lomeyo-Work/Practice-Projects(Internship)/ogani-ecommerce/vendor/laravel/framework/src/Illuminate/Database/Connectors/Connector.php(65): PDO->__construct()
#1 /media/suraiya/New Volume/Lomeyo-Work/Practice-Projects(Internship)/ogani-ecommerce/vendor/laravel/framework/src/Illuminate/Database/Connectors/Connector.php(44): Illuminate\\Database\\Connectors\\Connector->createPdoConnection()
#2 /media/suraiya/New Volume/Lomeyo-Work/Practice-Projects(Internship)/ogani-ecommerce/vendor/laravel/framework/src/Illuminate/Database/Connectors/MySqlConnector.php(24): Illuminate\\Database\\Connectors\\Connector->createConnection()
#3 /media/suraiya/New Volume/Lomeyo-Work/Practice-Projects(Internship)/ogani-ecommerce/vendor/laravel/framework/src/Illuminate/Database/Connectors/ConnectionFactory.php(184): Illuminate\\Database\\Connectors\\MySqlConnector->connect()
#4 [internal function]: Illuminate\\Database\\Connectors\\ConnectionFactory->Illuminate\\Database\\Connectors\\{closure}()
#5 /media/suraiya/New Volume/Lomeyo-Work/Practice-Projects(Internship)/ogani-ecommerce/vendor/laravel/framework/src/Illuminate/Database/Connection.php(1275): call_user_func()
#6 /media/suraiya/New Volume/Lomeyo-Work/Practice-Projects(Internship)/ogani-ecommerce/vendor/laravel/framework/src/Illuminate/Database/Connection.php(1311): Illuminate\\Database\\Connection->getPdo()
#7 /media/suraiya/New Volume/Lomeyo-Work/Practice-Projects(Internship)/ogani-ecommerce/vendor/laravel/framework/src/Illuminate/Database/Connection.php(521): Illuminate\\Database\\Connection->getReadPdo()
#8 /media/suraiya/New Volume/Lomeyo-Work/Practice-Projects(Internship)/ogani-ecommerce/vendor/laravel/framework/src/Illuminate/Database/Connection.php(416): Illuminate\\Database\\Connection->getPdoForSelect()
#9 /media/suraiya/New Volume/Lomeyo-Work/Practice-Projects(Internship)/ogani-ecommerce/vendor/laravel/framework/src/Illuminate/Database/Connection.php(788): Illuminate\\Database\\Connection->Illuminate\\Database\\{closure}()
#10 /media/suraiya/New Volume/Lomeyo-Work/Practice-Projects(Internship)/ogani-ecommerce/vendor/laravel/framework/src/Illuminate/Database/Connection.php(755): Illuminate\\Database\\Connection->runQueryCallback()
#11 /media/suraiya/New Volume/Lomeyo-Work/Practice-Projects(Internship)/ogani-ecommerce/vendor/laravel/framework/src/Illuminate/Database/Connection.php(407): Illuminate\\Database\\Connection->run()
#12 /media/suraiya/New Volume/Lomeyo-Work/Practice-Projects(Internship)/ogani-ecommerce/vendor/laravel/framework/src/Illuminate/Database/Query/Builder.php(2735): Illuminate\\Database\\Connection->select()
#13 /media/suraiya/New Volume/Lomeyo-Work/Practice-Projects(Internship)/ogani-ecommerce/vendor/laravel/framework/src/Illuminate/Database/Query/Builder.php(2724): Illuminate\\Database\\Query\\Builder->runSelect()
#14 /media/suraiya/New Volume/Lomeyo-Work/Practice-Projects(Internship)/ogani-ecommerce/vendor/laravel/framework/src/Illuminate/Database/Query/Builder.php(3278): Illuminate\\Database\\Query\\Builder->Illuminate\\Database\\Query\\{closure}()
#15 /media/suraiya/New Volume/Lomeyo-Work/Practice-Projects(Internship)/ogani-ecommerce/vendor/laravel/framework/src/Illuminate/Database/Query/Builder.php(2723): Illuminate\\Database\\Query\\Builder->onceWithColumns()
#16 /media/suraiya/New Volume/Lomeyo-Work/Practice-Projects(Internship)/ogani-ecommerce/vendor/laravel/framework/src/Illuminate/Database/Eloquent/Builder.php(717): Illuminate\\Database\\Query\\Builder->get()
#17 /media/suraiya/New Volume/Lomeyo-Work/Practice-Projects(Internship)/ogani-ecommerce/vendor/laravel/framework/src/Illuminate/Database/Eloquent/Builder.php(701): Illuminate\\Database\\Eloquent\\Builder->getModels()
#18 /media/suraiya/New Volume/Lomeyo-Work/Practice-Projects(Internship)/ogani-ecommerce/vendor/laravel/framework/src/Illuminate/Database/Concerns/BuildsQueries.php(296): Illuminate\\Database\\Eloquent\\Builder->get()
#19 /media/suraiya/New Volume/Lomeyo-Work/Practice-Projects(Internship)/ogani-ecommerce/vendor/laravel/framework/src/Illuminate/Support/Traits/ForwardsCalls.php(23): Illuminate\\Database\\Eloquent\\Builder->first()
#20 /media/suraiya/New Volume/Lomeyo-Work/Practice-Projects(Internship)/ogani-ecommerce/vendor/laravel/framework/src/Illuminate/Database/Eloquent/Model.php(2335): Illuminate\\Database\\Eloquent\\Model->forwardCallTo()
#21 /media/suraiya/New Volume/Lomeyo-Work/Practice-Projects(Internship)/ogani-ecommerce/vendor/laravel/framework/src/Illuminate/Database/Eloquent/Model.php(2347): Illuminate\\Database\\Eloquent\\Model->__call()
#22 /media/suraiya/New Volume/Lomeyo-Work/Practice-Projects(Internship)/ogani-ecommerce/app/Providers/AppServiceProvider.php(61): Illuminate\\Database\\Eloquent\\Model::__callStatic()
#23 /media/suraiya/New Volume/Lomeyo-Work/Practice-Projects(Internship)/ogani-ecommerce/vendor/laravel/framework/src/Illuminate/View/Concerns/ManagesEvents.php(162): App\\Providers\\AppServiceProvider->App\\Providers\\{closure}()
#24 /media/suraiya/New Volume/Lomeyo-Work/Practice-Projects(Internship)/ogani-ecommerce/vendor/laravel/framework/src/Illuminate/Events/Dispatcher.php(418): Illuminate\\View\\Factory->Illuminate\\View\\Concerns\\{closure}()
#25 /media/suraiya/New Volume/Lomeyo-Work/Practice-Projects(Internship)/ogani-ecommerce/vendor/laravel/framework/src/Illuminate/Events/Dispatcher.php(249): Illuminate\\Events\\Dispatcher->Illuminate\\Events\\{closure}()
#26 /media/suraiya/New Volume/Lomeyo-Work/Practice-Projects(Internship)/ogani-ecommerce/vendor/laravel/framework/src/Illuminate/View/Concerns/ManagesEvents.php(177): Illuminate\\Events\\Dispatcher->dispatch()
#27 /media/suraiya/New Volume/Lomeyo-Work/Practice-Projects(Internship)/ogani-ecommerce/vendor/laravel/framework/src/Illuminate/View/View.php(176): Illuminate\\View\\Factory->callComposer()
#28 /media/suraiya/New Volume/Lomeyo-Work/Practice-Projects(Internship)/ogani-ecommerce/vendor/laravel/framework/src/Illuminate/View/View.php(147): Illuminate\\View\\View->renderContents()
#29 /media/suraiya/New Volume/Lomeyo-Work/Practice-Projects(Internship)/ogani-ecommerce/vendor/laravel/framework/src/Illuminate/Http/Response.php(69): Illuminate\\View\\View->render()
#30 /media/suraiya/New Volume/Lomeyo-Work/Practice-Projects(Internship)/ogani-ecommerce/vendor/laravel/framework/src/Illuminate/Http/Response.php(35): Illuminate\\Http\\Response->setContent()
#31 /media/suraiya/New Volume/Lomeyo-Work/Practice-Projects(Internship)/ogani-ecommerce/vendor/laravel/framework/src/Illuminate/Routing/ResponseFactory.php(57): Illuminate\\Http\\Response->__construct()
#32 /media/suraiya/New Volume/Lomeyo-Work/Practice-Projects(Internship)/ogani-ecommerce/vendor/laravel/framework/src/Illuminate/Routing/ResponseFactory.php(87): Illuminate\\Routing\\ResponseFactory->make()
#33 /media/suraiya/New Volume/Lomeyo-Work/Practice-Projects(Internship)/ogani-ecommerce/vendor/laravel/framework/src/Illuminate/Foundation/Exceptions/Handler.php(645): Illuminate\\Routing\\ResponseFactory->view()
#34 /media/suraiya/New Volume/Lomeyo-Work/Practice-Projects(Internship)/ogani-ecommerce/vendor/laravel/framework/src/Illuminate/Foundation/Exceptions/Handler.php(573): Illuminate\\Foundation\\Exceptions\\Handler->renderHttpException()
#35 /media/suraiya/New Volume/Lomeyo-Work/Practice-Projects(Internship)/ogani-ecommerce/vendor/laravel/framework/src/Illuminate/Foundation/Exceptions/Handler.php(479): Illuminate\\Foundation\\Exceptions\\Handler->prepareResponse()
#36 /media/suraiya/New Volume/Lomeyo-Work/Practice-Projects(Internship)/ogani-ecommerce/vendor/laravel/framework/src/Illuminate/Foundation/Exceptions/Handler.php(396): Illuminate\\Foundation\\Exceptions\\Handler->renderExceptionResponse()
#37 /media/suraiya/New Volume/Lomeyo-Work/Practice-Projects(Internship)/ogani-ecommerce/vendor/laravel/framework/src/Illuminate/Routing/Pipeline.php(51): Illuminate\\Foundation\\Exceptions\\Handler->render()
#38 /media/suraiya/New Volume/Lomeyo-Work/Practice-Projects(Internship)/ogani-ecommerce/vendor/laravel/framework/src/Illuminate/Pipeline/Pipeline.php(185): Illuminate\\Routing\\Pipeline->handleException()
#39 /media/suraiya/New Volume/Lomeyo-Work/Practice-Projects(Internship)/ogani-ecommerce/vendor/laravel/framework/src/Illuminate/Http/Middleware/HandleCors.php(49): Illuminate\\Pipeline\\Pipeline->Illuminate\\Pipeline\\{closure}()
#40 /media/suraiya/New Volume/Lomeyo-Work/Practice-Projects(Internship)/ogani-ecommerce/vendor/laravel/framework/src/Illuminate/Pipeline/Pipeline.php(180): Illuminate\\Http\\Middleware\\HandleCors->handle()
#41 /media/suraiya/New Volume/Lomeyo-Work/Practice-Projects(Internship)/ogani-ecommerce/vendor/laravel/framework/src/Illuminate/Http/Middleware/TrustProxies.php(39): Illuminate\\Pipeline\\Pipeline->Illuminate\\Pipeline\\{closure}()
#42 /media/suraiya/New Volume/Lomeyo-Work/Practice-Projects(Internship)/ogani-ecommerce/vendor/laravel/framework/src/Illuminate/Pipeline/Pipeline.php(180): Illuminate\\Http\\Middleware\\TrustProxies->handle()
#43 /media/suraiya/New Volume/Lomeyo-Work/Practice-Projects(Internship)/ogani-ecommerce/vendor/laravel/framework/src/Illuminate/Pipeline/Pipeline.php(116): Illuminate\\Pipeline\\Pipeline->Illuminate\\Pipeline\\{closure}()
#44 /media/suraiya/New Volume/Lomeyo-Work/Practice-Projects(Internship)/ogani-ecommerce/vendor/laravel/framework/src/Illuminate/Foundation/Http/Kernel.php(175): Illuminate\\Pipeline\\Pipeline->then()
#45 /media/suraiya/New Volume/Lomeyo-Work/Practice-Projects(Internship)/ogani-ecommerce/vendor/laravel/framework/src/Illuminate/Foundation/Http/Kernel.php(144): Illuminate\\Foundation\\Http\\Kernel->sendRequestThroughRouter()
#46 /media/suraiya/New Volume/Lomeyo-Work/Practice-Projects(Internship)/ogani-ecommerce/public/index.php(51): Illuminate\\Foundation\\Http\\Kernel->handle()
#47 /media/suraiya/New Volume/Lomeyo-Work/Practice-Projects(Internship)/ogani-ecommerce/vendor/laravel/framework/src/Illuminate/Foundation/resources/server.php(16): require_once('...')
#48 {main}
"} 
[2024-08-20 05:59:44] production.ERROR: SQLSTATE[HY000] [1045] Access denied for user 'forge'@'localhost' (using password: NO) (Connection: mysql, SQL: select * from `cms` limit 1) {"exception":"[object] (Illuminate\\Database\\QueryException(code: 1045): SQLSTATE[HY000] [1045] Access denied for user 'forge'@'localhost' (using password: NO) (Connection: mysql, SQL: select * from `cms` limit 1) at /media/suraiya/New Volume/Lomeyo-Work/Practice-Projects(Internship)/ogani-ecommerce/vendor/laravel/framework/src/Illuminate/Database/Connection.php:795)
[stacktrace]
#0 /media/suraiya/New Volume/Lomeyo-Work/Practice-Projects(Internship)/ogani-ecommerce/vendor/laravel/framework/src/Illuminate/Database/Connection.php(755): Illuminate\\Database\\Connection->runQueryCallback()
#1 /media/suraiya/New Volume/Lomeyo-Work/Practice-Projects(Internship)/ogani-ecommerce/vendor/laravel/framework/src/Illuminate/Database/Connection.php(407): Illuminate\\Database\\Connection->run()
#2 /media/suraiya/New Volume/Lomeyo-Work/Practice-Projects(Internship)/ogani-ecommerce/vendor/laravel/framework/src/Illuminate/Database/Query/Builder.php(2735): Illuminate\\Database\\Connection->select()
#3 /media/suraiya/New Volume/Lomeyo-Work/Practice-Projects(Internship)/ogani-ecommerce/vendor/laravel/framework/src/Illuminate/Database/Query/Builder.php(2724): Illuminate\\Database\\Query\\Builder->runSelect()
#4 /media/suraiya/New Volume/Lomeyo-Work/Practice-Projects(Internship)/ogani-ecommerce/vendor/laravel/framework/src/Illuminate/Database/Query/Builder.php(3278): Illuminate\\Database\\Query\\Builder->Illuminate\\Database\\Query\\{closure}()
#5 /media/suraiya/New Volume/Lomeyo-Work/Practice-Projects(Internship)/ogani-ecommerce/vendor/laravel/framework/src/Illuminate/Database/Query/Builder.php(2723): Illuminate\\Database\\Query\\Builder->onceWithColumns()
#6 /media/suraiya/New Volume/Lomeyo-Work/Practice-Projects(Internship)/ogani-ecommerce/vendor/laravel/framework/src/Illuminate/Database/Eloquent/Builder.php(717): Illuminate\\Database\\Query\\Builder->get()
#7 /media/suraiya/New Volume/Lomeyo-Work/Practice-Projects(Internship)/ogani-ecommerce/vendor/laravel/framework/src/Illuminate/Database/Eloquent/Builder.php(701): Illuminate\\Database\\Eloquent\\Builder->getModels()
#8 /media/suraiya/New Volume/Lomeyo-Work/Practice-Projects(Internship)/ogani-ecommerce/vendor/laravel/framework/src/Illuminate/Database/Concerns/BuildsQueries.php(296): Illuminate\\Database\\Eloquent\\Builder->get()
#9 /media/suraiya/New Volume/Lomeyo-Work/Practice-Projects(Internship)/ogani-ecommerce/vendor/laravel/framework/src/Illuminate/Support/Traits/ForwardsCalls.php(23): Illuminate\\Database\\Eloquent\\Builder->first()
#10 /media/suraiya/New Volume/Lomeyo-Work/Practice-Projects(Internship)/ogani-ecommerce/vendor/laravel/framework/src/Illuminate/Database/Eloquent/Model.php(2335): Illuminate\\Database\\Eloquent\\Model->forwardCallTo()
#11 /media/suraiya/New Volume/Lomeyo-Work/Practice-Projects(Internship)/ogani-ecommerce/vendor/laravel/framework/src/Illuminate/Database/Eloquent/Model.php(2347): Illuminate\\Database\\Eloquent\\Model->__call()
#12 /media/suraiya/New Volume/Lomeyo-Work/Practice-Projects(Internship)/ogani-ecommerce/app/Providers/AppServiceProvider.php(61): Illuminate\\Database\\Eloquent\\Model::__callStatic()
#13 /media/suraiya/New Volume/Lomeyo-Work/Practice-Projects(Internship)/ogani-ecommerce/vendor/laravel/framework/src/Illuminate/View/Concerns/ManagesEvents.php(162): App\\Providers\\AppServiceProvider->App\\Providers\\{closure}()
#14 /media/suraiya/New Volume/Lomeyo-Work/Practice-Projects(Internship)/ogani-ecommerce/vendor/laravel/framework/src/Illuminate/Events/Dispatcher.php(418): Illuminate\\View\\Factory->Illuminate\\View\\Concerns\\{closure}()
#15 /media/suraiya/New Volume/Lomeyo-Work/Practice-Projects(Internship)/ogani-ecommerce/vendor/laravel/framework/src/Illuminate/Events/Dispatcher.php(249): Illuminate\\Events\\Dispatcher->Illuminate\\Events\\{closure}()
#16 /media/suraiya/New Volume/Lomeyo-Work/Practice-Projects(Internship)/ogani-ecommerce/vendor/laravel/framework/src/Illuminate/View/Concerns/ManagesEvents.php(177): Illuminate\\Events\\Dispatcher->dispatch()
#17 /media/suraiya/New Volume/Lomeyo-Work/Practice-Projects(Internship)/ogani-ecommerce/vendor/laravel/framework/src/Illuminate/View/View.php(176): Illuminate\\View\\Factory->callComposer()
#18 /media/suraiya/New Volume/Lomeyo-Work/Practice-Projects(Internship)/ogani-ecommerce/vendor/laravel/framework/src/Illuminate/View/View.php(147): Illuminate\\View\\View->renderContents()
#19 /media/suraiya/New Volume/Lomeyo-Work/Practice-Projects(Internship)/ogani-ecommerce/vendor/laravel/framework/src/Illuminate/Http/Response.php(69): Illuminate\\View\\View->render()
#20 /media/suraiya/New Volume/Lomeyo-Work/Practice-Projects(Internship)/ogani-ecommerce/vendor/laravel/framework/src/Illuminate/Http/Response.php(35): Illuminate\\Http\\Response->setContent()
#21 /media/suraiya/New Volume/Lomeyo-Work/Practice-Projects(Internship)/ogani-ecommerce/vendor/laravel/framework/src/Illuminate/Routing/ResponseFactory.php(57): Illuminate\\Http\\Response->__construct()
#22 /media/suraiya/New Volume/Lomeyo-Work/Practice-Projects(Internship)/ogani-ecommerce/vendor/laravel/framework/src/Illuminate/Routing/ResponseFactory.php(87): Illuminate\\Routing\\ResponseFactory->make()
#23 /media/suraiya/New Volume/Lomeyo-Work/Practice-Projects(Internship)/ogani-ecommerce/vendor/laravel/framework/src/Illuminate/Foundation/Exceptions/Handler.php(645): Illuminate\\Routing\\ResponseFactory->view()
#24 /media/suraiya/New Volume/Lomeyo-Work/Practice-Projects(Internship)/ogani-ecommerce/vendor/laravel/framework/src/Illuminate/Foundation/Exceptions/Handler.php(573): Illuminate\\Foundation\\Exceptions\\Handler->renderHttpException()
#25 /media/suraiya/New Volume/Lomeyo-Work/Practice-Projects(Internship)/ogani-ecommerce/vendor/laravel/framework/src/Illuminate/Foundation/Exceptions/Handler.php(479): Illuminate\\Foundation\\Exceptions\\Handler->prepareResponse()
#26 /media/suraiya/New Volume/Lomeyo-Work/Practice-Projects(Internship)/ogani-ecommerce/vendor/laravel/framework/src/Illuminate/Foundation/Exceptions/Handler.php(396): Illuminate\\Foundation\\Exceptions\\Handler->renderExceptionResponse()
#27 /media/suraiya/New Volume/Lomeyo-Work/Practice-Projects(Internship)/ogani-ecommerce/vendor/laravel/framework/src/Illuminate/Routing/Pipeline.php(51): Illuminate\\Foundation\\Exceptions\\Handler->render()
#28 /media/suraiya/New Volume/Lomeyo-Work/Practice-Projects(Internship)/ogani-ecommerce/vendor/laravel/framework/src/Illuminate/Pipeline/Pipeline.php(185): Illuminate\\Routing\\Pipeline->handleException()
#29 /media/suraiya/New Volume/Lomeyo-Work/Practice-Projects(Internship)/ogani-ecommerce/vendor/laravel/framework/src/Illuminate/Http/Middleware/TrustProxies.php(39): Illuminate\\Pipeline\\Pipeline->Illuminate\\Pipeline\\{closure}()
#30 /media/suraiya/New Volume/Lomeyo-Work/Practice-Projects(Internship)/ogani-ecommerce/vendor/laravel/framework/src/Illuminate/Pipeline/Pipeline.php(180): Illuminate\\Http\\Middleware\\TrustProxies->handle()
#31 /media/suraiya/New Volume/Lomeyo-Work/Practice-Projects(Internship)/ogani-ecommerce/vendor/laravel/framework/src/Illuminate/Pipeline/Pipeline.php(116): Illuminate\\Pipeline\\Pipeline->Illuminate\\Pipeline\\{closure}()
#32 /media/suraiya/New Volume/Lomeyo-Work/Practice-Projects(Internship)/ogani-ecommerce/vendor/laravel/framework/src/Illuminate/Foundation/Http/Kernel.php(175): Illuminate\\Pipeline\\Pipeline->then()
#33 /media/suraiya/New Volume/Lomeyo-Work/Practice-Projects(Internship)/ogani-ecommerce/vendor/laravel/framework/src/Illuminate/Foundation/Http/Kernel.php(144): Illuminate\\Foundation\\Http\\Kernel->sendRequestThroughRouter()
#34 /media/suraiya/New Volume/Lomeyo-Work/Practice-Projects(Internship)/ogani-ecommerce/public/index.php(51): Illuminate\\Foundation\\Http\\Kernel->handle()
#35 /media/suraiya/New Volume/Lomeyo-Work/Practice-Projects(Internship)/ogani-ecommerce/vendor/laravel/framework/src/Illuminate/Foundation/resources/server.php(16): require_once('...')
#36 {main}

[previous exception] [object] (PDOException(code: 1045): SQLSTATE[HY000] [1045] Access denied for user 'forge'@'localhost' (using password: NO) at /media/suraiya/New Volume/Lomeyo-Work/Practice-Projects(Internship)/ogani-ecommerce/vendor/laravel/framework/src/Illuminate/Database/Connectors/Connector.php:65)
[stacktrace]
#0 /media/suraiya/New Volume/Lomeyo-Work/Practice-Projects(Internship)/ogani-ecommerce/vendor/laravel/framework/src/Illuminate/Database/Connectors/Connector.php(65): PDO->__construct()
#1 /media/suraiya/New Volume/Lomeyo-Work/Practice-Projects(Internship)/ogani-ecommerce/vendor/laravel/framework/src/Illuminate/Database/Connectors/Connector.php(44): Illuminate\\Database\\Connectors\\Connector->createPdoConnection()
#2 /media/suraiya/New Volume/Lomeyo-Work/Practice-Projects(Internship)/ogani-ecommerce/vendor/laravel/framework/src/Illuminate/Database/Connectors/MySqlConnector.php(24): Illuminate\\Database\\Connectors\\Connector->createConnection()
#3 /media/suraiya/New Volume/Lomeyo-Work/Practice-Projects(Internship)/ogani-ecommerce/vendor/laravel/framework/src/Illuminate/Database/Connectors/ConnectionFactory.php(184): Illuminate\\Database\\Connectors\\MySqlConnector->connect()
#4 [internal function]: Illuminate\\Database\\Connectors\\ConnectionFactory->Illuminate\\Database\\Connectors\\{closure}()
#5 /media/suraiya/New Volume/Lomeyo-Work/Practice-Projects(Internship)/ogani-ecommerce/vendor/laravel/framework/src/Illuminate/Database/Connection.php(1275): call_user_func()
#6 /media/suraiya/New Volume/Lomeyo-Work/Practice-Projects(Internship)/ogani-ecommerce/vendor/laravel/framework/src/Illuminate/Database/Connection.php(1311): Illuminate\\Database\\Connection->getPdo()
#7 /media/suraiya/New Volume/Lomeyo-Work/Practice-Projects(Internship)/ogani-ecommerce/vendor/laravel/framework/src/Illuminate/Database/Connection.php(521): Illuminate\\Database\\Connection->getReadPdo()
#8 /media/suraiya/New Volume/Lomeyo-Work/Practice-Projects(Internship)/ogani-ecommerce/vendor/laravel/framework/src/Illuminate/Database/Connection.php(416): Illuminate\\Database\\Connection->getPdoForSelect()
#9 /media/suraiya/New Volume/Lomeyo-Work/Practice-Projects(Internship)/ogani-ecommerce/vendor/laravel/framework/src/Illuminate/Database/Connection.php(788): Illuminate\\Database\\Connection->Illuminate\\Database\\{closure}()
#10 /media/suraiya/New Volume/Lomeyo-Work/Practice-Projects(Internship)/ogani-ecommerce/vendor/laravel/framework/src/Illuminate/Database/Connection.php(755): Illuminate\\Database\\Connection->runQueryCallback()
#11 /media/suraiya/New Volume/Lomeyo-Work/Practice-Projects(Internship)/ogani-ecommerce/vendor/laravel/framework/src/Illuminate/Database/Connection.php(407): Illuminate\\Database\\Connection->run()
#12 /media/suraiya/New Volume/Lomeyo-Work/Practice-Projects(Internship)/ogani-ecommerce/vendor/laravel/framework/src/Illuminate/Database/Query/Builder.php(2735): Illuminate\\Database\\Connection->select()
#13 /media/suraiya/New Volume/Lomeyo-Work/Practice-Projects(Internship)/ogani-ecommerce/vendor/laravel/framework/src/Illuminate/Database/Query/Builder.php(2724): Illuminate\\Database\\Query\\Builder->runSelect()
#14 /media/suraiya/New Volume/Lomeyo-Work/Practice-Projects(Internship)/ogani-ecommerce/vendor/laravel/framework/src/Illuminate/Database/Query/Builder.php(3278): Illuminate\\Database\\Query\\Builder->Illuminate\\Database\\Query\\{closure}()
#15 /media/suraiya/New Volume/Lomeyo-Work/Practice-Projects(Internship)/ogani-ecommerce/vendor/laravel/framework/src/Illuminate/Database/Query/Builder.php(2723): Illuminate\\Database\\Query\\Builder->onceWithColumns()
#16 /media/suraiya/New Volume/Lomeyo-Work/Practice-Projects(Internship)/ogani-ecommerce/vendor/laravel/framework/src/Illuminate/Database/Eloquent/Builder.php(717): Illuminate\\Database\\Query\\Builder->get()
#17 /media/suraiya/New Volume/Lomeyo-Work/Practice-Projects(Internship)/ogani-ecommerce/vendor/laravel/framework/src/Illuminate/Database/Eloquent/Builder.php(701): Illuminate\\Database\\Eloquent\\Builder->getModels()
#18 /media/suraiya/New Volume/Lomeyo-Work/Practice-Projects(Internship)/ogani-ecommerce/vendor/laravel/framework/src/Illuminate/Database/Concerns/BuildsQueries.php(296): Illuminate\\Database\\Eloquent\\Builder->get()
#19 /media/suraiya/New Volume/Lomeyo-Work/Practice-Projects(Internship)/ogani-ecommerce/vendor/laravel/framework/src/Illuminate/Support/Traits/ForwardsCalls.php(23): Illuminate\\Database\\Eloquent\\Builder->first()
#20 /media/suraiya/New Volume/Lomeyo-Work/Practice-Projects(Internship)/ogani-ecommerce/vendor/laravel/framework/src/Illuminate/Database/Eloquent/Model.php(2335): Illuminate\\Database\\Eloquent\\Model->forwardCallTo()
#21 /media/suraiya/New Volume/Lomeyo-Work/Practice-Projects(Internship)/ogani-ecommerce/vendor/laravel/framework/src/Illuminate/Database/Eloquent/Model.php(2347): Illuminate\\Database\\Eloquent\\Model->__call()
#22 /media/suraiya/New Volume/Lomeyo-Work/Practice-Projects(Internship)/ogani-ecommerce/app/Providers/AppServiceProvider.php(61): Illuminate\\Database\\Eloquent\\Model::__callStatic()
#23 /media/suraiya/New Volume/Lomeyo-Work/Practice-Projects(Internship)/ogani-ecommerce/vendor/laravel/framework/src/Illuminate/View/Concerns/ManagesEvents.php(162): App\\Providers\\AppServiceProvider->App\\Providers\\{closure}()
#24 /media/suraiya/New Volume/Lomeyo-Work/Practice-Projects(Internship)/ogani-ecommerce/vendor/laravel/framework/src/Illuminate/Events/Dispatcher.php(418): Illuminate\\View\\Factory->Illuminate\\View\\Concerns\\{closure}()
#25 /media/suraiya/New Volume/Lomeyo-Work/Practice-Projects(Internship)/ogani-ecommerce/vendor/laravel/framework/src/Illuminate/Events/Dispatcher.php(249): Illuminate\\Events\\Dispatcher->Illuminate\\Events\\{closure}()
#26 /media/suraiya/New Volume/Lomeyo-Work/Practice-Projects(Internship)/ogani-ecommerce/vendor/laravel/framework/src/Illuminate/View/Concerns/ManagesEvents.php(177): Illuminate\\Events\\Dispatcher->dispatch()
#27 /media/suraiya/New Volume/Lomeyo-Work/Practice-Projects(Internship)/ogani-ecommerce/vendor/laravel/framework/src/Illuminate/View/View.php(176): Illuminate\\View\\Factory->callComposer()
#28 /media/suraiya/New Volume/Lomeyo-Work/Practice-Projects(Internship)/ogani-ecommerce/vendor/laravel/framework/src/Illuminate/View/View.php(147): Illuminate\\View\\View->renderContents()
#29 /media/suraiya/New Volume/Lomeyo-Work/Practice-Projects(Internship)/ogani-ecommerce/vendor/laravel/framework/src/Illuminate/Http/Response.php(69): Illuminate\\View\\View->render()
#30 /media/suraiya/New Volume/Lomeyo-Work/Practice-Projects(Internship)/ogani-ecommerce/vendor/laravel/framework/src/Illuminate/Http/Response.php(35): Illuminate\\Http\\Response->setContent()
#31 /media/suraiya/New Volume/Lomeyo-Work/Practice-Projects(Internship)/ogani-ecommerce/vendor/laravel/framework/src/Illuminate/Routing/ResponseFactory.php(57): Illuminate\\Http\\Response->__construct()
#32 /media/suraiya/New Volume/Lomeyo-Work/Practice-Projects(Internship)/ogani-ecommerce/vendor/laravel/framework/src/Illuminate/Routing/ResponseFactory.php(87): Illuminate\\Routing\\ResponseFactory->make()
#33 /media/suraiya/New Volume/Lomeyo-Work/Practice-Projects(Internship)/ogani-ecommerce/vendor/laravel/framework/src/Illuminate/Foundation/Exceptions/Handler.php(645): Illuminate\\Routing\\ResponseFactory->view()
#34 /media/suraiya/New Volume/Lomeyo-Work/Practice-Projects(Internship)/ogani-ecommerce/vendor/laravel/framework/src/Illuminate/Foundation/Exceptions/Handler.php(573): Illuminate\\Foundation\\Exceptions\\Handler->renderHttpException()
#35 /media/suraiya/New Volume/Lomeyo-Work/Practice-Projects(Internship)/ogani-ecommerce/vendor/laravel/framework/src/Illuminate/Foundation/Exceptions/Handler.php(479): Illuminate\\Foundation\\Exceptions\\Handler->prepareResponse()
#36 /media/suraiya/New Volume/Lomeyo-Work/Practice-Projects(Internship)/ogani-ecommerce/vendor/laravel/framework/src/Illuminate/Foundation/Exceptions/Handler.php(396): Illuminate\\Foundation\\Exceptions\\Handler->renderExceptionResponse()
#37 /media/suraiya/New Volume/Lomeyo-Work/Practice-Projects(Internship)/ogani-ecommerce/vendor/laravel/framework/src/Illuminate/Routing/Pipeline.php(51): Illuminate\\Foundation\\Exceptions\\Handler->render()
#38 /media/suraiya/New Volume/Lomeyo-Work/Practice-Projects(Internship)/ogani-ecommerce/vendor/laravel/framework/src/Illuminate/Pipeline/Pipeline.php(185): Illuminate\\Routing\\Pipeline->handleException()
#39 /media/suraiya/New Volume/Lomeyo-Work/Practice-Projects(Internship)/ogani-ecommerce/vendor/laravel/framework/src/Illuminate/Http/Middleware/TrustProxies.php(39): Illuminate\\Pipeline\\Pipeline->Illuminate\\Pipeline\\{closure}()
#40 /media/suraiya/New Volume/Lomeyo-Work/Practice-Projects(Internship)/ogani-ecommerce/vendor/laravel/framework/src/Illuminate/Pipeline/Pipeline.php(180): Illuminate\\Http\\Middleware\\TrustProxies->handle()
#41 /media/suraiya/New Volume/Lomeyo-Work/Practice-Projects(Internship)/ogani-ecommerce/vendor/laravel/framework/src/Illuminate/Pipeline/Pipeline.php(116): Illuminate\\Pipeline\\Pipeline->Illuminate\\Pipeline\\{closure}()
#42 /media/suraiya/New Volume/Lomeyo-Work/Practice-Projects(Internship)/ogani-ecommerce/vendor/laravel/framework/src/Illuminate/Foundation/Http/Kernel.php(175): Illuminate\\Pipeline\\Pipeline->then()
#43 /media/suraiya/New Volume/Lomeyo-Work/Practice-Projects(Internship)/ogani-ecommerce/vendor/laravel/framework/src/Illuminate/Foundation/Http/Kernel.php(144): Illuminate\\Foundation\\Http\\Kernel->sendRequestThroughRouter()
#44 /media/suraiya/New Volume/Lomeyo-Work/Practice-Projects(Internship)/ogani-ecommerce/public/index.php(51): Illuminate\\Foundation\\Http\\Kernel->handle()
#45 /media/suraiya/New Volume/Lomeyo-Work/Practice-Projects(Internship)/ogani-ecommerce/vendor/laravel/framework/src/Illuminate/Foundation/resources/server.php(16): require_once('...')
#46 {main}
"} 
[2024-08-20 05:59:44] production.ERROR: SQLSTATE[HY000] [1045] Access denied for user 'forge'@'localhost' (using password: NO) (Connection: mysql, SQL: select * from `cms` limit 1) {"exception":"[object] (Illuminate\\Database\\QueryException(code: 1045): SQLSTATE[HY000] [1045] Access denied for user 'forge'@'localhost' (using password: NO) (Connection: mysql, SQL: select * from `cms` limit 1) at /media/suraiya/New Volume/Lomeyo-Work/Practice-Projects(Internship)/ogani-ecommerce/vendor/laravel/framework/src/Illuminate/Database/Connection.php:795)
[stacktrace]
#0 /media/suraiya/New Volume/Lomeyo-Work/Practice-Projects(Internship)/ogani-ecommerce/vendor/laravel/framework/src/Illuminate/Database/Connection.php(755): Illuminate\\Database\\Connection->runQueryCallback()
#1 /media/suraiya/New Volume/Lomeyo-Work/Practice-Projects(Internship)/ogani-ecommerce/vendor/laravel/framework/src/Illuminate/Database/Connection.php(407): Illuminate\\Database\\Connection->run()
#2 /media/suraiya/New Volume/Lomeyo-Work/Practice-Projects(Internship)/ogani-ecommerce/vendor/laravel/framework/src/Illuminate/Database/Query/Builder.php(2735): Illuminate\\Database\\Connection->select()
#3 /media/suraiya/New Volume/Lomeyo-Work/Practice-Projects(Internship)/ogani-ecommerce/vendor/laravel/framework/src/Illuminate/Database/Query/Builder.php(2724): Illuminate\\Database\\Query\\Builder->runSelect()
#4 /media/suraiya/New Volume/Lomeyo-Work/Practice-Projects(Internship)/ogani-ecommerce/vendor/laravel/framework/src/Illuminate/Database/Query/Builder.php(3278): Illuminate\\Database\\Query\\Builder->Illuminate\\Database\\Query\\{closure}()
#5 /media/suraiya/New Volume/Lomeyo-Work/Practice-Projects(Internship)/ogani-ecommerce/vendor/laravel/framework/src/Illuminate/Database/Query/Builder.php(2723): Illuminate\\Database\\Query\\Builder->onceWithColumns()
#6 /media/suraiya/New Volume/Lomeyo-Work/Practice-Projects(Internship)/ogani-ecommerce/vendor/laravel/framework/src/Illuminate/Database/Eloquent/Builder.php(717): Illuminate\\Database\\Query\\Builder->get()
#7 /media/suraiya/New Volume/Lomeyo-Work/Practice-Projects(Internship)/ogani-ecommerce/vendor/laravel/framework/src/Illuminate/Database/Eloquent/Builder.php(701): Illuminate\\Database\\Eloquent\\Builder->getModels()
#8 /media/suraiya/New Volume/Lomeyo-Work/Practice-Projects(Internship)/ogani-ecommerce/vendor/laravel/framework/src/Illuminate/Database/Concerns/BuildsQueries.php(296): Illuminate\\Database\\Eloquent\\Builder->get()
#9 /media/suraiya/New Volume/Lomeyo-Work/Practice-Projects(Internship)/ogani-ecommerce/vendor/laravel/framework/src/Illuminate/Support/Traits/ForwardsCalls.php(23): Illuminate\\Database\\Eloquent\\Builder->first()
#10 /media/suraiya/New Volume/Lomeyo-Work/Practice-Projects(Internship)/ogani-ecommerce/vendor/laravel/framework/src/Illuminate/Database/Eloquent/Model.php(2335): Illuminate\\Database\\Eloquent\\Model->forwardCallTo()
#11 /media/suraiya/New Volume/Lomeyo-Work/Practice-Projects(Internship)/ogani-ecommerce/vendor/laravel/framework/src/Illuminate/Database/Eloquent/Model.php(2347): Illuminate\\Database\\Eloquent\\Model->__call()
#12 /media/suraiya/New Volume/Lomeyo-Work/Practice-Projects(Internship)/ogani-ecommerce/app/Providers/AppServiceProvider.php(61): Illuminate\\Database\\Eloquent\\Model::__callStatic()
#13 /media/suraiya/New Volume/Lomeyo-Work/Practice-Projects(Internship)/ogani-ecommerce/vendor/laravel/framework/src/Illuminate/View/Concerns/ManagesEvents.php(162): App\\Providers\\AppServiceProvider->App\\Providers\\{closure}()
#14 /media/suraiya/New Volume/Lomeyo-Work/Practice-Projects(Internship)/ogani-ecommerce/vendor/laravel/framework/src/Illuminate/Events/Dispatcher.php(418): Illuminate\\View\\Factory->Illuminate\\View\\Concerns\\{closure}()
#15 /media/suraiya/New Volume/Lomeyo-Work/Practice-Projects(Internship)/ogani-ecommerce/vendor/laravel/framework/src/Illuminate/Events/Dispatcher.php(249): Illuminate\\Events\\Dispatcher->Illuminate\\Events\\{closure}()
#16 /media/suraiya/New Volume/Lomeyo-Work/Practice-Projects(Internship)/ogani-ecommerce/vendor/laravel/framework/src/Illuminate/View/Concerns/ManagesEvents.php(177): Illuminate\\Events\\Dispatcher->dispatch()
#17 /media/suraiya/New Volume/Lomeyo-Work/Practice-Projects(Internship)/ogani-ecommerce/vendor/laravel/framework/src/Illuminate/View/View.php(176): Illuminate\\View\\Factory->callComposer()
#18 /media/suraiya/New Volume/Lomeyo-Work/Practice-Projects(Internship)/ogani-ecommerce/vendor/laravel/framework/src/Illuminate/View/View.php(147): Illuminate\\View\\View->renderContents()
#19 /media/suraiya/New Volume/Lomeyo-Work/Practice-Projects(Internship)/ogani-ecommerce/vendor/laravel/framework/src/Illuminate/Http/Response.php(69): Illuminate\\View\\View->render()
#20 /media/suraiya/New Volume/Lomeyo-Work/Practice-Projects(Internship)/ogani-ecommerce/vendor/laravel/framework/src/Illuminate/Http/Response.php(35): Illuminate\\Http\\Response->setContent()
#21 /media/suraiya/New Volume/Lomeyo-Work/Practice-Projects(Internship)/ogani-ecommerce/vendor/laravel/framework/src/Illuminate/Routing/ResponseFactory.php(57): Illuminate\\Http\\Response->__construct()
#22 /media/suraiya/New Volume/Lomeyo-Work/Practice-Projects(Internship)/ogani-ecommerce/vendor/laravel/framework/src/Illuminate/Routing/ResponseFactory.php(87): Illuminate\\Routing\\ResponseFactory->make()
#23 /media/suraiya/New Volume/Lomeyo-Work/Practice-Projects(Internship)/ogani-ecommerce/vendor/laravel/framework/src/Illuminate/Foundation/Exceptions/Handler.php(645): Illuminate\\Routing\\ResponseFactory->view()
#24 /media/suraiya/New Volume/Lomeyo-Work/Practice-Projects(Internship)/ogani-ecommerce/vendor/laravel/framework/src/Illuminate/Foundation/Exceptions/Handler.php(573): Illuminate\\Foundation\\Exceptions\\Handler->renderHttpException()
#25 /media/suraiya/New Volume/Lomeyo-Work/Practice-Projects(Internship)/ogani-ecommerce/vendor/laravel/framework/src/Illuminate/Foundation/Exceptions/Handler.php(479): Illuminate\\Foundation\\Exceptions\\Handler->prepareResponse()
#26 /media/suraiya/New Volume/Lomeyo-Work/Practice-Projects(Internship)/ogani-ecommerce/vendor/laravel/framework/src/Illuminate/Foundation/Exceptions/Handler.php(396): Illuminate\\Foundation\\Exceptions\\Handler->renderExceptionResponse()
#27 /media/suraiya/New Volume/Lomeyo-Work/Practice-Projects(Internship)/ogani-ecommerce/vendor/laravel/framework/src/Illuminate/Routing/Pipeline.php(51): Illuminate\\Foundation\\Exceptions\\Handler->render()
#28 /media/suraiya/New Volume/Lomeyo-Work/Practice-Projects(Internship)/ogani-ecommerce/vendor/laravel/framework/src/Illuminate/Pipeline/Pipeline.php(185): Illuminate\\Routing\\Pipeline->handleException()
#29 /media/suraiya/New Volume/Lomeyo-Work/Practice-Projects(Internship)/ogani-ecommerce/vendor/laravel/framework/src/Illuminate/Pipeline/Pipeline.php(116): Illuminate\\Pipeline\\Pipeline->Illuminate\\Pipeline\\{closure}()
#30 /media/suraiya/New Volume/Lomeyo-Work/Practice-Projects(Internship)/ogani-ecommerce/vendor/laravel/framework/src/Illuminate/Foundation/Http/Kernel.php(175): Illuminate\\Pipeline\\Pipeline->then()
#31 /media/suraiya/New Volume/Lomeyo-Work/Practice-Projects(Internship)/ogani-ecommerce/vendor/laravel/framework/src/Illuminate/Foundation/Http/Kernel.php(144): Illuminate\\Foundation\\Http\\Kernel->sendRequestThroughRouter()
#32 /media/suraiya/New Volume/Lomeyo-Work/Practice-Projects(Internship)/ogani-ecommerce/public/index.php(51): Illuminate\\Foundation\\Http\\Kernel->handle()
#33 /media/suraiya/New Volume/Lomeyo-Work/Practice-Projects(Internship)/ogani-ecommerce/vendor/laravel/framework/src/Illuminate/Foundation/resources/server.php(16): require_once('...')
#34 {main}

[previous exception] [object] (PDOException(code: 1045): SQLSTATE[HY000] [1045] Access denied for user 'forge'@'localhost' (using password: NO) at /media/suraiya/New Volume/Lomeyo-Work/Practice-Projects(Internship)/ogani-ecommerce/vendor/laravel/framework/src/Illuminate/Database/Connectors/Connector.php:65)
[stacktrace]
#0 /media/suraiya/New Volume/Lomeyo-Work/Practice-Projects(Internship)/ogani-ecommerce/vendor/laravel/framework/src/Illuminate/Database/Connectors/Connector.php(65): PDO->__construct()
#1 /media/suraiya/New Volume/Lomeyo-Work/Practice-Projects(Internship)/ogani-ecommerce/vendor/laravel/framework/src/Illuminate/Database/Connectors/Connector.php(44): Illuminate\\Database\\Connectors\\Connector->createPdoConnection()
#2 /media/suraiya/New Volume/Lomeyo-Work/Practice-Projects(Internship)/ogani-ecommerce/vendor/laravel/framework/src/Illuminate/Database/Connectors/MySqlConnector.php(24): Illuminate\\Database\\Connectors\\Connector->createConnection()
#3 /media/suraiya/New Volume/Lomeyo-Work/Practice-Projects(Internship)/ogani-ecommerce/vendor/laravel/framework/src/Illuminate/Database/Connectors/ConnectionFactory.php(184): Illuminate\\Database\\Connectors\\MySqlConnector->connect()
#4 [internal function]: Illuminate\\Database\\Connectors\\ConnectionFactory->Illuminate\\Database\\Connectors\\{closure}()
#5 /media/suraiya/New Volume/Lomeyo-Work/Practice-Projects(Internship)/ogani-ecommerce/vendor/laravel/framework/src/Illuminate/Database/Connection.php(1275): call_user_func()
#6 /media/suraiya/New Volume/Lomeyo-Work/Practice-Projects(Internship)/ogani-ecommerce/vendor/laravel/framework/src/Illuminate/Database/Connection.php(1311): Illuminate\\Database\\Connection->getPdo()
#7 /media/suraiya/New Volume/Lomeyo-Work/Practice-Projects(Internship)/ogani-ecommerce/vendor/laravel/framework/src/Illuminate/Database/Connection.php(521): Illuminate\\Database\\Connection->getReadPdo()
#8 /media/suraiya/New Volume/Lomeyo-Work/Practice-Projects(Internship)/ogani-ecommerce/vendor/laravel/framework/src/Illuminate/Database/Connection.php(416): Illuminate\\Database\\Connection->getPdoForSelect()
#9 /media/suraiya/New Volume/Lomeyo-Work/Practice-Projects(Internship)/ogani-ecommerce/vendor/laravel/framework/src/Illuminate/Database/Connection.php(788): Illuminate\\Database\\Connection->Illuminate\\Database\\{closure}()
#10 /media/suraiya/New Volume/Lomeyo-Work/Practice-Projects(Internship)/ogani-ecommerce/vendor/laravel/framework/src/Illuminate/Database/Connection.php(755): Illuminate\\Database\\Connection->runQueryCallback()
#11 /media/suraiya/New Volume/Lomeyo-Work/Practice-Projects(Internship)/ogani-ecommerce/vendor/laravel/framework/src/Illuminate/Database/Connection.php(407): Illuminate\\Database\\Connection->run()
#12 /media/suraiya/New Volume/Lomeyo-Work/Practice-Projects(Internship)/ogani-ecommerce/vendor/laravel/framework/src/Illuminate/Database/Query/Builder.php(2735): Illuminate\\Database\\Connection->select()
#13 /media/suraiya/New Volume/Lomeyo-Work/Practice-Projects(Internship)/ogani-ecommerce/vendor/laravel/framework/src/Illuminate/Database/Query/Builder.php(2724): Illuminate\\Database\\Query\\Builder->runSelect()
#14 /media/suraiya/New Volume/Lomeyo-Work/Practice-Projects(Internship)/ogani-ecommerce/vendor/laravel/framework/src/Illuminate/Database/Query/Builder.php(3278): Illuminate\\Database\\Query\\Builder->Illuminate\\Database\\Query\\{closure}()
#15 /media/suraiya/New Volume/Lomeyo-Work/Practice-Projects(Internship)/ogani-ecommerce/vendor/laravel/framework/src/Illuminate/Database/Query/Builder.php(2723): Illuminate\\Database\\Query\\Builder->onceWithColumns()
#16 /media/suraiya/New Volume/Lomeyo-Work/Practice-Projects(Internship)/ogani-ecommerce/vendor/laravel/framework/src/Illuminate/Database/Eloquent/Builder.php(717): Illuminate\\Database\\Query\\Builder->get()
#17 /media/suraiya/New Volume/Lomeyo-Work/Practice-Projects(Internship)/ogani-ecommerce/vendor/laravel/framework/src/Illuminate/Database/Eloquent/Builder.php(701): Illuminate\\Database\\Eloquent\\Builder->getModels()
#18 /media/suraiya/New Volume/Lomeyo-Work/Practice-Projects(Internship)/ogani-ecommerce/vendor/laravel/framework/src/Illuminate/Database/Concerns/BuildsQueries.php(296): Illuminate\\Database\\Eloquent\\Builder->get()
#19 /media/suraiya/New Volume/Lomeyo-Work/Practice-Projects(Internship)/ogani-ecommerce/vendor/laravel/framework/src/Illuminate/Support/Traits/ForwardsCalls.php(23): Illuminate\\Database\\Eloquent\\Builder->first()
#20 /media/suraiya/New Volume/Lomeyo-Work/Practice-Projects(Internship)/ogani-ecommerce/vendor/laravel/framework/src/Illuminate/Database/Eloquent/Model.php(2335): Illuminate\\Database\\Eloquent\\Model->forwardCallTo()
#21 /media/suraiya/New Volume/Lomeyo-Work/Practice-Projects(Internship)/ogani-ecommerce/vendor/laravel/framework/src/Illuminate/Database/Eloquent/Model.php(2347): Illuminate\\Database\\Eloquent\\Model->__call()
#22 /media/suraiya/New Volume/Lomeyo-Work/Practice-Projects(Internship)/ogani-ecommerce/app/Providers/AppServiceProvider.php(61): Illuminate\\Database\\Eloquent\\Model::__callStatic()
#23 /media/suraiya/New Volume/Lomeyo-Work/Practice-Projects(Internship)/ogani-ecommerce/vendor/laravel/framework/src/Illuminate/View/Concerns/ManagesEvents.php(162): App\\Providers\\AppServiceProvider->App\\Providers\\{closure}()
#24 /media/suraiya/New Volume/Lomeyo-Work/Practice-Projects(Internship)/ogani-ecommerce/vendor/laravel/framework/src/Illuminate/Events/Dispatcher.php(418): Illuminate\\View\\Factory->Illuminate\\View\\Concerns\\{closure}()
#25 /media/suraiya/New Volume/Lomeyo-Work/Practice-Projects(Internship)/ogani-ecommerce/vendor/laravel/framework/src/Illuminate/Events/Dispatcher.php(249): Illuminate\\Events\\Dispatcher->Illuminate\\Events\\{closure}()
#26 /media/suraiya/New Volume/Lomeyo-Work/Practice-Projects(Internship)/ogani-ecommerce/vendor/laravel/framework/src/Illuminate/View/Concerns/ManagesEvents.php(177): Illuminate\\Events\\Dispatcher->dispatch()
#27 /media/suraiya/New Volume/Lomeyo-Work/Practice-Projects(Internship)/ogani-ecommerce/vendor/laravel/framework/src/Illuminate/View/View.php(176): Illuminate\\View\\Factory->callComposer()
#28 /media/suraiya/New Volume/Lomeyo-Work/Practice-Projects(Internship)/ogani-ecommerce/vendor/laravel/framework/src/Illuminate/View/View.php(147): Illuminate\\View\\View->renderContents()
#29 /media/suraiya/New Volume/Lomeyo-Work/Practice-Projects(Internship)/ogani-ecommerce/vendor/laravel/framework/src/Illuminate/Http/Response.php(69): Illuminate\\View\\View->render()
#30 /media/suraiya/New Volume/Lomeyo-Work/Practice-Projects(Internship)/ogani-ecommerce/vendor/laravel/framework/src/Illuminate/Http/Response.php(35): Illuminate\\Http\\Response->setContent()
#31 /media/suraiya/New Volume/Lomeyo-Work/Practice-Projects(Internship)/ogani-ecommerce/vendor/laravel/framework/src/Illuminate/Routing/ResponseFactory.php(57): Illuminate\\Http\\Response->__construct()
#32 /media/suraiya/New Volume/Lomeyo-Work/Practice-Projects(Internship)/ogani-ecommerce/vendor/laravel/framework/src/Illuminate/Routing/ResponseFactory.php(87): Illuminate\\Routing\\ResponseFactory->make()
#33 /media/suraiya/New Volume/Lomeyo-Work/Practice-Projects(Internship)/ogani-ecommerce/vendor/laravel/framework/src/Illuminate/Foundation/Exceptions/Handler.php(645): Illuminate\\Routing\\ResponseFactory->view()
#34 /media/suraiya/New Volume/Lomeyo-Work/Practice-Projects(Internship)/ogani-ecommerce/vendor/laravel/framework/src/Illuminate/Foundation/Exceptions/Handler.php(573): Illuminate\\Foundation\\Exceptions\\Handler->renderHttpException()
#35 /media/suraiya/New Volume/Lomeyo-Work/Practice-Projects(Internship)/ogani-ecommerce/vendor/laravel/framework/src/Illuminate/Foundation/Exceptions/Handler.php(479): Illuminate\\Foundation\\Exceptions\\Handler->prepareResponse()
#36 /media/suraiya/New Volume/Lomeyo-Work/Practice-Projects(Internship)/ogani-ecommerce/vendor/laravel/framework/src/Illuminate/Foundation/Exceptions/Handler.php(396): Illuminate\\Foundation\\Exceptions\\Handler->renderExceptionResponse()
#37 /media/suraiya/New Volume/Lomeyo-Work/Practice-Projects(Internship)/ogani-ecommerce/vendor/laravel/framework/src/Illuminate/Routing/Pipeline.php(51): Illuminate\\Foundation\\Exceptions\\Handler->render()
#38 /media/suraiya/New Volume/Lomeyo-Work/Practice-Projects(Internship)/ogani-ecommerce/vendor/laravel/framework/src/Illuminate/Pipeline/Pipeline.php(185): Illuminate\\Routing\\Pipeline->handleException()
#39 /media/suraiya/New Volume/Lomeyo-Work/Practice-Projects(Internship)/ogani-ecommerce/vendor/laravel/framework/src/Illuminate/Pipeline/Pipeline.php(116): Illuminate\\Pipeline\\Pipeline->Illuminate\\Pipeline\\{closure}()
#40 /media/suraiya/New Volume/Lomeyo-Work/Practice-Projects(Internship)/ogani-ecommerce/vendor/laravel/framework/src/Illuminate/Foundation/Http/Kernel.php(175): Illuminate\\Pipeline\\Pipeline->then()
#41 /media/suraiya/New Volume/Lomeyo-Work/Practice-Projects(Internship)/ogani-ecommerce/vendor/laravel/framework/src/Illuminate/Foundation/Http/Kernel.php(144): Illuminate\\Foundation\\Http\\Kernel->sendRequestThroughRouter()
#42 /media/suraiya/New Volume/Lomeyo-Work/Practice-Projects(Internship)/ogani-ecommerce/public/index.php(51): Illuminate\\Foundation\\Http\\Kernel->handle()
#43 /media/suraiya/New Volume/Lomeyo-Work/Practice-Projects(Internship)/ogani-ecommerce/vendor/laravel/framework/src/Illuminate/Foundation/resources/server.php(16): require_once('...')
#44 {main}
"} 
[2024-08-20 05:59:44] production.ERROR: SQLSTATE[HY000] [1045] Access denied for user 'forge'@'localhost' (using password: NO) (Connection: mysql, SQL: select * from `cms` limit 1) {"exception":"[object] (Illuminate\\Database\\QueryException(code: 1045): SQLSTATE[HY000] [1045] Access denied for user 'forge'@'localhost' (using password: NO) (Connection: mysql, SQL: select * from `cms` limit 1) at /media/suraiya/New Volume/Lomeyo-Work/Practice-Projects(Internship)/ogani-ecommerce/vendor/laravel/framework/src/Illuminate/Database/Connection.php:795)
[stacktrace]
#0 /media/suraiya/New Volume/Lomeyo-Work/Practice-Projects(Internship)/ogani-ecommerce/vendor/laravel/framework/src/Illuminate/Database/Connection.php(755): Illuminate\\Database\\Connection->runQueryCallback()
#1 /media/suraiya/New Volume/Lomeyo-Work/Practice-Projects(Internship)/ogani-ecommerce/vendor/laravel/framework/src/Illuminate/Database/Connection.php(407): Illuminate\\Database\\Connection->run()
#2 /media/suraiya/New Volume/Lomeyo-Work/Practice-Projects(Internship)/ogani-ecommerce/vendor/laravel/framework/src/Illuminate/Database/Query/Builder.php(2735): Illuminate\\Database\\Connection->select()
#3 /media/suraiya/New Volume/Lomeyo-Work/Practice-Projects(Internship)/ogani-ecommerce/vendor/laravel/framework/src/Illuminate/Database/Query/Builder.php(2724): Illuminate\\Database\\Query\\Builder->runSelect()
#4 /media/suraiya/New Volume/Lomeyo-Work/Practice-Projects(Internship)/ogani-ecommerce/vendor/laravel/framework/src/Illuminate/Database/Query/Builder.php(3278): Illuminate\\Database\\Query\\Builder->Illuminate\\Database\\Query\\{closure}()
#5 /media/suraiya/New Volume/Lomeyo-Work/Practice-Projects(Internship)/ogani-ecommerce/vendor/laravel/framework/src/Illuminate/Database/Query/Builder.php(2723): Illuminate\\Database\\Query\\Builder->onceWithColumns()
#6 /media/suraiya/New Volume/Lomeyo-Work/Practice-Projects(Internship)/ogani-ecommerce/vendor/laravel/framework/src/Illuminate/Database/Eloquent/Builder.php(717): Illuminate\\Database\\Query\\Builder->get()
#7 /media/suraiya/New Volume/Lomeyo-Work/Practice-Projects(Internship)/ogani-ecommerce/vendor/laravel/framework/src/Illuminate/Database/Eloquent/Builder.php(701): Illuminate\\Database\\Eloquent\\Builder->getModels()
#8 /media/suraiya/New Volume/Lomeyo-Work/Practice-Projects(Internship)/ogani-ecommerce/vendor/laravel/framework/src/Illuminate/Database/Concerns/BuildsQueries.php(296): Illuminate\\Database\\Eloquent\\Builder->get()
#9 /media/suraiya/New Volume/Lomeyo-Work/Practice-Projects(Internship)/ogani-ecommerce/vendor/laravel/framework/src/Illuminate/Support/Traits/ForwardsCalls.php(23): Illuminate\\Database\\Eloquent\\Builder->first()
#10 /media/suraiya/New Volume/Lomeyo-Work/Practice-Projects(Internship)/ogani-ecommerce/vendor/laravel/framework/src/Illuminate/Database/Eloquent/Model.php(2335): Illuminate\\Database\\Eloquent\\Model->forwardCallTo()
#11 /media/suraiya/New Volume/Lomeyo-Work/Practice-Projects(Internship)/ogani-ecommerce/vendor/laravel/framework/src/Illuminate/Database/Eloquent/Model.php(2347): Illuminate\\Database\\Eloquent\\Model->__call()
#12 /media/suraiya/New Volume/Lomeyo-Work/Practice-Projects(Internship)/ogani-ecommerce/app/Providers/AppServiceProvider.php(61): Illuminate\\Database\\Eloquent\\Model::__callStatic()
#13 /media/suraiya/New Volume/Lomeyo-Work/Practice-Projects(Internship)/ogani-ecommerce/vendor/laravel/framework/src/Illuminate/View/Concerns/ManagesEvents.php(162): App\\Providers\\AppServiceProvider->App\\Providers\\{closure}()
#14 /media/suraiya/New Volume/Lomeyo-Work/Practice-Projects(Internship)/ogani-ecommerce/vendor/laravel/framework/src/Illuminate/Events/Dispatcher.php(418): Illuminate\\View\\Factory->Illuminate\\View\\Concerns\\{closure}()
#15 /media/suraiya/New Volume/Lomeyo-Work/Practice-Projects(Internship)/ogani-ecommerce/vendor/laravel/framework/src/Illuminate/Events/Dispatcher.php(249): Illuminate\\Events\\Dispatcher->Illuminate\\Events\\{closure}()
#16 /media/suraiya/New Volume/Lomeyo-Work/Practice-Projects(Internship)/ogani-ecommerce/vendor/laravel/framework/src/Illuminate/View/Concerns/ManagesEvents.php(177): Illuminate\\Events\\Dispatcher->dispatch()
#17 /media/suraiya/New Volume/Lomeyo-Work/Practice-Projects(Internship)/ogani-ecommerce/vendor/laravel/framework/src/Illuminate/View/View.php(176): Illuminate\\View\\Factory->callComposer()
#18 /media/suraiya/New Volume/Lomeyo-Work/Practice-Projects(Internship)/ogani-ecommerce/vendor/laravel/framework/src/Illuminate/View/View.php(147): Illuminate\\View\\View->renderContents()
#19 /media/suraiya/New Volume/Lomeyo-Work/Practice-Projects(Internship)/ogani-ecommerce/vendor/laravel/framework/src/Illuminate/Http/Response.php(69): Illuminate\\View\\View->render()
#20 /media/suraiya/New Volume/Lomeyo-Work/Practice-Projects(Internship)/ogani-ecommerce/vendor/laravel/framework/src/Illuminate/Http/Response.php(35): Illuminate\\Http\\Response->setContent()
#21 /media/suraiya/New Volume/Lomeyo-Work/Practice-Projects(Internship)/ogani-ecommerce/vendor/laravel/framework/src/Illuminate/Routing/ResponseFactory.php(57): Illuminate\\Http\\Response->__construct()
#22 /media/suraiya/New Volume/Lomeyo-Work/Practice-Projects(Internship)/ogani-ecommerce/vendor/laravel/framework/src/Illuminate/Routing/ResponseFactory.php(87): Illuminate\\Routing\\ResponseFactory->make()
#23 /media/suraiya/New Volume/Lomeyo-Work/Practice-Projects(Internship)/ogani-ecommerce/vendor/laravel/framework/src/Illuminate/Foundation/Exceptions/Handler.php(645): Illuminate\\Routing\\ResponseFactory->view()
#24 /media/suraiya/New Volume/Lomeyo-Work/Practice-Projects(Internship)/ogani-ecommerce/vendor/laravel/framework/src/Illuminate/Foundation/Exceptions/Handler.php(573): Illuminate\\Foundation\\Exceptions\\Handler->renderHttpException()
#25 /media/suraiya/New Volume/Lomeyo-Work/Practice-Projects(Internship)/ogani-ecommerce/vendor/laravel/framework/src/Illuminate/Foundation/Exceptions/Handler.php(479): Illuminate\\Foundation\\Exceptions\\Handler->prepareResponse()
#26 /media/suraiya/New Volume/Lomeyo-Work/Practice-Projects(Internship)/ogani-ecommerce/vendor/laravel/framework/src/Illuminate/Foundation/Exceptions/Handler.php(396): Illuminate\\Foundation\\Exceptions\\Handler->renderExceptionResponse()
#27 /media/suraiya/New Volume/Lomeyo-Work/Practice-Projects(Internship)/ogani-ecommerce/vendor/laravel/framework/src/Illuminate/Foundation/Http/Kernel.php(503): Illuminate\\Foundation\\Exceptions\\Handler->render()
#28 /media/suraiya/New Volume/Lomeyo-Work/Practice-Projects(Internship)/ogani-ecommerce/vendor/laravel/framework/src/Illuminate/Foundation/Http/Kernel.php(148): Illuminate\\Foundation\\Http\\Kernel->renderException()
#29 /media/suraiya/New Volume/Lomeyo-Work/Practice-Projects(Internship)/ogani-ecommerce/public/index.php(51): Illuminate\\Foundation\\Http\\Kernel->handle()
#30 /media/suraiya/New Volume/Lomeyo-Work/Practice-Projects(Internship)/ogani-ecommerce/vendor/laravel/framework/src/Illuminate/Foundation/resources/server.php(16): require_once('...')
#31 {main}

[previous exception] [object] (PDOException(code: 1045): SQLSTATE[HY000] [1045] Access denied for user 'forge'@'localhost' (using password: NO) at /media/suraiya/New Volume/Lomeyo-Work/Practice-Projects(Internship)/ogani-ecommerce/vendor/laravel/framework/src/Illuminate/Database/Connectors/Connector.php:65)
[stacktrace]
#0 /media/suraiya/New Volume/Lomeyo-Work/Practice-Projects(Internship)/ogani-ecommerce/vendor/laravel/framework/src/Illuminate/Database/Connectors/Connector.php(65): PDO->__construct()
#1 /media/suraiya/New Volume/Lomeyo-Work/Practice-Projects(Internship)/ogani-ecommerce/vendor/laravel/framework/src/Illuminate/Database/Connectors/Connector.php(44): Illuminate\\Database\\Connectors\\Connector->createPdoConnection()
#2 /media/suraiya/New Volume/Lomeyo-Work/Practice-Projects(Internship)/ogani-ecommerce/vendor/laravel/framework/src/Illuminate/Database/Connectors/MySqlConnector.php(24): Illuminate\\Database\\Connectors\\Connector->createConnection()
#3 /media/suraiya/New Volume/Lomeyo-Work/Practice-Projects(Internship)/ogani-ecommerce/vendor/laravel/framework/src/Illuminate/Database/Connectors/ConnectionFactory.php(184): Illuminate\\Database\\Connectors\\MySqlConnector->connect()
#4 [internal function]: Illuminate\\Database\\Connectors\\ConnectionFactory->Illuminate\\Database\\Connectors\\{closure}()
#5 /media/suraiya/New Volume/Lomeyo-Work/Practice-Projects(Internship)/ogani-ecommerce/vendor/laravel/framework/src/Illuminate/Database/Connection.php(1275): call_user_func()
#6 /media/suraiya/New Volume/Lomeyo-Work/Practice-Projects(Internship)/ogani-ecommerce/vendor/laravel/framework/src/Illuminate/Database/Connection.php(1311): Illuminate\\Database\\Connection->getPdo()
#7 /media/suraiya/New Volume/Lomeyo-Work/Practice-Projects(Internship)/ogani-ecommerce/vendor/laravel/framework/src/Illuminate/Database/Connection.php(521): Illuminate\\Database\\Connection->getReadPdo()
#8 /media/suraiya/New Volume/Lomeyo-Work/Practice-Projects(Internship)/ogani-ecommerce/vendor/laravel/framework/src/Illuminate/Database/Connection.php(416): Illuminate\\Database\\Connection->getPdoForSelect()
#9 /media/suraiya/New Volume/Lomeyo-Work/Practice-Projects(Internship)/ogani-ecommerce/vendor/laravel/framework/src/Illuminate/Database/Connection.php(788): Illuminate\\Database\\Connection->Illuminate\\Database\\{closure}()
#10 /media/suraiya/New Volume/Lomeyo-Work/Practice-Projects(Internship)/ogani-ecommerce/vendor/laravel/framework/src/Illuminate/Database/Connection.php(755): Illuminate\\Database\\Connection->runQueryCallback()
#11 /media/suraiya/New Volume/Lomeyo-Work/Practice-Projects(Internship)/ogani-ecommerce/vendor/laravel/framework/src/Illuminate/Database/Connection.php(407): Illuminate\\Database\\Connection->run()
#12 /media/suraiya/New Volume/Lomeyo-Work/Practice-Projects(Internship)/ogani-ecommerce/vendor/laravel/framework/src/Illuminate/Database/Query/Builder.php(2735): Illuminate\\Database\\Connection->select()
#13 /media/suraiya/New Volume/Lomeyo-Work/Practice-Projects(Internship)/ogani-ecommerce/vendor/laravel/framework/src/Illuminate/Database/Query/Builder.php(2724): Illuminate\\Database\\Query\\Builder->runSelect()
#14 /media/suraiya/New Volume/Lomeyo-Work/Practice-Projects(Internship)/ogani-ecommerce/vendor/laravel/framework/src/Illuminate/Database/Query/Builder.php(3278): Illuminate\\Database\\Query\\Builder->Illuminate\\Database\\Query\\{closure}()
#15 /media/suraiya/New Volume/Lomeyo-Work/Practice-Projects(Internship)/ogani-ecommerce/vendor/laravel/framework/src/Illuminate/Database/Query/Builder.php(2723): Illuminate\\Database\\Query\\Builder->onceWithColumns()
#16 /media/suraiya/New Volume/Lomeyo-Work/Practice-Projects(Internship)/ogani-ecommerce/vendor/laravel/framework/src/Illuminate/Database/Eloquent/Builder.php(717): Illuminate\\Database\\Query\\Builder->get()
#17 /media/suraiya/New Volume/Lomeyo-Work/Practice-Projects(Internship)/ogani-ecommerce/vendor/laravel/framework/src/Illuminate/Database/Eloquent/Builder.php(701): Illuminate\\Database\\Eloquent\\Builder->getModels()
#18 /media/suraiya/New Volume/Lomeyo-Work/Practice-Projects(Internship)/ogani-ecommerce/vendor/laravel/framework/src/Illuminate/Database/Concerns/BuildsQueries.php(296): Illuminate\\Database\\Eloquent\\Builder->get()
#19 /media/suraiya/New Volume/Lomeyo-Work/Practice-Projects(Internship)/ogani-ecommerce/vendor/laravel/framework/src/Illuminate/Support/Traits/ForwardsCalls.php(23): Illuminate\\Database\\Eloquent\\Builder->first()
#20 /media/suraiya/New Volume/Lomeyo-Work/Practice-Projects(Internship)/ogani-ecommerce/vendor/laravel/framework/src/Illuminate/Database/Eloquent/Model.php(2335): Illuminate\\Database\\Eloquent\\Model->forwardCallTo()
#21 /media/suraiya/New Volume/Lomeyo-Work/Practice-Projects(Internship)/ogani-ecommerce/vendor/laravel/framework/src/Illuminate/Database/Eloquent/Model.php(2347): Illuminate\\Database\\Eloquent\\Model->__call()
#22 /media/suraiya/New Volume/Lomeyo-Work/Practice-Projects(Internship)/ogani-ecommerce/app/Providers/AppServiceProvider.php(61): Illuminate\\Database\\Eloquent\\Model::__callStatic()
#23 /media/suraiya/New Volume/Lomeyo-Work/Practice-Projects(Internship)/ogani-ecommerce/vendor/laravel/framework/src/Illuminate/View/Concerns/ManagesEvents.php(162): App\\Providers\\AppServiceProvider->App\\Providers\\{closure}()
#24 /media/suraiya/New Volume/Lomeyo-Work/Practice-Projects(Internship)/ogani-ecommerce/vendor/laravel/framework/src/Illuminate/Events/Dispatcher.php(418): Illuminate\\View\\Factory->Illuminate\\View\\Concerns\\{closure}()
#25 /media/suraiya/New Volume/Lomeyo-Work/Practice-Projects(Internship)/ogani-ecommerce/vendor/laravel/framework/src/Illuminate/Events/Dispatcher.php(249): Illuminate\\Events\\Dispatcher->Illuminate\\Events\\{closure}()
#26 /media/suraiya/New Volume/Lomeyo-Work/Practice-Projects(Internship)/ogani-ecommerce/vendor/laravel/framework/src/Illuminate/View/Concerns/ManagesEvents.php(177): Illuminate\\Events\\Dispatcher->dispatch()
#27 /media/suraiya/New Volume/Lomeyo-Work/Practice-Projects(Internship)/ogani-ecommerce/vendor/laravel/framework/src/Illuminate/View/View.php(176): Illuminate\\View\\Factory->callComposer()
#28 /media/suraiya/New Volume/Lomeyo-Work/Practice-Projects(Internship)/ogani-ecommerce/vendor/laravel/framework/src/Illuminate/View/View.php(147): Illuminate\\View\\View->renderContents()
#29 /media/suraiya/New Volume/Lomeyo-Work/Practice-Projects(Internship)/ogani-ecommerce/vendor/laravel/framework/src/Illuminate/Http/Response.php(69): Illuminate\\View\\View->render()
#30 /media/suraiya/New Volume/Lomeyo-Work/Practice-Projects(Internship)/ogani-ecommerce/vendor/laravel/framework/src/Illuminate/Http/Response.php(35): Illuminate\\Http\\Response->setContent()
#31 /media/suraiya/New Volume/Lomeyo-Work/Practice-Projects(Internship)/ogani-ecommerce/vendor/laravel/framework/src/Illuminate/Routing/ResponseFactory.php(57): Illuminate\\Http\\Response->__construct()
#32 /media/suraiya/New Volume/Lomeyo-Work/Practice-Projects(Internship)/ogani-ecommerce/vendor/laravel/framework/src/Illuminate/Routing/ResponseFactory.php(87): Illuminate\\Routing\\ResponseFactory->make()
#33 /media/suraiya/New Volume/Lomeyo-Work/Practice-Projects(Internship)/ogani-ecommerce/vendor/laravel/framework/src/Illuminate/Foundation/Exceptions/Handler.php(645): Illuminate\\Routing\\ResponseFactory->view()
#34 /media/suraiya/New Volume/Lomeyo-Work/Practice-Projects(Internship)/ogani-ecommerce/vendor/laravel/framework/src/Illuminate/Foundation/Exceptions/Handler.php(573): Illuminate\\Foundation\\Exceptions\\Handler->renderHttpException()
#35 /media/suraiya/New Volume/Lomeyo-Work/Practice-Projects(Internship)/ogani-ecommerce/vendor/laravel/framework/src/Illuminate/Foundation/Exceptions/Handler.php(479): Illuminate\\Foundation\\Exceptions\\Handler->prepareResponse()
#36 /media/suraiya/New Volume/Lomeyo-Work/Practice-Projects(Internship)/ogani-ecommerce/vendor/laravel/framework/src/Illuminate/Foundation/Exceptions/Handler.php(396): Illuminate\\Foundation\\Exceptions\\Handler->renderExceptionResponse()
#37 /media/suraiya/New Volume/Lomeyo-Work/Practice-Projects(Internship)/ogani-ecommerce/vendor/laravel/framework/src/Illuminate/Foundation/Http/Kernel.php(503): Illuminate\\Foundation\\Exceptions\\Handler->render()
#38 /media/suraiya/New Volume/Lomeyo-Work/Practice-Projects(Internship)/ogani-ecommerce/vendor/laravel/framework/src/Illuminate/Foundation/Http/Kernel.php(148): Illuminate\\Foundation\\Http\\Kernel->renderException()
#39 /media/suraiya/New Volume/Lomeyo-Work/Practice-Projects(Internship)/ogani-ecommerce/public/index.php(51): Illuminate\\Foundation\\Http\\Kernel->handle()
#40 /media/suraiya/New Volume/Lomeyo-Work/Practice-Projects(Internship)/ogani-ecommerce/vendor/laravel/framework/src/Illuminate/Foundation/resources/server.php(16): require_once('...')
#41 {main}
"} 
[2024-08-20 05:59:44] production.ERROR: Uncaught PDOException: SQLSTATE[HY000] [1045] Access denied for user 'forge'@'localhost' (using password: NO) in /media/suraiya/New Volume/Lomeyo-Work/Practice-Projects(Internship)/ogani-ecommerce/vendor/laravel/framework/src/Illuminate/Database/Connectors/Connector.php:65
Stack trace:
#0 /media/suraiya/New Volume/Lomeyo-Work/Practice-Projects(Internship)/ogani-ecommerce/vendor/laravel/framework/src/Illuminate/Database/Connectors/Connector.php(65): PDO->__construct()
#1 /media/suraiya/New Volume/Lomeyo-Work/Practice-Projects(Internship)/ogani-ecommerce/vendor/laravel/framework/src/Illuminate/Database/Connectors/Connector.php(44): Illuminate\Database\Connectors\Connector->createPdoConnection()
#2 /media/suraiya/New Volume/Lomeyo-Work/Practice-Projects(Internship)/ogani-ecommerce/vendor/laravel/framework/src/Illuminate/Database/Connectors/MySqlConnector.php(24): Illuminate\Database\Connectors\Connector->createConnection()
#3 /media/suraiya/New Volume/Lomeyo-Work/Practice-Projects(Internship)/ogani-ecommerce/vendor/laravel/framework/src/Illuminate/Database/Connectors/ConnectionFactory.php(184): Illuminate\Database\Connectors\MySqlConnector->connect()
#4 [internal function]: Illuminate\Database\Connectors\ConnectionFactory->Illuminate\Database\Connectors\{closure}()
#5 /media/suraiya/New Volume/Lomeyo-Work/Practice-Projects(Internship)/ogani-ecommerce/vendor/laravel/framework/src/Illuminate/Database/Connection.php(1275): call_user_func()
#6 /media/suraiya/New Volume/Lomeyo-Work/Practice-Projects(Internship)/ogani-ecommerce/vendor/laravel/framework/src/Illuminate/Database/Connection.php(1311): Illuminate\Database\Connection->getPdo()
#7 /media/suraiya/New Volume/Lomeyo-Work/Practice-Projects(Internship)/ogani-ecommerce/vendor/laravel/framework/src/Illuminate/Database/Connection.php(521): Illuminate\Database\Connection->getReadPdo()
#8 /media/suraiya/New Volume/Lomeyo-Work/Practice-Projects(Internship)/ogani-ecommerce/vendor/laravel/framework/src/Illuminate/Database/Connection.php(416): Illuminate\Database\Connection->getPdoForSelect()
#9 /media/suraiya/New Volume/Lomeyo-Work/Practice-Projects(Internship)/ogani-ecommerce/vendor/laravel/framework/src/Illuminate/Database/Connection.php(788): Illuminate\Database\Connection->Illuminate\Database\{closure}()
#10 /media/suraiya/New Volume/Lomeyo-Work/Practice-Projects(Internship)/ogani-ecommerce/vendor/laravel/framework/src/Illuminate/Database/Connection.php(755): Illuminate\Database\Connection->runQueryCallback()
#11 /media/suraiya/New Volume/Lomeyo-Work/Practice-Projects(Internship)/ogani-ecommerce/vendor/laravel/framework/src/Illuminate/Database/Connection.php(407): Illuminate\Database\Connection->run()
#12 /media/suraiya/New Volume/Lomeyo-Work/Practice-Projects(Internship)/ogani-ecommerce/vendor/laravel/framework/src/Illuminate/Database/Query/Builder.php(2735): Illuminate\Database\Connection->select()
#13 /media/suraiya/New Volume/Lomeyo-Work/Practice-Projects(Internship)/ogani-ecommerce/vendor/laravel/framework/src/Illuminate/Database/Query/Builder.php(2724): Illuminate\Database\Query\Builder->runSelect()
#14 /media/suraiya/New Volume/Lomeyo-Work/Practice-Projects(Internship)/ogani-ecommerce/vendor/laravel/framework/src/Illuminate/Database/Query/Builder.php(3278): Illuminate\Database\Query\Builder->Illuminate\Database\Query\{closure}()
#15 /media/suraiya/New Volume/Lomeyo-Work/Practice-Projects(Internship)/ogani-ecommerce/vendor/laravel/framework/src/Illuminate/Database/Query/Builder.php(2723): Illuminate\Database\Query\Builder->onceWithColumns()
#16 /media/suraiya/New Volume/Lomeyo-Work/Practice-Projects(Internship)/ogani-ecommerce/vendor/laravel/framework/src/Illuminate/Database/Eloquent/Builder.php(717): Illuminate\Database\Query\Builder->get()
#17 /media/suraiya/New Volume/Lomeyo-Work/Practice-Projects(Internship)/ogani-ecommerce/vendor/laravel/framework/src/Illuminate/Database/Eloquent/Builder.php(701): Illuminate\Database\Eloquent\Builder->getModels()
#18 /media/suraiya/New Volume/Lomeyo-Work/Practice-Projects(Internship)/ogani-ecommerce/vendor/laravel/framework/src/Illuminate/Database/Concerns/BuildsQueries.php(296): Illuminate\Database\Eloquent\Builder->get()
#19 /media/suraiya/New Volume/Lomeyo-Work/Practice-Projects(Internship)/ogani-ecommerce/vendor/laravel/framework/src/Illuminate/Support/Traits/ForwardsCalls.php(23): Illuminate\Database\Eloquent\Builder->first()
#20 /media/suraiya/New Volume/Lomeyo-Work/Practice-Projects(Internship)/ogani-ecommerce/vendor/laravel/framework/src/Illuminate/Database/Eloquent/Model.php(2335): Illuminate\Database\Eloquent\Model->forwardCallTo()
#21 /media/suraiya/New Volume/Lomeyo-Work/Practice-Projects(Internship)/ogani-ecommerce/vendor/laravel/framework/src/Illuminate/Database/Eloquent/Model.php(2347): Illuminate\Database\Eloquent\Model->__call()
#22 /media/suraiya/New Volume/Lomeyo-Work/Practice-Projects(Internship)/ogani-ecommerce/app/Providers/AppServiceProvider.php(61): Illuminate\Database\Eloquent\Model::__callStatic()
#23 /media/suraiya/New Volume/Lomeyo-Work/Practice-Projects(Internship)/ogani-ecommerce/vendor/laravel/framework/src/Illuminate/View/Concerns/ManagesEvents.php(162): App\Providers\AppServiceProvider->App\Providers\{closure}()
#24 /media/suraiya/New Volume/Lomeyo-Work/Practice-Projects(Internship)/ogani-ecommerce/vendor/laravel/framework/src/Illuminate/Events/Dispatcher.php(418): Illuminate\View\Factory->Illuminate\View\Concerns\{closure}()
#25 /media/suraiya/New Volume/Lomeyo-Work/Practice-Projects(Internship)/ogani-ecommerce/vendor/laravel/framework/src/Illuminate/Events/Dispatcher.php(249): Illuminate\Events\Dispatcher->Illuminate\Events\{closure}()
#26 /media/suraiya/New Volume/Lomeyo-Work/Practice-Projects(Internship)/ogani-ecommerce/vendor/laravel/framework/src/Illuminate/View/Concerns/ManagesEvents.php(177): Illuminate\Events\Dispatcher->dispatch()
#27 /media/suraiya/New Volume/Lomeyo-Work/Practice-Projects(Internship)/ogani-ecommerce/vendor/laravel/framework/src/Illuminate/View/View.php(176): Illuminate\View\Factory->callComposer()
#28 /media/suraiya/New Volume/Lomeyo-Work/Practice-Projects(Internship)/ogani-ecommerce/vendor/laravel/framework/src/Illuminate/View/View.php(147): Illuminate\View\View->renderContents()
#29 /media/suraiya/New Volume/Lomeyo-Work/Practice-Projects(Internship)/ogani-ecommerce/vendor/laravel/framework/src/Illuminate/Http/Response.php(69): Illuminate\View\View->render()
#30 /media/suraiya/New Volume/Lomeyo-Work/Practice-Projects(Internship)/ogani-ecommerce/vendor/laravel/framework/src/Illuminate/Http/Response.php(35): Illuminate\Http\Response->setContent()
#31 /media/suraiya/New Volume/Lomeyo-Work/Practice-Projects(Internship)/ogani-ecommerce/vendor/laravel/framework/src/Illuminate/Routing/ResponseFactory.php(57): Illuminate\Http\Response->__construct()
#32 /media/suraiya/New Volume/Lomeyo-Work/Practice-Projects(Internship)/ogani-ecommerce/vendor/laravel/framework/src/Illuminate/Routing/ResponseFactory.php(87): Illuminate\Routing\ResponseFactory->make()
#33 /media/suraiya/New Volume/Lomeyo-Work/Practice-Projects(Internship)/ogani-ecommerce/vendor/laravel/framework/src/Illuminate/Foundation/Exceptions/Handler.php(645): Illuminate\Routing\ResponseFactory->view()
#34 /media/suraiya/New Volume/Lomeyo-Work/Practice-Projects(Internship)/ogani-ecommerce/vendor/laravel/framework/src/Illuminate/Foundation/Exceptions/Handler.php(573): Illuminate\Foundation\Exceptions\Handler->renderHttpException()
#35 /media/suraiya/New Volume/Lomeyo-Work/Practice-Projects(Internship)/ogani-ecommerce/vendor/laravel/framework/src/Illuminate/Foundation/Exceptions/Handler.php(479): Illuminate\Foundation\Exceptions\Handler->prepareResponse()
#36 /media/suraiya/New Volume/Lomeyo-Work/Practice-Projects(Internship)/ogani-ecommerce/vendor/laravel/framework/src/Illuminate/Foundation/Exceptions/Handler.php(396): Illuminate\Foundation\Exceptions\Handler->renderExceptionResponse()
#37 /media/suraiya/New Volume/Lomeyo-Work/Practice-Projects(Internship)/ogani-ecommerce/vendor/laravel/framework/src/Illuminate/Foundation/Bootstrap/HandleExceptions.php(217): Illuminate\Foundation\Exceptions\Handler->render()
#38 /media/suraiya/New Volume/Lomeyo-Work/Practice-Projects(Internship)/ogani-ecommerce/vendor/laravel/framework/src/Illuminate/Foundation/Bootstrap/HandleExceptions.php(194): Illuminate\Foundation\Bootstrap\HandleExceptions->renderHttpResponse()
#39 /media/suraiya/New Volume/Lomeyo-Work/Practice-Projects(Internship)/ogani-ecommerce/vendor/laravel/framework/src/Illuminate/Foundation/Bootstrap/HandleExceptions.php(254): Illuminate\Foundation\Bootstrap\HandleExceptions->handleException()
#40 [internal function]: Illuminate\Foundation\Bootstrap\HandleExceptions->Illuminate\Foundation\Bootstrap\{closure}()
#41 {main}

Next Illuminate\Database\QueryException: SQLSTATE[HY000] [1045] Access denied for user 'forge'@'localhost' (using password: NO) (Connection: mysql, SQL: select * from `cms` limit 1) in /media/suraiya/New Volume/Lomeyo-Work/Practice-Projects(Internship)/ogani-ecommerce/vendor/laravel/framework/src/Illuminate/Database/Connection.php:795
Stack trace:
#0 /media/suraiya/New Volume/Lomeyo-Work/Practice-Projects(Internship)/ogani-ecommerce/vendor/laravel/framework/src/Illuminate/Database/Connection.php(755): Illuminate\Database\Connection->runQueryCallback()
#1 /media/suraiya/New Volume/Lomeyo-Work/Practice-Projects(Internship)/ogani-ecommerce/vendor/laravel/framework/src/Illuminate/Database/Connection.php(407): Illuminate\Database\Connection->run()
#2 /media/suraiya/New Volume/Lomeyo-Work/Practice-Projects(Internship)/ogani-ecommerce/vendor/laravel/framework/src/Illuminate/Database/Query/Builder.php(2735): Illuminate\Database\Connection->select()
#3 /media/suraiya/New Volume/Lomeyo-Work/Practice-Projects(Internship)/ogani-ecommerce/vendor/laravel/framework/src/Illuminate/Database/Query/Builder.php(2724): Illuminate\Database\Query\Builder->runSelect()
#4 /media/suraiya/New Volume/Lomeyo-Work/Practice-Projects(Internship)/ogani-ecommerce/vendor/laravel/framework/src/Illuminate/Database/Query/Builder.php(3278): Illuminate\Database\Query\Builder->Illuminate\Database\Query\{closure}()
#5 /media/suraiya/New Volume/Lomeyo-Work/Practice-Projects(Internship)/ogani-ecommerce/vendor/laravel/framework/src/Illuminate/Database/Query/Builder.php(2723): Illuminate\Database\Query\Builder->onceWithColumns()
#6 /media/suraiya/New Volume/Lomeyo-Work/Practice-Projects(Internship)/ogani-ecommerce/vendor/laravel/framework/src/Illuminate/Database/Eloquent/Builder.php(717): Illuminate\Database\Query\Builder->get()
#7 /media/suraiya/New Volume/Lomeyo-Work/Practice-Projects(Internship)/ogani-ecommerce/vendor/laravel/framework/src/Illuminate/Database/Eloquent/Builder.php(701): Illuminate\Database\Eloquent\Builder->getModels()
#8 /media/suraiya/New Volume/Lomeyo-Work/Practice-Projects(Internship)/ogani-ecommerce/vendor/laravel/framework/src/Illuminate/Database/Concerns/BuildsQueries.php(296): Illuminate\Database\Eloquent\Builder->get()
#9 /media/suraiya/New Volume/Lomeyo-Work/Practice-Projects(Internship)/ogani-ecommerce/vendor/laravel/framework/src/Illuminate/Support/Traits/ForwardsCalls.php(23): Illuminate\Database\Eloquent\Builder->first()
#10 /media/suraiya/New Volume/Lomeyo-Work/Practice-Projects(Internship)/ogani-ecommerce/vendor/laravel/framework/src/Illuminate/Database/Eloquent/Model.php(2335): Illuminate\Database\Eloquent\Model->forwardCallTo()
#11 /media/suraiya/New Volume/Lomeyo-Work/Practice-Projects(Internship)/ogani-ecommerce/vendor/laravel/framework/src/Illuminate/Database/Eloquent/Model.php(2347): Illuminate\Database\Eloquent\Model->__call()
#12 /media/suraiya/New Volume/Lomeyo-Work/Practice-Projects(Internship)/ogani-ecommerce/app/Providers/AppServiceProvider.php(61): Illuminate\Database\Eloquent\Model::__callStatic()
#13 /media/suraiya/New Volume/Lomeyo-Work/Practice-Projects(Internship)/ogani-ecommerce/vendor/laravel/framework/src/Illuminate/View/Concerns/ManagesEvents.php(162): App\Providers\AppServiceProvider->App\Providers\{closure}()
#14 /media/suraiya/New Volume/Lomeyo-Work/Practice-Projects(Internship)/ogani-ecommerce/vendor/laravel/framework/src/Illuminate/Events/Dispatcher.php(418): Illuminate\View\Factory->Illuminate\View\Concerns\{closure}()
#15 /media/suraiya/New Volume/Lomeyo-Work/Practice-Projects(Internship)/ogani-ecommerce/vendor/laravel/framework/src/Illuminate/Events/Dispatcher.php(249): Illuminate\Events\Dispatcher->Illuminate\Events\{closure}()
#16 /media/suraiya/New Volume/Lomeyo-Work/Practice-Projects(Internship)/ogani-ecommerce/vendor/laravel/framework/src/Illuminate/View/Concerns/ManagesEvents.php(177): Illuminate\Events\Dispatcher->dispatch()
#17 /media/suraiya/New Volume/Lomeyo-Work/Practice-Projects(Internship)/ogani-ecommerce/vendor/laravel/framework/src/Illuminate/View/View.php(176): Illuminate\View\Factory->callComposer()
#18 /media/suraiya/New Volume/Lomeyo-Work/Practice-Projects(Internship)/ogani-ecommerce/vendor/laravel/framework/src/Illuminate/View/View.php(147): Illuminate\View\View->renderContents()
#19 /media/suraiya/New Volume/Lomeyo-Work/Practice-Projects(Internship)/ogani-ecommerce/vendor/laravel/framework/src/Illuminate/Http/Response.php(69): Illuminate\View\View->render()
#20 /media/suraiya/New Volume/Lomeyo-Work/Practice-Projects(Internship)/ogani-ecommerce/vendor/laravel/framework/src/Illuminate/Http/Response.php(35): Illuminate\Http\Response->setContent()
#21 /media/suraiya/New Volume/Lomeyo-Work/Practice-Projects(Internship)/ogani-ecommerce/vendor/laravel/framework/src/Illuminate/Routing/ResponseFactory.php(57): Illuminate\Http\Response->__construct()
#22 /media/suraiya/New Volume/Lomeyo-Work/Practice-Projects(Internship)/ogani-ecommerce/vendor/laravel/framework/src/Illuminate/Routing/ResponseFactory.php(87): Illuminate\Routing\ResponseFactory->make()
#23 /media/suraiya/New Volume/Lomeyo-Work/Practice-Projects(Internship)/ogani-ecommerce/vendor/laravel/framework/src/Illuminate/Foundation/Exceptions/Handler.php(645): Illuminate\Routing\ResponseFactory->view()
#24 /media/suraiya/New Volume/Lomeyo-Work/Practice-Projects(Internship)/ogani-ecommerce/vendor/laravel/framework/src/Illuminate/Foundation/Exceptions/Handler.php(573): Illuminate\Foundation\Exceptions\Handler->renderHttpException()
#25 /media/suraiya/New Volume/Lomeyo-Work/Practice-Projects(Internship)/ogani-ecommerce/vendor/laravel/framework/src/Illuminate/Foundation/Exceptions/Handler.php(479): Illuminate\Foundation\Exceptions\Handler->prepareResponse()
#26 /media/suraiya/New Volume/Lomeyo-Work/Practice-Projects(Internship)/ogani-ecommerce/vendor/laravel/framework/src/Illuminate/Foundation/Exceptions/Handler.php(396): Illuminate\Foundation\Exceptions\Handler->renderExceptionResponse()
#27 /media/suraiya/New Volume/Lomeyo-Work/Practice-Projects(Internship)/ogani-ecommerce/vendor/laravel/framework/src/Illuminate/Foundation/Bootstrap/HandleExceptions.php(217): Illuminate\Foundation\Exceptions\Handler->render()
#28 /media/suraiya/New Volume/Lomeyo-Work/Practice-Projects(Internship)/ogani-ecommerce/vendor/laravel/framework/src/Illuminate/Foundation/Bootstrap/HandleExceptions.php(194): Illuminate\Foundation\Bootstrap\HandleExceptions->renderHttpResponse()
#29 /media/suraiya/New Volume/Lomeyo-Work/Practice-Projects(Internship)/ogani-ecommerce/vendor/laravel/framework/src/Illuminate/Foundation/Bootstrap/HandleExceptions.php(254): Illuminate\Foundation\Bootstrap\HandleExceptions->handleException()
#30 [internal function]: Illuminate\Foundation\Bootstrap\HandleExceptions->Illuminate\Foundation\Bootstrap\{closure}()
#31 {main}
  thrown {"exception":"[object] (Symfony\\Component\\ErrorHandler\\Error\\FatalError(code: 0): Uncaught PDOException: SQLSTATE[HY000] [1045] Access denied for user 'forge'@'localhost' (using password: NO) in /media/suraiya/New Volume/Lomeyo-Work/Practice-Projects(Internship)/ogani-ecommerce/vendor/laravel/framework/src/Illuminate/Database/Connectors/Connector.php:65
Stack trace:
#0 /media/suraiya/New Volume/Lomeyo-Work/Practice-Projects(Internship)/ogani-ecommerce/vendor/laravel/framework/src/Illuminate/Database/Connectors/Connector.php(65): PDO->__construct()
#1 /media/suraiya/New Volume/Lomeyo-Work/Practice-Projects(Internship)/ogani-ecommerce/vendor/laravel/framework/src/Illuminate/Database/Connectors/Connector.php(44): Illuminate\\Database\\Connectors\\Connector->createPdoConnection()
#2 /media/suraiya/New Volume/Lomeyo-Work/Practice-Projects(Internship)/ogani-ecommerce/vendor/laravel/framework/src/Illuminate/Database/Connectors/MySqlConnector.php(24): Illuminate\\Database\\Connectors\\Connector->createConnection()
#3 /media/suraiya/New Volume/Lomeyo-Work/Practice-Projects(Internship)/ogani-ecommerce/vendor/laravel/framework/src/Illuminate/Database/Connectors/ConnectionFactory.php(184): Illuminate\\Database\\Connectors\\MySqlConnector->connect()
#4 [internal function]: Illuminate\\Database\\Connectors\\ConnectionFactory->Illuminate\\Database\\Connectors\\{closure}()
#5 /media/suraiya/New Volume/Lomeyo-Work/Practice-Projects(Internship)/ogani-ecommerce/vendor/laravel/framework/src/Illuminate/Database/Connection.php(1275): call_user_func()
#6 /media/suraiya/New Volume/Lomeyo-Work/Practice-Projects(Internship)/ogani-ecommerce/vendor/laravel/framework/src/Illuminate/Database/Connection.php(1311): Illuminate\\Database\\Connection->getPdo()
#7 /media/suraiya/New Volume/Lomeyo-Work/Practice-Projects(Internship)/ogani-ecommerce/vendor/laravel/framework/src/Illuminate/Database/Connection.php(521): Illuminate\\Database\\Connection->getReadPdo()
#8 /media/suraiya/New Volume/Lomeyo-Work/Practice-Projects(Internship)/ogani-ecommerce/vendor/laravel/framework/src/Illuminate/Database/Connection.php(416): Illuminate\\Database\\Connection->getPdoForSelect()
#9 /media/suraiya/New Volume/Lomeyo-Work/Practice-Projects(Internship)/ogani-ecommerce/vendor/laravel/framework/src/Illuminate/Database/Connection.php(788): Illuminate\\Database\\Connection->Illuminate\\Database\\{closure}()
#10 /media/suraiya/New Volume/Lomeyo-Work/Practice-Projects(Internship)/ogani-ecommerce/vendor/laravel/framework/src/Illuminate/Database/Connection.php(755): Illuminate\\Database\\Connection->runQueryCallback()
#11 /media/suraiya/New Volume/Lomeyo-Work/Practice-Projects(Internship)/ogani-ecommerce/vendor/laravel/framework/src/Illuminate/Database/Connection.php(407): Illuminate\\Database\\Connection->run()
#12 /media/suraiya/New Volume/Lomeyo-Work/Practice-Projects(Internship)/ogani-ecommerce/vendor/laravel/framework/src/Illuminate/Database/Query/Builder.php(2735): Illuminate\\Database\\Connection->select()
#13 /media/suraiya/New Volume/Lomeyo-Work/Practice-Projects(Internship)/ogani-ecommerce/vendor/laravel/framework/src/Illuminate/Database/Query/Builder.php(2724): Illuminate\\Database\\Query\\Builder->runSelect()
#14 /media/suraiya/New Volume/Lomeyo-Work/Practice-Projects(Internship)/ogani-ecommerce/vendor/laravel/framework/src/Illuminate/Database/Query/Builder.php(3278): Illuminate\\Database\\Query\\Builder->Illuminate\\Database\\Query\\{closure}()
#15 /media/suraiya/New Volume/Lomeyo-Work/Practice-Projects(Internship)/ogani-ecommerce/vendor/laravel/framework/src/Illuminate/Database/Query/Builder.php(2723): Illuminate\\Database\\Query\\Builder->onceWithColumns()
#16 /media/suraiya/New Volume/Lomeyo-Work/Practice-Projects(Internship)/ogani-ecommerce/vendor/laravel/framework/src/Illuminate/Database/Eloquent/Builder.php(717): Illuminate\\Database\\Query\\Builder->get()
#17 /media/suraiya/New Volume/Lomeyo-Work/Practice-Projects(Internship)/ogani-ecommerce/vendor/laravel/framework/src/Illuminate/Database/Eloquent/Builder.php(701): Illuminate\\Database\\Eloquent\\Builder->getModels()
#18 /media/suraiya/New Volume/Lomeyo-Work/Practice-Projects(Internship)/ogani-ecommerce/vendor/laravel/framework/src/Illuminate/Database/Concerns/BuildsQueries.php(296): Illuminate\\Database\\Eloquent\\Builder->get()
#19 /media/suraiya/New Volume/Lomeyo-Work/Practice-Projects(Internship)/ogani-ecommerce/vendor/laravel/framework/src/Illuminate/Support/Traits/ForwardsCalls.php(23): Illuminate\\Database\\Eloquent\\Builder->first()
#20 /media/suraiya/New Volume/Lomeyo-Work/Practice-Projects(Internship)/ogani-ecommerce/vendor/laravel/framework/src/Illuminate/Database/Eloquent/Model.php(2335): Illuminate\\Database\\Eloquent\\Model->forwardCallTo()
#21 /media/suraiya/New Volume/Lomeyo-Work/Practice-Projects(Internship)/ogani-ecommerce/vendor/laravel/framework/src/Illuminate/Database/Eloquent/Model.php(2347): Illuminate\\Database\\Eloquent\\Model->__call()
#22 /media/suraiya/New Volume/Lomeyo-Work/Practice-Projects(Internship)/ogani-ecommerce/app/Providers/AppServiceProvider.php(61): Illuminate\\Database\\Eloquent\\Model::__callStatic()
#23 /media/suraiya/New Volume/Lomeyo-Work/Practice-Projects(Internship)/ogani-ecommerce/vendor/laravel/framework/src/Illuminate/View/Concerns/ManagesEvents.php(162): App\\Providers\\AppServiceProvider->App\\Providers\\{closure}()
#24 /media/suraiya/New Volume/Lomeyo-Work/Practice-Projects(Internship)/ogani-ecommerce/vendor/laravel/framework/src/Illuminate/Events/Dispatcher.php(418): Illuminate\\View\\Factory->Illuminate\\View\\Concerns\\{closure}()
#25 /media/suraiya/New Volume/Lomeyo-Work/Practice-Projects(Internship)/ogani-ecommerce/vendor/laravel/framework/src/Illuminate/Events/Dispatcher.php(249): Illuminate\\Events\\Dispatcher->Illuminate\\Events\\{closure}()
#26 /media/suraiya/New Volume/Lomeyo-Work/Practice-Projects(Internship)/ogani-ecommerce/vendor/laravel/framework/src/Illuminate/View/Concerns/ManagesEvents.php(177): Illuminate\\Events\\Dispatcher->dispatch()
#27 /media/suraiya/New Volume/Lomeyo-Work/Practice-Projects(Internship)/ogani-ecommerce/vendor/laravel/framework/src/Illuminate/View/View.php(176): Illuminate\\View\\Factory->callComposer()
#28 /media/suraiya/New Volume/Lomeyo-Work/Practice-Projects(Internship)/ogani-ecommerce/vendor/laravel/framework/src/Illuminate/View/View.php(147): Illuminate\\View\\View->renderContents()
#29 /media/suraiya/New Volume/Lomeyo-Work/Practice-Projects(Internship)/ogani-ecommerce/vendor/laravel/framework/src/Illuminate/Http/Response.php(69): Illuminate\\View\\View->render()
#30 /media/suraiya/New Volume/Lomeyo-Work/Practice-Projects(Internship)/ogani-ecommerce/vendor/laravel/framework/src/Illuminate/Http/Response.php(35): Illuminate\\Http\\Response->setContent()
#31 /media/suraiya/New Volume/Lomeyo-Work/Practice-Projects(Internship)/ogani-ecommerce/vendor/laravel/framework/src/Illuminate/Routing/ResponseFactory.php(57): Illuminate\\Http\\Response->__construct()
#32 /media/suraiya/New Volume/Lomeyo-Work/Practice-Projects(Internship)/ogani-ecommerce/vendor/laravel/framework/src/Illuminate/Routing/ResponseFactory.php(87): Illuminate\\Routing\\ResponseFactory->make()
#33 /media/suraiya/New Volume/Lomeyo-Work/Practice-Projects(Internship)/ogani-ecommerce/vendor/laravel/framework/src/Illuminate/Foundation/Exceptions/Handler.php(645): Illuminate\\Routing\\ResponseFactory->view()
#34 /media/suraiya/New Volume/Lomeyo-Work/Practice-Projects(Internship)/ogani-ecommerce/vendor/laravel/framework/src/Illuminate/Foundation/Exceptions/Handler.php(573): Illuminate\\Foundation\\Exceptions\\Handler->renderHttpException()
#35 /media/suraiya/New Volume/Lomeyo-Work/Practice-Projects(Internship)/ogani-ecommerce/vendor/laravel/framework/src/Illuminate/Foundation/Exceptions/Handler.php(479): Illuminate\\Foundation\\Exceptions\\Handler->prepareResponse()
#36 /media/suraiya/New Volume/Lomeyo-Work/Practice-Projects(Internship)/ogani-ecommerce/vendor/laravel/framework/src/Illuminate/Foundation/Exceptions/Handler.php(396): Illuminate\\Foundation\\Exceptions\\Handler->renderExceptionResponse()
#37 /media/suraiya/New Volume/Lomeyo-Work/Practice-Projects(Internship)/ogani-ecommerce/vendor/laravel/framework/src/Illuminate/Foundation/Bootstrap/HandleExceptions.php(217): Illuminate\\Foundation\\Exceptions\\Handler->render()
#38 /media/suraiya/New Volume/Lomeyo-Work/Practice-Projects(Internship)/ogani-ecommerce/vendor/laravel/framework/src/Illuminate/Foundation/Bootstrap/HandleExceptions.php(194): Illuminate\\Foundation\\Bootstrap\\HandleExceptions->renderHttpResponse()
#39 /media/suraiya/New Volume/Lomeyo-Work/Practice-Projects(Internship)/ogani-ecommerce/vendor/laravel/framework/src/Illuminate/Foundation/Bootstrap/HandleExceptions.php(254): Illuminate\\Foundation\\Bootstrap\\HandleExceptions->handleException()
#40 [internal function]: Illuminate\\Foundation\\Bootstrap\\HandleExceptions->Illuminate\\Foundation\\Bootstrap\\{closure}()
#41 {main}

Next Illuminate\\Database\\QueryException: SQLSTATE[HY000] [1045] Access denied for user 'forge'@'localhost' (using password: NO) (Connection: mysql, SQL: select * from `cms` limit 1) in /media/suraiya/New Volume/Lomeyo-Work/Practice-Projects(Internship)/ogani-ecommerce/vendor/laravel/framework/src/Illuminate/Database/Connection.php:795
Stack trace:
#0 /media/suraiya/New Volume/Lomeyo-Work/Practice-Projects(Internship)/ogani-ecommerce/vendor/laravel/framework/src/Illuminate/Database/Connection.php(755): Illuminate\\Database\\Connection->runQueryCallback()
#1 /media/suraiya/New Volume/Lomeyo-Work/Practice-Projects(Internship)/ogani-ecommerce/vendor/laravel/framework/src/Illuminate/Database/Connection.php(407): Illuminate\\Database\\Connection->run()
#2 /media/suraiya/New Volume/Lomeyo-Work/Practice-Projects(Internship)/ogani-ecommerce/vendor/laravel/framework/src/Illuminate/Database/Query/Builder.php(2735): Illuminate\\Database\\Connection->select()
#3 /media/suraiya/New Volume/Lomeyo-Work/Practice-Projects(Internship)/ogani-ecommerce/vendor/laravel/framework/src/Illuminate/Database/Query/Builder.php(2724): Illuminate\\Database\\Query\\Builder->runSelect()
#4 /media/suraiya/New Volume/Lomeyo-Work/Practice-Projects(Internship)/ogani-ecommerce/vendor/laravel/framework/src/Illuminate/Database/Query/Builder.php(3278): Illuminate\\Database\\Query\\Builder->Illuminate\\Database\\Query\\{closure}()
#5 /media/suraiya/New Volume/Lomeyo-Work/Practice-Projects(Internship)/ogani-ecommerce/vendor/laravel/framework/src/Illuminate/Database/Query/Builder.php(2723): Illuminate\\Database\\Query\\Builder->onceWithColumns()
#6 /media/suraiya/New Volume/Lomeyo-Work/Practice-Projects(Internship)/ogani-ecommerce/vendor/laravel/framework/src/Illuminate/Database/Eloquent/Builder.php(717): Illuminate\\Database\\Query\\Builder->get()
#7 /media/suraiya/New Volume/Lomeyo-Work/Practice-Projects(Internship)/ogani-ecommerce/vendor/laravel/framework/src/Illuminate/Database/Eloquent/Builder.php(701): Illuminate\\Database\\Eloquent\\Builder->getModels()
#8 /media/suraiya/New Volume/Lomeyo-Work/Practice-Projects(Internship)/ogani-ecommerce/vendor/laravel/framework/src/Illuminate/Database/Concerns/BuildsQueries.php(296): Illuminate\\Database\\Eloquent\\Builder->get()
#9 /media/suraiya/New Volume/Lomeyo-Work/Practice-Projects(Internship)/ogani-ecommerce/vendor/laravel/framework/src/Illuminate/Support/Traits/ForwardsCalls.php(23): Illuminate\\Database\\Eloquent\\Builder->first()
#10 /media/suraiya/New Volume/Lomeyo-Work/Practice-Projects(Internship)/ogani-ecommerce/vendor/laravel/framework/src/Illuminate/Database/Eloquent/Model.php(2335): Illuminate\\Database\\Eloquent\\Model->forwardCallTo()
#11 /media/suraiya/New Volume/Lomeyo-Work/Practice-Projects(Internship)/ogani-ecommerce/vendor/laravel/framework/src/Illuminate/Database/Eloquent/Model.php(2347): Illuminate\\Database\\Eloquent\\Model->__call()
#12 /media/suraiya/New Volume/Lomeyo-Work/Practice-Projects(Internship)/ogani-ecommerce/app/Providers/AppServiceProvider.php(61): Illuminate\\Database\\Eloquent\\Model::__callStatic()
#13 /media/suraiya/New Volume/Lomeyo-Work/Practice-Projects(Internship)/ogani-ecommerce/vendor/laravel/framework/src/Illuminate/View/Concerns/ManagesEvents.php(162): App\\Providers\\AppServiceProvider->App\\Providers\\{closure}()
#14 /media/suraiya/New Volume/Lomeyo-Work/Practice-Projects(Internship)/ogani-ecommerce/vendor/laravel/framework/src/Illuminate/Events/Dispatcher.php(418): Illuminate\\View\\Factory->Illuminate\\View\\Concerns\\{closure}()
#15 /media/suraiya/New Volume/Lomeyo-Work/Practice-Projects(Internship)/ogani-ecommerce/vendor/laravel/framework/src/Illuminate/Events/Dispatcher.php(249): Illuminate\\Events\\Dispatcher->Illuminate\\Events\\{closure}()
#16 /media/suraiya/New Volume/Lomeyo-Work/Practice-Projects(Internship)/ogani-ecommerce/vendor/laravel/framework/src/Illuminate/View/Concerns/ManagesEvents.php(177): Illuminate\\Events\\Dispatcher->dispatch()
#17 /media/suraiya/New Volume/Lomeyo-Work/Practice-Projects(Internship)/ogani-ecommerce/vendor/laravel/framework/src/Illuminate/View/View.php(176): Illuminate\\View\\Factory->callComposer()
#18 /media/suraiya/New Volume/Lomeyo-Work/Practice-Projects(Internship)/ogani-ecommerce/vendor/laravel/framework/src/Illuminate/View/View.php(147): Illuminate\\View\\View->renderContents()
#19 /media/suraiya/New Volume/Lomeyo-Work/Practice-Projects(Internship)/ogani-ecommerce/vendor/laravel/framework/src/Illuminate/Http/Response.php(69): Illuminate\\View\\View->render()
#20 /media/suraiya/New Volume/Lomeyo-Work/Practice-Projects(Internship)/ogani-ecommerce/vendor/laravel/framework/src/Illuminate/Http/Response.php(35): Illuminate\\Http\\Response->setContent()
#21 /media/suraiya/New Volume/Lomeyo-Work/Practice-Projects(Internship)/ogani-ecommerce/vendor/laravel/framework/src/Illuminate/Routing/ResponseFactory.php(57): Illuminate\\Http\\Response->__construct()
#22 /media/suraiya/New Volume/Lomeyo-Work/Practice-Projects(Internship)/ogani-ecommerce/vendor/laravel/framework/src/Illuminate/Routing/ResponseFactory.php(87): Illuminate\\Routing\\ResponseFactory->make()
#23 /media/suraiya/New Volume/Lomeyo-Work/Practice-Projects(Internship)/ogani-ecommerce/vendor/laravel/framework/src/Illuminate/Foundation/Exceptions/Handler.php(645): Illuminate\\Routing\\ResponseFactory->view()
#24 /media/suraiya/New Volume/Lomeyo-Work/Practice-Projects(Internship)/ogani-ecommerce/vendor/laravel/framework/src/Illuminate/Foundation/Exceptions/Handler.php(573): Illuminate\\Foundation\\Exceptions\\Handler->renderHttpException()
#25 /media/suraiya/New Volume/Lomeyo-Work/Practice-Projects(Internship)/ogani-ecommerce/vendor/laravel/framework/src/Illuminate/Foundation/Exceptions/Handler.php(479): Illuminate\\Foundation\\Exceptions\\Handler->prepareResponse()
#26 /media/suraiya/New Volume/Lomeyo-Work/Practice-Projects(Internship)/ogani-ecommerce/vendor/laravel/framework/src/Illuminate/Foundation/Exceptions/Handler.php(396): Illuminate\\Foundation\\Exceptions\\Handler->renderExceptionResponse()
#27 /media/suraiya/New Volume/Lomeyo-Work/Practice-Projects(Internship)/ogani-ecommerce/vendor/laravel/framework/src/Illuminate/Foundation/Bootstrap/HandleExceptions.php(217): Illuminate\\Foundation\\Exceptions\\Handler->render()
#28 /media/suraiya/New Volume/Lomeyo-Work/Practice-Projects(Internship)/ogani-ecommerce/vendor/laravel/framework/src/Illuminate/Foundation/Bootstrap/HandleExceptions.php(194): Illuminate\\Foundation\\Bootstrap\\HandleExceptions->renderHttpResponse()
#29 /media/suraiya/New Volume/Lomeyo-Work/Practice-Projects(Internship)/ogani-ecommerce/vendor/laravel/framework/src/Illuminate/Foundation/Bootstrap/HandleExceptions.php(254): Illuminate\\Foundation\\Bootstrap\\HandleExceptions->handleException()
#30 [internal function]: Illuminate\\Foundation\\Bootstrap\\HandleExceptions->Illuminate\\Foundation\\Bootstrap\\{closure}()
#31 {main}
  thrown at /media/suraiya/New Volume/Lomeyo-Work/Practice-Projects(Internship)/ogani-ecommerce/vendor/laravel/framework/src/Illuminate/Database/Connection.php:795)
[stacktrace]
#0 {main}
"} 
[2024-08-20 06:00:51] production.ERROR: SQLSTATE[HY000] [1045] Access denied for user 'forge'@'localhost' (using password: NO) (Connection: mysql, SQL: SHOW FULL TABLES WHERE table_type = 'BASE TABLE') {"exception":"[object] (Illuminate\\Database\\QueryException(code: 1045): SQLSTATE[HY000] [1045] Access denied for user 'forge'@'localhost' (using password: NO) (Connection: mysql, SQL: SHOW FULL TABLES WHERE table_type = 'BASE TABLE') at /media/suraiya/New Volume/Lomeyo-Work/Practice-Projects(Internship)/ogani-ecommerce/vendor/laravel/framework/src/Illuminate/Database/Connection.php:795)
[stacktrace]
#0 /media/suraiya/New Volume/Lomeyo-Work/Practice-Projects(Internship)/ogani-ecommerce/vendor/laravel/framework/src/Illuminate/Database/Connection.php(755): Illuminate\\Database\\Connection->runQueryCallback()
#1 /media/suraiya/New Volume/Lomeyo-Work/Practice-Projects(Internship)/ogani-ecommerce/vendor/laravel/framework/src/Illuminate/Database/Connection.php(407): Illuminate\\Database\\Connection->run()
#2 /media/suraiya/New Volume/Lomeyo-Work/Practice-Projects(Internship)/ogani-ecommerce/vendor/laravel/framework/src/Illuminate/Database/Schema/MySqlBuilder.php(124): Illuminate\\Database\\Connection->select()
#3 /media/suraiya/New Volume/Lomeyo-Work/Practice-Projects(Internship)/ogani-ecommerce/vendor/laravel/framework/src/Illuminate/Database/Schema/MySqlBuilder.php(74): Illuminate\\Database\\Schema\\MySqlBuilder->getAllTables()
#4 /media/suraiya/New Volume/Lomeyo-Work/Practice-Projects(Internship)/ogani-ecommerce/vendor/laravel/framework/src/Illuminate/Database/Console/WipeCommand.php(71): Illuminate\\Database\\Schema\\MySqlBuilder->dropAllTables()
#5 /media/suraiya/New Volume/Lomeyo-Work/Practice-Projects(Internship)/ogani-ecommerce/vendor/laravel/framework/src/Illuminate/Database/Console/WipeCommand.php(48): Illuminate\\Database\\Console\\WipeCommand->dropAllTables()
#6 /media/suraiya/New Volume/Lomeyo-Work/Practice-Projects(Internship)/ogani-ecommerce/vendor/laravel/framework/src/Illuminate/Container/BoundMethod.php(36): Illuminate\\Database\\Console\\WipeCommand->handle()
#7 /media/suraiya/New Volume/Lomeyo-Work/Practice-Projects(Internship)/ogani-ecommerce/vendor/laravel/framework/src/Illuminate/Container/Util.php(41): Illuminate\\Container\\BoundMethod::Illuminate\\Container\\{closure}()
#8 /media/suraiya/New Volume/Lomeyo-Work/Practice-Projects(Internship)/ogani-ecommerce/vendor/laravel/framework/src/Illuminate/Container/BoundMethod.php(93): Illuminate\\Container\\Util::unwrapIfClosure()
#9 /media/suraiya/New Volume/Lomeyo-Work/Practice-Projects(Internship)/ogani-ecommerce/vendor/laravel/framework/src/Illuminate/Container/BoundMethod.php(35): Illuminate\\Container\\BoundMethod::callBoundMethod()
#10 /media/suraiya/New Volume/Lomeyo-Work/Practice-Projects(Internship)/ogani-ecommerce/vendor/laravel/framework/src/Illuminate/Container/Container.php(662): Illuminate\\Container\\BoundMethod::call()
#11 /media/suraiya/New Volume/Lomeyo-Work/Practice-Projects(Internship)/ogani-ecommerce/vendor/laravel/framework/src/Illuminate/Console/Command.php(208): Illuminate\\Container\\Container->call()
#12 /media/suraiya/New Volume/Lomeyo-Work/Practice-Projects(Internship)/ogani-ecommerce/vendor/symfony/console/Command/Command.php(326): Illuminate\\Console\\Command->execute()
#13 /media/suraiya/New Volume/Lomeyo-Work/Practice-Projects(Internship)/ogani-ecommerce/vendor/laravel/framework/src/Illuminate/Console/Command.php(177): Symfony\\Component\\Console\\Command\\Command->run()
#14 /media/suraiya/New Volume/Lomeyo-Work/Practice-Projects(Internship)/ogani-ecommerce/vendor/laravel/framework/src/Illuminate/Console/Concerns/CallsCommands.php(67): Illuminate\\Console\\Command->run()
#15 /media/suraiya/New Volume/Lomeyo-Work/Practice-Projects(Internship)/ogani-ecommerce/vendor/laravel/framework/src/Illuminate/Console/Concerns/CallsCommands.php(40): Illuminate\\Console\\Command->runCommand()
#16 /media/suraiya/New Volume/Lomeyo-Work/Practice-Projects(Internship)/ogani-ecommerce/vendor/laravel/framework/src/Illuminate/Database/Console/Migrations/FreshCommand.php(44): Illuminate\\Console\\Command->callSilent()
#17 /media/suraiya/New Volume/Lomeyo-Work/Practice-Projects(Internship)/ogani-ecommerce/vendor/laravel/framework/src/Illuminate/Console/View/Components/Task.php(37): Illuminate\\Database\\Console\\Migrations\\FreshCommand->Illuminate\\Database\\Console\\Migrations\\{closure}()
#18 /media/suraiya/New Volume/Lomeyo-Work/Practice-Projects(Internship)/ogani-ecommerce/vendor/laravel/framework/src/Illuminate/Console/View/Components/Factory.php(58): Illuminate\\Console\\View\\Components\\Task->render()
#19 /media/suraiya/New Volume/Lomeyo-Work/Practice-Projects(Internship)/ogani-ecommerce/vendor/laravel/framework/src/Illuminate/Database/Console/Migrations/FreshCommand.php(44): Illuminate\\Console\\View\\Components\\Factory->__call()
#20 /media/suraiya/New Volume/Lomeyo-Work/Practice-Projects(Internship)/ogani-ecommerce/vendor/laravel/framework/src/Illuminate/Container/BoundMethod.php(36): Illuminate\\Database\\Console\\Migrations\\FreshCommand->handle()
#21 /media/suraiya/New Volume/Lomeyo-Work/Practice-Projects(Internship)/ogani-ecommerce/vendor/laravel/framework/src/Illuminate/Container/Util.php(41): Illuminate\\Container\\BoundMethod::Illuminate\\Container\\{closure}()
#22 /media/suraiya/New Volume/Lomeyo-Work/Practice-Projects(Internship)/ogani-ecommerce/vendor/laravel/framework/src/Illuminate/Container/BoundMethod.php(93): Illuminate\\Container\\Util::unwrapIfClosure()
#23 /media/suraiya/New Volume/Lomeyo-Work/Practice-Projects(Internship)/ogani-ecommerce/vendor/laravel/framework/src/Illuminate/Container/BoundMethod.php(35): Illuminate\\Container\\BoundMethod::callBoundMethod()
#24 /media/suraiya/New Volume/Lomeyo-Work/Practice-Projects(Internship)/ogani-ecommerce/vendor/laravel/framework/src/Illuminate/Container/Container.php(662): Illuminate\\Container\\BoundMethod::call()
#25 /media/suraiya/New Volume/Lomeyo-Work/Practice-Projects(Internship)/ogani-ecommerce/vendor/laravel/framework/src/Illuminate/Console/Command.php(208): Illuminate\\Container\\Container->call()
#26 /media/suraiya/New Volume/Lomeyo-Work/Practice-Projects(Internship)/ogani-ecommerce/vendor/symfony/console/Command/Command.php(326): Illuminate\\Console\\Command->execute()
#27 /media/suraiya/New Volume/Lomeyo-Work/Practice-Projects(Internship)/ogani-ecommerce/vendor/laravel/framework/src/Illuminate/Console/Command.php(177): Symfony\\Component\\Console\\Command\\Command->run()
#28 /media/suraiya/New Volume/Lomeyo-Work/Practice-Projects(Internship)/ogani-ecommerce/vendor/symfony/console/Application.php(1081): Illuminate\\Console\\Command->run()
#29 /media/suraiya/New Volume/Lomeyo-Work/Practice-Projects(Internship)/ogani-ecommerce/vendor/symfony/console/Application.php(320): Symfony\\Component\\Console\\Application->doRunCommand()
#30 /media/suraiya/New Volume/Lomeyo-Work/Practice-Projects(Internship)/ogani-ecommerce/vendor/symfony/console/Application.php(174): Symfony\\Component\\Console\\Application->doRun()
#31 /media/suraiya/New Volume/Lomeyo-Work/Practice-Projects(Internship)/ogani-ecommerce/vendor/laravel/framework/src/Illuminate/Foundation/Console/Kernel.php(200): Symfony\\Component\\Console\\Application->run()
#32 /media/suraiya/New Volume/Lomeyo-Work/Practice-Projects(Internship)/ogani-ecommerce/artisan(35): Illuminate\\Foundation\\Console\\Kernel->handle()
#33 {main}

[previous exception] [object] (PDOException(code: 1045): SQLSTATE[HY000] [1045] Access denied for user 'forge'@'localhost' (using password: NO) at /media/suraiya/New Volume/Lomeyo-Work/Practice-Projects(Internship)/ogani-ecommerce/vendor/laravel/framework/src/Illuminate/Database/Connectors/Connector.php:65)
[stacktrace]
#0 /media/suraiya/New Volume/Lomeyo-Work/Practice-Projects(Internship)/ogani-ecommerce/vendor/laravel/framework/src/Illuminate/Database/Connectors/Connector.php(65): PDO->__construct()
#1 /media/suraiya/New Volume/Lomeyo-Work/Practice-Projects(Internship)/ogani-ecommerce/vendor/laravel/framework/src/Illuminate/Database/Connectors/Connector.php(44): Illuminate\\Database\\Connectors\\Connector->createPdoConnection()
#2 /media/suraiya/New Volume/Lomeyo-Work/Practice-Projects(Internship)/ogani-ecommerce/vendor/laravel/framework/src/Illuminate/Database/Connectors/MySqlConnector.php(24): Illuminate\\Database\\Connectors\\Connector->createConnection()
#3 /media/suraiya/New Volume/Lomeyo-Work/Practice-Projects(Internship)/ogani-ecommerce/vendor/laravel/framework/src/Illuminate/Database/Connectors/ConnectionFactory.php(184): Illuminate\\Database\\Connectors\\MySqlConnector->connect()
#4 [internal function]: Illuminate\\Database\\Connectors\\ConnectionFactory->Illuminate\\Database\\Connectors\\{closure}()
#5 /media/suraiya/New Volume/Lomeyo-Work/Practice-Projects(Internship)/ogani-ecommerce/vendor/laravel/framework/src/Illuminate/Database/Connection.php(1275): call_user_func()
#6 /media/suraiya/New Volume/Lomeyo-Work/Practice-Projects(Internship)/ogani-ecommerce/vendor/laravel/framework/src/Illuminate/Database/Connection.php(1311): Illuminate\\Database\\Connection->getPdo()
#7 /media/suraiya/New Volume/Lomeyo-Work/Practice-Projects(Internship)/ogani-ecommerce/vendor/laravel/framework/src/Illuminate/Database/Connection.php(521): Illuminate\\Database\\Connection->getReadPdo()
#8 /media/suraiya/New Volume/Lomeyo-Work/Practice-Projects(Internship)/ogani-ecommerce/vendor/laravel/framework/src/Illuminate/Database/Connection.php(416): Illuminate\\Database\\Connection->getPdoForSelect()
#9 /media/suraiya/New Volume/Lomeyo-Work/Practice-Projects(Internship)/ogani-ecommerce/vendor/laravel/framework/src/Illuminate/Database/Connection.php(788): Illuminate\\Database\\Connection->Illuminate\\Database\\{closure}()
#10 /media/suraiya/New Volume/Lomeyo-Work/Practice-Projects(Internship)/ogani-ecommerce/vendor/laravel/framework/src/Illuminate/Database/Connection.php(755): Illuminate\\Database\\Connection->runQueryCallback()
#11 /media/suraiya/New Volume/Lomeyo-Work/Practice-Projects(Internship)/ogani-ecommerce/vendor/laravel/framework/src/Illuminate/Database/Connection.php(407): Illuminate\\Database\\Connection->run()
#12 /media/suraiya/New Volume/Lomeyo-Work/Practice-Projects(Internship)/ogani-ecommerce/vendor/laravel/framework/src/Illuminate/Database/Schema/MySqlBuilder.php(124): Illuminate\\Database\\Connection->select()
#13 /media/suraiya/New Volume/Lomeyo-Work/Practice-Projects(Internship)/ogani-ecommerce/vendor/laravel/framework/src/Illuminate/Database/Schema/MySqlBuilder.php(74): Illuminate\\Database\\Schema\\MySqlBuilder->getAllTables()
#14 /media/suraiya/New Volume/Lomeyo-Work/Practice-Projects(Internship)/ogani-ecommerce/vendor/laravel/framework/src/Illuminate/Database/Console/WipeCommand.php(71): Illuminate\\Database\\Schema\\MySqlBuilder->dropAllTables()
#15 /media/suraiya/New Volume/Lomeyo-Work/Practice-Projects(Internship)/ogani-ecommerce/vendor/laravel/framework/src/Illuminate/Database/Console/WipeCommand.php(48): Illuminate\\Database\\Console\\WipeCommand->dropAllTables()
#16 /media/suraiya/New Volume/Lomeyo-Work/Practice-Projects(Internship)/ogani-ecommerce/vendor/laravel/framework/src/Illuminate/Container/BoundMethod.php(36): Illuminate\\Database\\Console\\WipeCommand->handle()
#17 /media/suraiya/New Volume/Lomeyo-Work/Practice-Projects(Internship)/ogani-ecommerce/vendor/laravel/framework/src/Illuminate/Container/Util.php(41): Illuminate\\Container\\BoundMethod::Illuminate\\Container\\{closure}()
#18 /media/suraiya/New Volume/Lomeyo-Work/Practice-Projects(Internship)/ogani-ecommerce/vendor/laravel/framework/src/Illuminate/Container/BoundMethod.php(93): Illuminate\\Container\\Util::unwrapIfClosure()
#19 /media/suraiya/New Volume/Lomeyo-Work/Practice-Projects(Internship)/ogani-ecommerce/vendor/laravel/framework/src/Illuminate/Container/BoundMethod.php(35): Illuminate\\Container\\BoundMethod::callBoundMethod()
#20 /media/suraiya/New Volume/Lomeyo-Work/Practice-Projects(Internship)/ogani-ecommerce/vendor/laravel/framework/src/Illuminate/Container/Container.php(662): Illuminate\\Container\\BoundMethod::call()
#21 /media/suraiya/New Volume/Lomeyo-Work/Practice-Projects(Internship)/ogani-ecommerce/vendor/laravel/framework/src/Illuminate/Console/Command.php(208): Illuminate\\Container\\Container->call()
#22 /media/suraiya/New Volume/Lomeyo-Work/Practice-Projects(Internship)/ogani-ecommerce/vendor/symfony/console/Command/Command.php(326): Illuminate\\Console\\Command->execute()
#23 /media/suraiya/New Volume/Lomeyo-Work/Practice-Projects(Internship)/ogani-ecommerce/vendor/laravel/framework/src/Illuminate/Console/Command.php(177): Symfony\\Component\\Console\\Command\\Command->run()
#24 /media/suraiya/New Volume/Lomeyo-Work/Practice-Projects(Internship)/ogani-ecommerce/vendor/laravel/framework/src/Illuminate/Console/Concerns/CallsCommands.php(67): Illuminate\\Console\\Command->run()
#25 /media/suraiya/New Volume/Lomeyo-Work/Practice-Projects(Internship)/ogani-ecommerce/vendor/laravel/framework/src/Illuminate/Console/Concerns/CallsCommands.php(40): Illuminate\\Console\\Command->runCommand()
#26 /media/suraiya/New Volume/Lomeyo-Work/Practice-Projects(Internship)/ogani-ecommerce/vendor/laravel/framework/src/Illuminate/Database/Console/Migrations/FreshCommand.php(44): Illuminate\\Console\\Command->callSilent()
#27 /media/suraiya/New Volume/Lomeyo-Work/Practice-Projects(Internship)/ogani-ecommerce/vendor/laravel/framework/src/Illuminate/Console/View/Components/Task.php(37): Illuminate\\Database\\Console\\Migrations\\FreshCommand->Illuminate\\Database\\Console\\Migrations\\{closure}()
#28 /media/suraiya/New Volume/Lomeyo-Work/Practice-Projects(Internship)/ogani-ecommerce/vendor/laravel/framework/src/Illuminate/Console/View/Components/Factory.php(58): Illuminate\\Console\\View\\Components\\Task->render()
#29 /media/suraiya/New Volume/Lomeyo-Work/Practice-Projects(Internship)/ogani-ecommerce/vendor/laravel/framework/src/Illuminate/Database/Console/Migrations/FreshCommand.php(44): Illuminate\\Console\\View\\Components\\Factory->__call()
#30 /media/suraiya/New Volume/Lomeyo-Work/Practice-Projects(Internship)/ogani-ecommerce/vendor/laravel/framework/src/Illuminate/Container/BoundMethod.php(36): Illuminate\\Database\\Console\\Migrations\\FreshCommand->handle()
#31 /media/suraiya/New Volume/Lomeyo-Work/Practice-Projects(Internship)/ogani-ecommerce/vendor/laravel/framework/src/Illuminate/Container/Util.php(41): Illuminate\\Container\\BoundMethod::Illuminate\\Container\\{closure}()
#32 /media/suraiya/New Volume/Lomeyo-Work/Practice-Projects(Internship)/ogani-ecommerce/vendor/laravel/framework/src/Illuminate/Container/BoundMethod.php(93): Illuminate\\Container\\Util::unwrapIfClosure()
#33 /media/suraiya/New Volume/Lomeyo-Work/Practice-Projects(Internship)/ogani-ecommerce/vendor/laravel/framework/src/Illuminate/Container/BoundMethod.php(35): Illuminate\\Container\\BoundMethod::callBoundMethod()
#34 /media/suraiya/New Volume/Lomeyo-Work/Practice-Projects(Internship)/ogani-ecommerce/vendor/laravel/framework/src/Illuminate/Container/Container.php(662): Illuminate\\Container\\BoundMethod::call()
#35 /media/suraiya/New Volume/Lomeyo-Work/Practice-Projects(Internship)/ogani-ecommerce/vendor/laravel/framework/src/Illuminate/Console/Command.php(208): Illuminate\\Container\\Container->call()
#36 /media/suraiya/New Volume/Lomeyo-Work/Practice-Projects(Internship)/ogani-ecommerce/vendor/symfony/console/Command/Command.php(326): Illuminate\\Console\\Command->execute()
#37 /media/suraiya/New Volume/Lomeyo-Work/Practice-Projects(Internship)/ogani-ecommerce/vendor/laravel/framework/src/Illuminate/Console/Command.php(177): Symfony\\Component\\Console\\Command\\Command->run()
#38 /media/suraiya/New Volume/Lomeyo-Work/Practice-Projects(Internship)/ogani-ecommerce/vendor/symfony/console/Application.php(1081): Illuminate\\Console\\Command->run()
#39 /media/suraiya/New Volume/Lomeyo-Work/Practice-Projects(Internship)/ogani-ecommerce/vendor/symfony/console/Application.php(320): Symfony\\Component\\Console\\Application->doRunCommand()
#40 /media/suraiya/New Volume/Lomeyo-Work/Practice-Projects(Internship)/ogani-ecommerce/vendor/symfony/console/Application.php(174): Symfony\\Component\\Console\\Application->doRun()
#41 /media/suraiya/New Volume/Lomeyo-Work/Practice-Projects(Internship)/ogani-ecommerce/vendor/laravel/framework/src/Illuminate/Foundation/Console/Kernel.php(200): Symfony\\Component\\Console\\Application->run()
#42 /media/suraiya/New Volume/Lomeyo-Work/Practice-Projects(Internship)/ogani-ecommerce/artisan(35): Illuminate\\Foundation\\Console\\Kernel->handle()
#43 {main}
"} 
[2024-08-20 06:02:42] local.ERROR: No application encryption key has been specified. {"exception":"[object] (Illuminate\\Encryption\\MissingAppKeyException(code: 0): No application encryption key has been specified. at /media/suraiya/New Volume/Lomeyo-Work/Practice-Projects(Internship)/ogani-ecommerce/vendor/laravel/framework/src/Illuminate/Encryption/EncryptionServiceProvider.php:79)
[stacktrace]
#0 /media/suraiya/New Volume/Lomeyo-Work/Practice-Projects(Internship)/ogani-ecommerce/vendor/laravel/framework/src/Illuminate/Support/helpers.php(307): Illuminate\\Encryption\\EncryptionServiceProvider->Illuminate\\Encryption\\{closure}()
#1 /media/suraiya/New Volume/Lomeyo-Work/Practice-Projects(Internship)/ogani-ecommerce/vendor/laravel/framework/src/Illuminate/Encryption/EncryptionServiceProvider.php(77): tap()
#2 /media/suraiya/New Volume/Lomeyo-Work/Practice-Projects(Internship)/ogani-ecommerce/vendor/laravel/framework/src/Illuminate/Encryption/EncryptionServiceProvider.php(60): Illuminate\\Encryption\\EncryptionServiceProvider->key()
#3 /media/suraiya/New Volume/Lomeyo-Work/Practice-Projects(Internship)/ogani-ecommerce/vendor/laravel/framework/src/Illuminate/Encryption/EncryptionServiceProvider.php(32): Illuminate\\Encryption\\EncryptionServiceProvider->parseKey()
#4 /media/suraiya/New Volume/Lomeyo-Work/Practice-Projects(Internship)/ogani-ecommerce/vendor/laravel/framework/src/Illuminate/Container/Container.php(910): Illuminate\\Encryption\\EncryptionServiceProvider->Illuminate\\Encryption\\{closure}()
#5 /media/suraiya/New Volume/Lomeyo-Work/Practice-Projects(Internship)/ogani-ecommerce/vendor/laravel/framework/src/Illuminate/Container/Container.php(795): Illuminate\\Container\\Container->build()
#6 /media/suraiya/New Volume/Lomeyo-Work/Practice-Projects(Internship)/ogani-ecommerce/vendor/laravel/framework/src/Illuminate/Foundation/Application.php(933): Illuminate\\Container\\Container->resolve()
#7 /media/suraiya/New Volume/Lomeyo-Work/Practice-Projects(Internship)/ogani-ecommerce/vendor/laravel/framework/src/Illuminate/Container/Container.php(731): Illuminate\\Foundation\\Application->resolve()
#8 /media/suraiya/New Volume/Lomeyo-Work/Practice-Projects(Internship)/ogani-ecommerce/vendor/laravel/framework/src/Illuminate/Foundation/Application.php(918): Illuminate\\Container\\Container->make()
#9 /media/suraiya/New Volume/Lomeyo-Work/Practice-Projects(Internship)/ogani-ecommerce/vendor/laravel/framework/src/Illuminate/Container/Container.php(1068): Illuminate\\Foundation\\Application->make()
#10 /media/suraiya/New Volume/Lomeyo-Work/Practice-Projects(Internship)/ogani-ecommerce/vendor/laravel/framework/src/Illuminate/Container/Container.php(984): Illuminate\\Container\\Container->resolveClass()
#11 /media/suraiya/New Volume/Lomeyo-Work/Practice-Projects(Internship)/ogani-ecommerce/vendor/laravel/framework/src/Illuminate/Container/Container.php(945): Illuminate\\Container\\Container->resolveDependencies()
#12 /media/suraiya/New Volume/Lomeyo-Work/Practice-Projects(Internship)/ogani-ecommerce/vendor/laravel/framework/src/Illuminate/Container/Container.php(795): Illuminate\\Container\\Container->build()
#13 /media/suraiya/New Volume/Lomeyo-Work/Practice-Projects(Internship)/ogani-ecommerce/vendor/laravel/framework/src/Illuminate/Foundation/Application.php(933): Illuminate\\Container\\Container->resolve()
#14 /media/suraiya/New Volume/Lomeyo-Work/Practice-Projects(Internship)/ogani-ecommerce/vendor/laravel/framework/src/Illuminate/Container/Container.php(731): Illuminate\\Foundation\\Application->resolve()
#15 /media/suraiya/New Volume/Lomeyo-Work/Practice-Projects(Internship)/ogani-ecommerce/vendor/laravel/framework/src/Illuminate/Foundation/Application.php(918): Illuminate\\Container\\Container->make()
#16 /media/suraiya/New Volume/Lomeyo-Work/Practice-Projects(Internship)/ogani-ecommerce/vendor/laravel/framework/src/Illuminate/Pipeline/Pipeline.php(169): Illuminate\\Foundation\\Application->make()
#17 /media/suraiya/New Volume/Lomeyo-Work/Practice-Projects(Internship)/ogani-ecommerce/vendor/laravel/framework/src/Illuminate/Pipeline/Pipeline.php(116): Illuminate\\Pipeline\\Pipeline->Illuminate\\Pipeline\\{closure}()
#18 /media/suraiya/New Volume/Lomeyo-Work/Practice-Projects(Internship)/ogani-ecommerce/vendor/laravel/framework/src/Illuminate/Routing/Router.php(798): Illuminate\\Pipeline\\Pipeline->then()
#19 /media/suraiya/New Volume/Lomeyo-Work/Practice-Projects(Internship)/ogani-ecommerce/vendor/laravel/framework/src/Illuminate/Routing/Router.php(777): Illuminate\\Routing\\Router->runRouteWithinStack()
#20 /media/suraiya/New Volume/Lomeyo-Work/Practice-Projects(Internship)/ogani-ecommerce/vendor/laravel/framework/src/Illuminate/Routing/Router.php(741): Illuminate\\Routing\\Router->runRoute()
#21 /media/suraiya/New Volume/Lomeyo-Work/Practice-Projects(Internship)/ogani-ecommerce/vendor/laravel/framework/src/Illuminate/Routing/Router.php(730): Illuminate\\Routing\\Router->dispatchToRoute()
#22 /media/suraiya/New Volume/Lomeyo-Work/Practice-Projects(Internship)/ogani-ecommerce/vendor/laravel/framework/src/Illuminate/Foundation/Http/Kernel.php(200): Illuminate\\Routing\\Router->dispatch()
#23 /media/suraiya/New Volume/Lomeyo-Work/Practice-Projects(Internship)/ogani-ecommerce/vendor/laravel/framework/src/Illuminate/Pipeline/Pipeline.php(141): Illuminate\\Foundation\\Http\\Kernel->Illuminate\\Foundation\\Http\\{closure}()
#24 /media/suraiya/New Volume/Lomeyo-Work/Practice-Projects(Internship)/ogani-ecommerce/vendor/laravel/framework/src/Illuminate/Foundation/Http/Middleware/TransformsRequest.php(21): Illuminate\\Pipeline\\Pipeline->Illuminate\\Pipeline\\{closure}()
#25 /media/suraiya/New Volume/Lomeyo-Work/Practice-Projects(Internship)/ogani-ecommerce/vendor/laravel/framework/src/Illuminate/Foundation/Http/Middleware/ConvertEmptyStringsToNull.php(31): Illuminate\\Foundation\\Http\\Middleware\\TransformsRequest->handle()
#26 /media/suraiya/New Volume/Lomeyo-Work/Practice-Projects(Internship)/ogani-ecommerce/vendor/laravel/framework/src/Illuminate/Pipeline/Pipeline.php(180): Illuminate\\Foundation\\Http\\Middleware\\ConvertEmptyStringsToNull->handle()
#27 /media/suraiya/New Volume/Lomeyo-Work/Practice-Projects(Internship)/ogani-ecommerce/vendor/laravel/framework/src/Illuminate/Foundation/Http/Middleware/TransformsRequest.php(21): Illuminate\\Pipeline\\Pipeline->Illuminate\\Pipeline\\{closure}()
#28 /media/suraiya/New Volume/Lomeyo-Work/Practice-Projects(Internship)/ogani-ecommerce/vendor/laravel/framework/src/Illuminate/Foundation/Http/Middleware/TrimStrings.php(40): Illuminate\\Foundation\\Http\\Middleware\\TransformsRequest->handle()
#29 /media/suraiya/New Volume/Lomeyo-Work/Practice-Projects(Internship)/ogani-ecommerce/vendor/laravel/framework/src/Illuminate/Pipeline/Pipeline.php(180): Illuminate\\Foundation\\Http\\Middleware\\TrimStrings->handle()
#30 /media/suraiya/New Volume/Lomeyo-Work/Practice-Projects(Internship)/ogani-ecommerce/vendor/laravel/framework/src/Illuminate/Foundation/Http/Middleware/ValidatePostSize.php(27): Illuminate\\Pipeline\\Pipeline->Illuminate\\Pipeline\\{closure}()
#31 /media/suraiya/New Volume/Lomeyo-Work/Practice-Projects(Internship)/ogani-ecommerce/vendor/laravel/framework/src/Illuminate/Pipeline/Pipeline.php(180): Illuminate\\Foundation\\Http\\Middleware\\ValidatePostSize->handle()
#32 /media/suraiya/New Volume/Lomeyo-Work/Practice-Projects(Internship)/ogani-ecommerce/vendor/laravel/framework/src/Illuminate/Foundation/Http/Middleware/PreventRequestsDuringMaintenance.php(86): Illuminate\\Pipeline\\Pipeline->Illuminate\\Pipeline\\{closure}()
#33 /media/suraiya/New Volume/Lomeyo-Work/Practice-Projects(Internship)/ogani-ecommerce/vendor/laravel/framework/src/Illuminate/Pipeline/Pipeline.php(180): Illuminate\\Foundation\\Http\\Middleware\\PreventRequestsDuringMaintenance->handle()
#34 /media/suraiya/New Volume/Lomeyo-Work/Practice-Projects(Internship)/ogani-ecommerce/vendor/laravel/framework/src/Illuminate/Http/Middleware/HandleCors.php(49): Illuminate\\Pipeline\\Pipeline->Illuminate\\Pipeline\\{closure}()
#35 /media/suraiya/New Volume/Lomeyo-Work/Practice-Projects(Internship)/ogani-ecommerce/vendor/laravel/framework/src/Illuminate/Pipeline/Pipeline.php(180): Illuminate\\Http\\Middleware\\HandleCors->handle()
#36 /media/suraiya/New Volume/Lomeyo-Work/Practice-Projects(Internship)/ogani-ecommerce/vendor/laravel/framework/src/Illuminate/Http/Middleware/TrustProxies.php(39): Illuminate\\Pipeline\\Pipeline->Illuminate\\Pipeline\\{closure}()
#37 /media/suraiya/New Volume/Lomeyo-Work/Practice-Projects(Internship)/ogani-ecommerce/vendor/laravel/framework/src/Illuminate/Pipeline/Pipeline.php(180): Illuminate\\Http\\Middleware\\TrustProxies->handle()
#38 /media/suraiya/New Volume/Lomeyo-Work/Practice-Projects(Internship)/ogani-ecommerce/vendor/laravel/framework/src/Illuminate/Pipeline/Pipeline.php(116): Illuminate\\Pipeline\\Pipeline->Illuminate\\Pipeline\\{closure}()
#39 /media/suraiya/New Volume/Lomeyo-Work/Practice-Projects(Internship)/ogani-ecommerce/vendor/laravel/framework/src/Illuminate/Foundation/Http/Kernel.php(175): Illuminate\\Pipeline\\Pipeline->then()
#40 /media/suraiya/New Volume/Lomeyo-Work/Practice-Projects(Internship)/ogani-ecommerce/vendor/laravel/framework/src/Illuminate/Foundation/Http/Kernel.php(144): Illuminate\\Foundation\\Http\\Kernel->sendRequestThroughRouter()
#41 /media/suraiya/New Volume/Lomeyo-Work/Practice-Projects(Internship)/ogani-ecommerce/public/index.php(51): Illuminate\\Foundation\\Http\\Kernel->handle()
#42 /media/suraiya/New Volume/Lomeyo-Work/Practice-Projects(Internship)/ogani-ecommerce/vendor/laravel/framework/src/Illuminate/Foundation/resources/server.php(16): require_once('...')
#43 {main}
"} 
[2024-08-20 06:02:42] local.ERROR: No application encryption key has been specified. {"exception":"[object] (Illuminate\\Encryption\\MissingAppKeyException(code: 0): No application encryption key has been specified. at /media/suraiya/New Volume/Lomeyo-Work/Practice-Projects(Internship)/ogani-ecommerce/vendor/laravel/framework/src/Illuminate/Encryption/EncryptionServiceProvider.php:79)
[stacktrace]
#0 /media/suraiya/New Volume/Lomeyo-Work/Practice-Projects(Internship)/ogani-ecommerce/vendor/laravel/framework/src/Illuminate/Support/helpers.php(307): Illuminate\\Encryption\\EncryptionServiceProvider->Illuminate\\Encryption\\{closure}()
#1 /media/suraiya/New Volume/Lomeyo-Work/Practice-Projects(Internship)/ogani-ecommerce/vendor/laravel/framework/src/Illuminate/Encryption/EncryptionServiceProvider.php(77): tap()
#2 /media/suraiya/New Volume/Lomeyo-Work/Practice-Projects(Internship)/ogani-ecommerce/vendor/laravel/framework/src/Illuminate/Encryption/EncryptionServiceProvider.php(60): Illuminate\\Encryption\\EncryptionServiceProvider->key()
#3 /media/suraiya/New Volume/Lomeyo-Work/Practice-Projects(Internship)/ogani-ecommerce/vendor/laravel/framework/src/Illuminate/Encryption/EncryptionServiceProvider.php(32): Illuminate\\Encryption\\EncryptionServiceProvider->parseKey()
#4 /media/suraiya/New Volume/Lomeyo-Work/Practice-Projects(Internship)/ogani-ecommerce/vendor/laravel/framework/src/Illuminate/Container/Container.php(910): Illuminate\\Encryption\\EncryptionServiceProvider->Illuminate\\Encryption\\{closure}()
#5 /media/suraiya/New Volume/Lomeyo-Work/Practice-Projects(Internship)/ogani-ecommerce/vendor/laravel/framework/src/Illuminate/Container/Container.php(795): Illuminate\\Container\\Container->build()
#6 /media/suraiya/New Volume/Lomeyo-Work/Practice-Projects(Internship)/ogani-ecommerce/vendor/laravel/framework/src/Illuminate/Foundation/Application.php(933): Illuminate\\Container\\Container->resolve()
#7 /media/suraiya/New Volume/Lomeyo-Work/Practice-Projects(Internship)/ogani-ecommerce/vendor/laravel/framework/src/Illuminate/Container/Container.php(731): Illuminate\\Foundation\\Application->resolve()
#8 /media/suraiya/New Volume/Lomeyo-Work/Practice-Projects(Internship)/ogani-ecommerce/vendor/laravel/framework/src/Illuminate/Foundation/Application.php(918): Illuminate\\Container\\Container->make()
#9 /media/suraiya/New Volume/Lomeyo-Work/Practice-Projects(Internship)/ogani-ecommerce/vendor/laravel/framework/src/Illuminate/Container/Container.php(1068): Illuminate\\Foundation\\Application->make()
#10 /media/suraiya/New Volume/Lomeyo-Work/Practice-Projects(Internship)/ogani-ecommerce/vendor/laravel/framework/src/Illuminate/Container/Container.php(984): Illuminate\\Container\\Container->resolveClass()
#11 /media/suraiya/New Volume/Lomeyo-Work/Practice-Projects(Internship)/ogani-ecommerce/vendor/laravel/framework/src/Illuminate/Container/Container.php(945): Illuminate\\Container\\Container->resolveDependencies()
#12 /media/suraiya/New Volume/Lomeyo-Work/Practice-Projects(Internship)/ogani-ecommerce/vendor/laravel/framework/src/Illuminate/Container/Container.php(795): Illuminate\\Container\\Container->build()
#13 /media/suraiya/New Volume/Lomeyo-Work/Practice-Projects(Internship)/ogani-ecommerce/vendor/laravel/framework/src/Illuminate/Foundation/Application.php(933): Illuminate\\Container\\Container->resolve()
#14 /media/suraiya/New Volume/Lomeyo-Work/Practice-Projects(Internship)/ogani-ecommerce/vendor/laravel/framework/src/Illuminate/Container/Container.php(731): Illuminate\\Foundation\\Application->resolve()
#15 /media/suraiya/New Volume/Lomeyo-Work/Practice-Projects(Internship)/ogani-ecommerce/vendor/laravel/framework/src/Illuminate/Foundation/Application.php(918): Illuminate\\Container\\Container->make()
#16 /media/suraiya/New Volume/Lomeyo-Work/Practice-Projects(Internship)/ogani-ecommerce/vendor/laravel/framework/src/Illuminate/Foundation/Http/Kernel.php(249): Illuminate\\Foundation\\Application->make()
#17 /media/suraiya/New Volume/Lomeyo-Work/Practice-Projects(Internship)/ogani-ecommerce/vendor/laravel/framework/src/Illuminate/Foundation/Http/Kernel.php(213): Illuminate\\Foundation\\Http\\Kernel->terminateMiddleware()
#18 /media/suraiya/New Volume/Lomeyo-Work/Practice-Projects(Internship)/ogani-ecommerce/public/index.php(55): Illuminate\\Foundation\\Http\\Kernel->terminate()
#19 /media/suraiya/New Volume/Lomeyo-Work/Practice-Projects(Internship)/ogani-ecommerce/vendor/laravel/framework/src/Illuminate/Foundation/resources/server.php(16): require_once('...')
#20 {main}
"} 
[2024-08-20 06:05:18] local.ERROR: $config must be a string or an array {"userId":2,"exception":"[object] (Stripe\\Exception\\InvalidArgumentException(code: 0): $config must be a string or an array at /media/suraiya/New Volume/Lomeyo-Work/Practice-Projects(Internship)/ogani-ecommerce/vendor/stripe/stripe-php/lib/BaseStripeClient.php:55)
[stacktrace]
#0 /media/suraiya/New Volume/Lomeyo-Work/Practice-Projects(Internship)/ogani-ecommerce/app/Http/Controllers/Frontend/CheckoutController.php(210): Stripe\\BaseStripeClient->__construct()
#1 /media/suraiya/New Volume/Lomeyo-Work/Practice-Projects(Internship)/ogani-ecommerce/vendor/laravel/framework/src/Illuminate/Routing/Controller.php(54): App\\Http\\Controllers\\Frontend\\CheckoutController->cashOnDeliveryPayment()
#2 /media/suraiya/New Volume/Lomeyo-Work/Practice-Projects(Internship)/ogani-ecommerce/vendor/laravel/framework/src/Illuminate/Routing/ControllerDispatcher.php(43): Illuminate\\Routing\\Controller->callAction()
#3 /media/suraiya/New Volume/Lomeyo-Work/Practice-Projects(Internship)/ogani-ecommerce/vendor/laravel/framework/src/Illuminate/Routing/Route.php(259): Illuminate\\Routing\\ControllerDispatcher->dispatch()
#4 /media/suraiya/New Volume/Lomeyo-Work/Practice-Projects(Internship)/ogani-ecommerce/vendor/laravel/framework/src/Illuminate/Routing/Route.php(205): Illuminate\\Routing\\Route->runController()
#5 /media/suraiya/New Volume/Lomeyo-Work/Practice-Projects(Internship)/ogani-ecommerce/vendor/laravel/framework/src/Illuminate/Routing/Router.php(799): Illuminate\\Routing\\Route->run()
#6 /media/suraiya/New Volume/Lomeyo-Work/Practice-Projects(Internship)/ogani-ecommerce/vendor/laravel/framework/src/Illuminate/Pipeline/Pipeline.php(141): Illuminate\\Routing\\Router->Illuminate\\Routing\\{closure}()
#7 /media/suraiya/New Volume/Lomeyo-Work/Practice-Projects(Internship)/ogani-ecommerce/vendor/laravel/framework/src/Illuminate/Routing/Middleware/SubstituteBindings.php(50): Illuminate\\Pipeline\\Pipeline->Illuminate\\Pipeline\\{closure}()
#8 /media/suraiya/New Volume/Lomeyo-Work/Practice-Projects(Internship)/ogani-ecommerce/vendor/laravel/framework/src/Illuminate/Pipeline/Pipeline.php(180): Illuminate\\Routing\\Middleware\\SubstituteBindings->handle()
#9 /media/suraiya/New Volume/Lomeyo-Work/Practice-Projects(Internship)/ogani-ecommerce/vendor/laravel/framework/src/Illuminate/Auth/Middleware/Authenticate.php(57): Illuminate\\Pipeline\\Pipeline->Illuminate\\Pipeline\\{closure}()
#10 /media/suraiya/New Volume/Lomeyo-Work/Practice-Projects(Internship)/ogani-ecommerce/vendor/laravel/framework/src/Illuminate/Pipeline/Pipeline.php(180): Illuminate\\Auth\\Middleware\\Authenticate->handle()
#11 /media/suraiya/New Volume/Lomeyo-Work/Practice-Projects(Internship)/ogani-ecommerce/vendor/laravel/framework/src/Illuminate/Foundation/Http/Middleware/VerifyCsrfToken.php(78): Illuminate\\Pipeline\\Pipeline->Illuminate\\Pipeline\\{closure}()
#12 /media/suraiya/New Volume/Lomeyo-Work/Practice-Projects(Internship)/ogani-ecommerce/vendor/laravel/framework/src/Illuminate/Pipeline/Pipeline.php(180): Illuminate\\Foundation\\Http\\Middleware\\VerifyCsrfToken->handle()
#13 /media/suraiya/New Volume/Lomeyo-Work/Practice-Projects(Internship)/ogani-ecommerce/vendor/laravel/framework/src/Illuminate/View/Middleware/ShareErrorsFromSession.php(49): Illuminate\\Pipeline\\Pipeline->Illuminate\\Pipeline\\{closure}()
#14 /media/suraiya/New Volume/Lomeyo-Work/Practice-Projects(Internship)/ogani-ecommerce/vendor/laravel/framework/src/Illuminate/Pipeline/Pipeline.php(180): Illuminate\\View\\Middleware\\ShareErrorsFromSession->handle()
#15 /media/suraiya/New Volume/Lomeyo-Work/Practice-Projects(Internship)/ogani-ecommerce/vendor/laravel/framework/src/Illuminate/Session/Middleware/StartSession.php(121): Illuminate\\Pipeline\\Pipeline->Illuminate\\Pipeline\\{closure}()
#16 /media/suraiya/New Volume/Lomeyo-Work/Practice-Projects(Internship)/ogani-ecommerce/vendor/laravel/framework/src/Illuminate/Session/Middleware/StartSession.php(64): Illuminate\\Session\\Middleware\\StartSession->handleStatefulRequest()
#17 /media/suraiya/New Volume/Lomeyo-Work/Practice-Projects(Internship)/ogani-ecommerce/vendor/laravel/framework/src/Illuminate/Pipeline/Pipeline.php(180): Illuminate\\Session\\Middleware\\StartSession->handle()
#18 /media/suraiya/New Volume/Lomeyo-Work/Practice-Projects(Internship)/ogani-ecommerce/vendor/laravel/framework/src/Illuminate/Cookie/Middleware/AddQueuedCookiesToResponse.php(37): Illuminate\\Pipeline\\Pipeline->Illuminate\\Pipeline\\{closure}()
#19 /media/suraiya/New Volume/Lomeyo-Work/Practice-Projects(Internship)/ogani-ecommerce/vendor/laravel/framework/src/Illuminate/Pipeline/Pipeline.php(180): Illuminate\\Cookie\\Middleware\\AddQueuedCookiesToResponse->handle()
#20 /media/suraiya/New Volume/Lomeyo-Work/Practice-Projects(Internship)/ogani-ecommerce/vendor/laravel/framework/src/Illuminate/Cookie/Middleware/EncryptCookies.php(67): Illuminate\\Pipeline\\Pipeline->Illuminate\\Pipeline\\{closure}()
#21 /media/suraiya/New Volume/Lomeyo-Work/Practice-Projects(Internship)/ogani-ecommerce/vendor/laravel/framework/src/Illuminate/Pipeline/Pipeline.php(180): Illuminate\\Cookie\\Middleware\\EncryptCookies->handle()
#22 /media/suraiya/New Volume/Lomeyo-Work/Practice-Projects(Internship)/ogani-ecommerce/vendor/laravel/framework/src/Illuminate/Pipeline/Pipeline.php(116): Illuminate\\Pipeline\\Pipeline->Illuminate\\Pipeline\\{closure}()
#23 /media/suraiya/New Volume/Lomeyo-Work/Practice-Projects(Internship)/ogani-ecommerce/vendor/laravel/framework/src/Illuminate/Routing/Router.php(798): Illuminate\\Pipeline\\Pipeline->then()
#24 /media/suraiya/New Volume/Lomeyo-Work/Practice-Projects(Internship)/ogani-ecommerce/vendor/laravel/framework/src/Illuminate/Routing/Router.php(777): Illuminate\\Routing\\Router->runRouteWithinStack()
#25 /media/suraiya/New Volume/Lomeyo-Work/Practice-Projects(Internship)/ogani-ecommerce/vendor/laravel/framework/src/Illuminate/Routing/Router.php(741): Illuminate\\Routing\\Router->runRoute()
#26 /media/suraiya/New Volume/Lomeyo-Work/Practice-Projects(Internship)/ogani-ecommerce/vendor/laravel/framework/src/Illuminate/Routing/Router.php(730): Illuminate\\Routing\\Router->dispatchToRoute()
#27 /media/suraiya/New Volume/Lomeyo-Work/Practice-Projects(Internship)/ogani-ecommerce/vendor/laravel/framework/src/Illuminate/Foundation/Http/Kernel.php(200): Illuminate\\Routing\\Router->dispatch()
#28 /media/suraiya/New Volume/Lomeyo-Work/Practice-Projects(Internship)/ogani-ecommerce/vendor/laravel/framework/src/Illuminate/Pipeline/Pipeline.php(141): Illuminate\\Foundation\\Http\\Kernel->Illuminate\\Foundation\\Http\\{closure}()
#29 /media/suraiya/New Volume/Lomeyo-Work/Practice-Projects(Internship)/ogani-ecommerce/vendor/laravel/framework/src/Illuminate/Foundation/Http/Middleware/TransformsRequest.php(21): Illuminate\\Pipeline\\Pipeline->Illuminate\\Pipeline\\{closure}()
#30 /media/suraiya/New Volume/Lomeyo-Work/Practice-Projects(Internship)/ogani-ecommerce/vendor/laravel/framework/src/Illuminate/Foundation/Http/Middleware/ConvertEmptyStringsToNull.php(31): Illuminate\\Foundation\\Http\\Middleware\\TransformsRequest->handle()
#31 /media/suraiya/New Volume/Lomeyo-Work/Practice-Projects(Internship)/ogani-ecommerce/vendor/laravel/framework/src/Illuminate/Pipeline/Pipeline.php(180): Illuminate\\Foundation\\Http\\Middleware\\ConvertEmptyStringsToNull->handle()
#32 /media/suraiya/New Volume/Lomeyo-Work/Practice-Projects(Internship)/ogani-ecommerce/vendor/laravel/framework/src/Illuminate/Foundation/Http/Middleware/TransformsRequest.php(21): Illuminate\\Pipeline\\Pipeline->Illuminate\\Pipeline\\{closure}()
#33 /media/suraiya/New Volume/Lomeyo-Work/Practice-Projects(Internship)/ogani-ecommerce/vendor/laravel/framework/src/Illuminate/Foundation/Http/Middleware/TrimStrings.php(40): Illuminate\\Foundation\\Http\\Middleware\\TransformsRequest->handle()
#34 /media/suraiya/New Volume/Lomeyo-Work/Practice-Projects(Internship)/ogani-ecommerce/vendor/laravel/framework/src/Illuminate/Pipeline/Pipeline.php(180): Illuminate\\Foundation\\Http\\Middleware\\TrimStrings->handle()
#35 /media/suraiya/New Volume/Lomeyo-Work/Practice-Projects(Internship)/ogani-ecommerce/vendor/laravel/framework/src/Illuminate/Foundation/Http/Middleware/ValidatePostSize.php(27): Illuminate\\Pipeline\\Pipeline->Illuminate\\Pipeline\\{closure}()
#36 /media/suraiya/New Volume/Lomeyo-Work/Practice-Projects(Internship)/ogani-ecommerce/vendor/laravel/framework/src/Illuminate/Pipeline/Pipeline.php(180): Illuminate\\Foundation\\Http\\Middleware\\ValidatePostSize->handle()
#37 /media/suraiya/New Volume/Lomeyo-Work/Practice-Projects(Internship)/ogani-ecommerce/vendor/laravel/framework/src/Illuminate/Foundation/Http/Middleware/PreventRequestsDuringMaintenance.php(86): Illuminate\\Pipeline\\Pipeline->Illuminate\\Pipeline\\{closure}()
#38 /media/suraiya/New Volume/Lomeyo-Work/Practice-Projects(Internship)/ogani-ecommerce/vendor/laravel/framework/src/Illuminate/Pipeline/Pipeline.php(180): Illuminate\\Foundation\\Http\\Middleware\\PreventRequestsDuringMaintenance->handle()
#39 /media/suraiya/New Volume/Lomeyo-Work/Practice-Projects(Internship)/ogani-ecommerce/vendor/laravel/framework/src/Illuminate/Http/Middleware/HandleCors.php(49): Illuminate\\Pipeline\\Pipeline->Illuminate\\Pipeline\\{closure}()
#40 /media/suraiya/New Volume/Lomeyo-Work/Practice-Projects(Internship)/ogani-ecommerce/vendor/laravel/framework/src/Illuminate/Pipeline/Pipeline.php(180): Illuminate\\Http\\Middleware\\HandleCors->handle()
#41 /media/suraiya/New Volume/Lomeyo-Work/Practice-Projects(Internship)/ogani-ecommerce/vendor/laravel/framework/src/Illuminate/Http/Middleware/TrustProxies.php(39): Illuminate\\Pipeline\\Pipeline->Illuminate\\Pipeline\\{closure}()
#42 /media/suraiya/New Volume/Lomeyo-Work/Practice-Projects(Internship)/ogani-ecommerce/vendor/laravel/framework/src/Illuminate/Pipeline/Pipeline.php(180): Illuminate\\Http\\Middleware\\TrustProxies->handle()
#43 /media/suraiya/New Volume/Lomeyo-Work/Practice-Projects(Internship)/ogani-ecommerce/vendor/laravel/framework/src/Illuminate/Pipeline/Pipeline.php(116): Illuminate\\Pipeline\\Pipeline->Illuminate\\Pipeline\\{closure}()
#44 /media/suraiya/New Volume/Lomeyo-Work/Practice-Projects(Internship)/ogani-ecommerce/vendor/laravel/framework/src/Illuminate/Foundation/Http/Kernel.php(175): Illuminate\\Pipeline\\Pipeline->then()
#45 /media/suraiya/New Volume/Lomeyo-Work/Practice-Projects(Internship)/ogani-ecommerce/vendor/laravel/framework/src/Illuminate/Foundation/Http/Kernel.php(144): Illuminate\\Foundation\\Http\\Kernel->sendRequestThroughRouter()
#46 /media/suraiya/New Volume/Lomeyo-Work/Practice-Projects(Internship)/ogani-ecommerce/public/index.php(51): Illuminate\\Foundation\\Http\\Kernel->handle()
#47 /media/suraiya/New Volume/Lomeyo-Work/Practice-Projects(Internship)/ogani-ecommerce/vendor/laravel/framework/src/Illuminate/Foundation/resources/server.php(16): require_once('...')
#48 {main}
"} 
[2024-08-20 06:06:17] local.ERROR: $config must be a string or an array {"userId":2,"exception":"[object] (Stripe\\Exception\\InvalidArgumentException(code: 0): $config must be a string or an array at /media/suraiya/New Volume/Lomeyo-Work/Practice-Projects(Internship)/ogani-ecommerce/vendor/stripe/stripe-php/lib/BaseStripeClient.php:55)
[stacktrace]
#0 /media/suraiya/New Volume/Lomeyo-Work/Practice-Projects(Internship)/ogani-ecommerce/app/Http/Controllers/Frontend/CheckoutController.php(210): Stripe\\BaseStripeClient->__construct()
#1 /media/suraiya/New Volume/Lomeyo-Work/Practice-Projects(Internship)/ogani-ecommerce/vendor/laravel/framework/src/Illuminate/Routing/Controller.php(54): App\\Http\\Controllers\\Frontend\\CheckoutController->cashOnDeliveryPayment()
#2 /media/suraiya/New Volume/Lomeyo-Work/Practice-Projects(Internship)/ogani-ecommerce/vendor/laravel/framework/src/Illuminate/Routing/ControllerDispatcher.php(43): Illuminate\\Routing\\Controller->callAction()
#3 /media/suraiya/New Volume/Lomeyo-Work/Practice-Projects(Internship)/ogani-ecommerce/vendor/laravel/framework/src/Illuminate/Routing/Route.php(259): Illuminate\\Routing\\ControllerDispatcher->dispatch()
#4 /media/suraiya/New Volume/Lomeyo-Work/Practice-Projects(Internship)/ogani-ecommerce/vendor/laravel/framework/src/Illuminate/Routing/Route.php(205): Illuminate\\Routing\\Route->runController()
#5 /media/suraiya/New Volume/Lomeyo-Work/Practice-Projects(Internship)/ogani-ecommerce/vendor/laravel/framework/src/Illuminate/Routing/Router.php(799): Illuminate\\Routing\\Route->run()
#6 /media/suraiya/New Volume/Lomeyo-Work/Practice-Projects(Internship)/ogani-ecommerce/vendor/laravel/framework/src/Illuminate/Pipeline/Pipeline.php(141): Illuminate\\Routing\\Router->Illuminate\\Routing\\{closure}()
#7 /media/suraiya/New Volume/Lomeyo-Work/Practice-Projects(Internship)/ogani-ecommerce/vendor/laravel/framework/src/Illuminate/Routing/Middleware/SubstituteBindings.php(50): Illuminate\\Pipeline\\Pipeline->Illuminate\\Pipeline\\{closure}()
#8 /media/suraiya/New Volume/Lomeyo-Work/Practice-Projects(Internship)/ogani-ecommerce/vendor/laravel/framework/src/Illuminate/Pipeline/Pipeline.php(180): Illuminate\\Routing\\Middleware\\SubstituteBindings->handle()
#9 /media/suraiya/New Volume/Lomeyo-Work/Practice-Projects(Internship)/ogani-ecommerce/vendor/laravel/framework/src/Illuminate/Auth/Middleware/Authenticate.php(57): Illuminate\\Pipeline\\Pipeline->Illuminate\\Pipeline\\{closure}()
#10 /media/suraiya/New Volume/Lomeyo-Work/Practice-Projects(Internship)/ogani-ecommerce/vendor/laravel/framework/src/Illuminate/Pipeline/Pipeline.php(180): Illuminate\\Auth\\Middleware\\Authenticate->handle()
#11 /media/suraiya/New Volume/Lomeyo-Work/Practice-Projects(Internship)/ogani-ecommerce/vendor/laravel/framework/src/Illuminate/Foundation/Http/Middleware/VerifyCsrfToken.php(78): Illuminate\\Pipeline\\Pipeline->Illuminate\\Pipeline\\{closure}()
#12 /media/suraiya/New Volume/Lomeyo-Work/Practice-Projects(Internship)/ogani-ecommerce/vendor/laravel/framework/src/Illuminate/Pipeline/Pipeline.php(180): Illuminate\\Foundation\\Http\\Middleware\\VerifyCsrfToken->handle()
#13 /media/suraiya/New Volume/Lomeyo-Work/Practice-Projects(Internship)/ogani-ecommerce/vendor/laravel/framework/src/Illuminate/View/Middleware/ShareErrorsFromSession.php(49): Illuminate\\Pipeline\\Pipeline->Illuminate\\Pipeline\\{closure}()
#14 /media/suraiya/New Volume/Lomeyo-Work/Practice-Projects(Internship)/ogani-ecommerce/vendor/laravel/framework/src/Illuminate/Pipeline/Pipeline.php(180): Illuminate\\View\\Middleware\\ShareErrorsFromSession->handle()
#15 /media/suraiya/New Volume/Lomeyo-Work/Practice-Projects(Internship)/ogani-ecommerce/vendor/laravel/framework/src/Illuminate/Session/Middleware/StartSession.php(121): Illuminate\\Pipeline\\Pipeline->Illuminate\\Pipeline\\{closure}()
#16 /media/suraiya/New Volume/Lomeyo-Work/Practice-Projects(Internship)/ogani-ecommerce/vendor/laravel/framework/src/Illuminate/Session/Middleware/StartSession.php(64): Illuminate\\Session\\Middleware\\StartSession->handleStatefulRequest()
#17 /media/suraiya/New Volume/Lomeyo-Work/Practice-Projects(Internship)/ogani-ecommerce/vendor/laravel/framework/src/Illuminate/Pipeline/Pipeline.php(180): Illuminate\\Session\\Middleware\\StartSession->handle()
#18 /media/suraiya/New Volume/Lomeyo-Work/Practice-Projects(Internship)/ogani-ecommerce/vendor/laravel/framework/src/Illuminate/Cookie/Middleware/AddQueuedCookiesToResponse.php(37): Illuminate\\Pipeline\\Pipeline->Illuminate\\Pipeline\\{closure}()
#19 /media/suraiya/New Volume/Lomeyo-Work/Practice-Projects(Internship)/ogani-ecommerce/vendor/laravel/framework/src/Illuminate/Pipeline/Pipeline.php(180): Illuminate\\Cookie\\Middleware\\AddQueuedCookiesToResponse->handle()
#20 /media/suraiya/New Volume/Lomeyo-Work/Practice-Projects(Internship)/ogani-ecommerce/vendor/laravel/framework/src/Illuminate/Cookie/Middleware/EncryptCookies.php(67): Illuminate\\Pipeline\\Pipeline->Illuminate\\Pipeline\\{closure}()
#21 /media/suraiya/New Volume/Lomeyo-Work/Practice-Projects(Internship)/ogani-ecommerce/vendor/laravel/framework/src/Illuminate/Pipeline/Pipeline.php(180): Illuminate\\Cookie\\Middleware\\EncryptCookies->handle()
#22 /media/suraiya/New Volume/Lomeyo-Work/Practice-Projects(Internship)/ogani-ecommerce/vendor/laravel/framework/src/Illuminate/Pipeline/Pipeline.php(116): Illuminate\\Pipeline\\Pipeline->Illuminate\\Pipeline\\{closure}()
#23 /media/suraiya/New Volume/Lomeyo-Work/Practice-Projects(Internship)/ogani-ecommerce/vendor/laravel/framework/src/Illuminate/Routing/Router.php(798): Illuminate\\Pipeline\\Pipeline->then()
#24 /media/suraiya/New Volume/Lomeyo-Work/Practice-Projects(Internship)/ogani-ecommerce/vendor/laravel/framework/src/Illuminate/Routing/Router.php(777): Illuminate\\Routing\\Router->runRouteWithinStack()
#25 /media/suraiya/New Volume/Lomeyo-Work/Practice-Projects(Internship)/ogani-ecommerce/vendor/laravel/framework/src/Illuminate/Routing/Router.php(741): Illuminate\\Routing\\Router->runRoute()
#26 /media/suraiya/New Volume/Lomeyo-Work/Practice-Projects(Internship)/ogani-ecommerce/vendor/laravel/framework/src/Illuminate/Routing/Router.php(730): Illuminate\\Routing\\Router->dispatchToRoute()
#27 /media/suraiya/New Volume/Lomeyo-Work/Practice-Projects(Internship)/ogani-ecommerce/vendor/laravel/framework/src/Illuminate/Foundation/Http/Kernel.php(200): Illuminate\\Routing\\Router->dispatch()
#28 /media/suraiya/New Volume/Lomeyo-Work/Practice-Projects(Internship)/ogani-ecommerce/vendor/laravel/framework/src/Illuminate/Pipeline/Pipeline.php(141): Illuminate\\Foundation\\Http\\Kernel->Illuminate\\Foundation\\Http\\{closure}()
#29 /media/suraiya/New Volume/Lomeyo-Work/Practice-Projects(Internship)/ogani-ecommerce/vendor/laravel/framework/src/Illuminate/Foundation/Http/Middleware/TransformsRequest.php(21): Illuminate\\Pipeline\\Pipeline->Illuminate\\Pipeline\\{closure}()
#30 /media/suraiya/New Volume/Lomeyo-Work/Practice-Projects(Internship)/ogani-ecommerce/vendor/laravel/framework/src/Illuminate/Foundation/Http/Middleware/ConvertEmptyStringsToNull.php(31): Illuminate\\Foundation\\Http\\Middleware\\TransformsRequest->handle()
#31 /media/suraiya/New Volume/Lomeyo-Work/Practice-Projects(Internship)/ogani-ecommerce/vendor/laravel/framework/src/Illuminate/Pipeline/Pipeline.php(180): Illuminate\\Foundation\\Http\\Middleware\\ConvertEmptyStringsToNull->handle()
#32 /media/suraiya/New Volume/Lomeyo-Work/Practice-Projects(Internship)/ogani-ecommerce/vendor/laravel/framework/src/Illuminate/Foundation/Http/Middleware/TransformsRequest.php(21): Illuminate\\Pipeline\\Pipeline->Illuminate\\Pipeline\\{closure}()
#33 /media/suraiya/New Volume/Lomeyo-Work/Practice-Projects(Internship)/ogani-ecommerce/vendor/laravel/framework/src/Illuminate/Foundation/Http/Middleware/TrimStrings.php(40): Illuminate\\Foundation\\Http\\Middleware\\TransformsRequest->handle()
#34 /media/suraiya/New Volume/Lomeyo-Work/Practice-Projects(Internship)/ogani-ecommerce/vendor/laravel/framework/src/Illuminate/Pipeline/Pipeline.php(180): Illuminate\\Foundation\\Http\\Middleware\\TrimStrings->handle()
#35 /media/suraiya/New Volume/Lomeyo-Work/Practice-Projects(Internship)/ogani-ecommerce/vendor/laravel/framework/src/Illuminate/Foundation/Http/Middleware/ValidatePostSize.php(27): Illuminate\\Pipeline\\Pipeline->Illuminate\\Pipeline\\{closure}()
#36 /media/suraiya/New Volume/Lomeyo-Work/Practice-Projects(Internship)/ogani-ecommerce/vendor/laravel/framework/src/Illuminate/Pipeline/Pipeline.php(180): Illuminate\\Foundation\\Http\\Middleware\\ValidatePostSize->handle()
#37 /media/suraiya/New Volume/Lomeyo-Work/Practice-Projects(Internship)/ogani-ecommerce/vendor/laravel/framework/src/Illuminate/Foundation/Http/Middleware/PreventRequestsDuringMaintenance.php(86): Illuminate\\Pipeline\\Pipeline->Illuminate\\Pipeline\\{closure}()
#38 /media/suraiya/New Volume/Lomeyo-Work/Practice-Projects(Internship)/ogani-ecommerce/vendor/laravel/framework/src/Illuminate/Pipeline/Pipeline.php(180): Illuminate\\Foundation\\Http\\Middleware\\PreventRequestsDuringMaintenance->handle()
#39 /media/suraiya/New Volume/Lomeyo-Work/Practice-Projects(Internship)/ogani-ecommerce/vendor/laravel/framework/src/Illuminate/Http/Middleware/HandleCors.php(49): Illuminate\\Pipeline\\Pipeline->Illuminate\\Pipeline\\{closure}()
#40 /media/suraiya/New Volume/Lomeyo-Work/Practice-Projects(Internship)/ogani-ecommerce/vendor/laravel/framework/src/Illuminate/Pipeline/Pipeline.php(180): Illuminate\\Http\\Middleware\\HandleCors->handle()
#41 /media/suraiya/New Volume/Lomeyo-Work/Practice-Projects(Internship)/ogani-ecommerce/vendor/laravel/framework/src/Illuminate/Http/Middleware/TrustProxies.php(39): Illuminate\\Pipeline\\Pipeline->Illuminate\\Pipeline\\{closure}()
#42 /media/suraiya/New Volume/Lomeyo-Work/Practice-Projects(Internship)/ogani-ecommerce/vendor/laravel/framework/src/Illuminate/Pipeline/Pipeline.php(180): Illuminate\\Http\\Middleware\\TrustProxies->handle()
#43 /media/suraiya/New Volume/Lomeyo-Work/Practice-Projects(Internship)/ogani-ecommerce/vendor/laravel/framework/src/Illuminate/Pipeline/Pipeline.php(116): Illuminate\\Pipeline\\Pipeline->Illuminate\\Pipeline\\{closure}()
#44 /media/suraiya/New Volume/Lomeyo-Work/Practice-Projects(Internship)/ogani-ecommerce/vendor/laravel/framework/src/Illuminate/Foundation/Http/Kernel.php(175): Illuminate\\Pipeline\\Pipeline->then()
#45 /media/suraiya/New Volume/Lomeyo-Work/Practice-Projects(Internship)/ogani-ecommerce/vendor/laravel/framework/src/Illuminate/Foundation/Http/Kernel.php(144): Illuminate\\Foundation\\Http\\Kernel->sendRequestThroughRouter()
#46 /media/suraiya/New Volume/Lomeyo-Work/Practice-Projects(Internship)/ogani-ecommerce/public/index.php(51): Illuminate\\Foundation\\Http\\Kernel->handle()
#47 /media/suraiya/New Volume/Lomeyo-Work/Practice-Projects(Internship)/ogani-ecommerce/vendor/laravel/framework/src/Illuminate/Foundation/resources/server.php(16): require_once('...')
#48 {main}
"} 
[2024-08-20 06:33:59] local.ERROR: Call to undefined method Database\Factories\ProductFactory::getRandomImage() {"exception":"[object] (BadMethodCallException(code: 0): Call to undefined method Database\\Factories\\ProductFactory::getRandomImage() at /media/suraiya/New Volume/Lomeyo-Work/Practice-Projects(Internship)/ogani-ecommerce/vendor/laravel/framework/src/Illuminate/Support/Traits/ForwardsCalls.php:71)
[stacktrace]
#0 /media/suraiya/New Volume/Lomeyo-Work/Practice-Projects(Internship)/ogani-ecommerce/vendor/laravel/framework/src/Illuminate/Database/Eloquent/Factories/Factory.php(902): Illuminate\\Database\\Eloquent\\Factories\\Factory::throwBadMethodCallException()
#1 /media/suraiya/New Volume/Lomeyo-Work/Practice-Projects(Internship)/ogani-ecommerce/database/factories/ProductFactory.php(39): Illuminate\\Database\\Eloquent\\Factories\\Factory->__call()
#2 /media/suraiya/New Volume/Lomeyo-Work/Practice-Projects(Internship)/ogani-ecommerce/vendor/laravel/framework/src/Illuminate/Database/Eloquent/Factories/Factory.php(446): Database\\Factories\\ProductFactory->definition()
#3 /media/suraiya/New Volume/Lomeyo-Work/Practice-Projects(Internship)/ogani-ecommerce/vendor/laravel/framework/src/Illuminate/Database/Eloquent/Factories/Factory.php(425): Illuminate\\Database\\Eloquent\\Factories\\Factory->getRawAttributes()
#4 /media/suraiya/New Volume/Lomeyo-Work/Practice-Projects(Internship)/ogani-ecommerce/vendor/laravel/framework/src/Illuminate/Database/Eloquent/Factories/Factory.php(409): Illuminate\\Database\\Eloquent\\Factories\\Factory->getExpandedAttributes()
#5 /media/suraiya/New Volume/Lomeyo-Work/Practice-Projects(Internship)/ogani-ecommerce/vendor/laravel/framework/src/Illuminate/Database/Eloquent/Concerns/GuardsAttributes.php(149): Illuminate\\Database\\Eloquent\\Factories\\Factory->Illuminate\\Database\\Eloquent\\Factories\\{closure}()
#6 /media/suraiya/New Volume/Lomeyo-Work/Practice-Projects(Internship)/ogani-ecommerce/vendor/laravel/framework/src/Illuminate/Database/Eloquent/Factories/Factory.php(408): Illuminate\\Database\\Eloquent\\Model::unguarded()
#7 /media/suraiya/New Volume/Lomeyo-Work/Practice-Projects(Internship)/ogani-ecommerce/vendor/laravel/framework/src/Illuminate/Database/Eloquent/Factories/Factory.php(392): Illuminate\\Database\\Eloquent\\Factories\\Factory->makeInstance()
#8 [internal function]: Illuminate\\Database\\Eloquent\\Factories\\Factory->Illuminate\\Database\\Eloquent\\Factories\\{closure}()
#9 /media/suraiya/New Volume/Lomeyo-Work/Practice-Projects(Internship)/ogani-ecommerce/vendor/laravel/framework/src/Illuminate/Database/Eloquent/Factories/Factory.php(391): array_map()
#10 /media/suraiya/New Volume/Lomeyo-Work/Practice-Projects(Internship)/ogani-ecommerce/vendor/laravel/framework/src/Illuminate/Database/Eloquent/Factories/Factory.php(276): Illuminate\\Database\\Eloquent\\Factories\\Factory->make()
#11 /media/suraiya/New Volume/Lomeyo-Work/Practice-Projects(Internship)/ogani-ecommerce/database/seeders/ProductSeeder.php(28): Illuminate\\Database\\Eloquent\\Factories\\Factory->create()
#12 /media/suraiya/New Volume/Lomeyo-Work/Practice-Projects(Internship)/ogani-ecommerce/vendor/laravel/framework/src/Illuminate/Container/BoundMethod.php(36): Database\\Seeders\\ProductSeeder->run()
#13 /media/suraiya/New Volume/Lomeyo-Work/Practice-Projects(Internship)/ogani-ecommerce/vendor/laravel/framework/src/Illuminate/Container/Util.php(41): Illuminate\\Container\\BoundMethod::Illuminate\\Container\\{closure}()
#14 /media/suraiya/New Volume/Lomeyo-Work/Practice-Projects(Internship)/ogani-ecommerce/vendor/laravel/framework/src/Illuminate/Container/BoundMethod.php(93): Illuminate\\Container\\Util::unwrapIfClosure()
#15 /media/suraiya/New Volume/Lomeyo-Work/Practice-Projects(Internship)/ogani-ecommerce/vendor/laravel/framework/src/Illuminate/Container/BoundMethod.php(35): Illuminate\\Container\\BoundMethod::callBoundMethod()
#16 /media/suraiya/New Volume/Lomeyo-Work/Practice-Projects(Internship)/ogani-ecommerce/vendor/laravel/framework/src/Illuminate/Container/Container.php(662): Illuminate\\Container\\BoundMethod::call()
#17 /media/suraiya/New Volume/Lomeyo-Work/Practice-Projects(Internship)/ogani-ecommerce/vendor/laravel/framework/src/Illuminate/Database/Seeder.php(184): Illuminate\\Container\\Container->call()
#18 /media/suraiya/New Volume/Lomeyo-Work/Practice-Projects(Internship)/ogani-ecommerce/vendor/laravel/framework/src/Illuminate/Database/Seeder.php(193): Illuminate\\Database\\Seeder->Illuminate\\Database\\{closure}()
#19 /media/suraiya/New Volume/Lomeyo-Work/Practice-Projects(Internship)/ogani-ecommerce/vendor/laravel/framework/src/Illuminate/Database/Seeder.php(61): Illuminate\\Database\\Seeder->__invoke()
#20 /media/suraiya/New Volume/Lomeyo-Work/Practice-Projects(Internship)/ogani-ecommerce/database/seeders/DatabaseSeeder.php(22): Illuminate\\Database\\Seeder->call()
#21 /media/suraiya/New Volume/Lomeyo-Work/Practice-Projects(Internship)/ogani-ecommerce/vendor/laravel/framework/src/Illuminate/Container/BoundMethod.php(36): Database\\Seeders\\DatabaseSeeder->run()
#22 /media/suraiya/New Volume/Lomeyo-Work/Practice-Projects(Internship)/ogani-ecommerce/vendor/laravel/framework/src/Illuminate/Container/Util.php(41): Illuminate\\Container\\BoundMethod::Illuminate\\Container\\{closure}()
#23 /media/suraiya/New Volume/Lomeyo-Work/Practice-Projects(Internship)/ogani-ecommerce/vendor/laravel/framework/src/Illuminate/Container/BoundMethod.php(93): Illuminate\\Container\\Util::unwrapIfClosure()
#24 /media/suraiya/New Volume/Lomeyo-Work/Practice-Projects(Internship)/ogani-ecommerce/vendor/laravel/framework/src/Illuminate/Container/BoundMethod.php(35): Illuminate\\Container\\BoundMethod::callBoundMethod()
#25 /media/suraiya/New Volume/Lomeyo-Work/Practice-Projects(Internship)/ogani-ecommerce/vendor/laravel/framework/src/Illuminate/Container/Container.php(662): Illuminate\\Container\\BoundMethod::call()
#26 /media/suraiya/New Volume/Lomeyo-Work/Practice-Projects(Internship)/ogani-ecommerce/vendor/laravel/framework/src/Illuminate/Database/Seeder.php(184): Illuminate\\Container\\Container->call()
#27 /media/suraiya/New Volume/Lomeyo-Work/Practice-Projects(Internship)/ogani-ecommerce/vendor/laravel/framework/src/Illuminate/Database/Seeder.php(193): Illuminate\\Database\\Seeder->Illuminate\\Database\\{closure}()
#28 /media/suraiya/New Volume/Lomeyo-Work/Practice-Projects(Internship)/ogani-ecommerce/vendor/laravel/framework/src/Illuminate/Database/Console/Seeds/SeedCommand.php(70): Illuminate\\Database\\Seeder->__invoke()
#29 /media/suraiya/New Volume/Lomeyo-Work/Practice-Projects(Internship)/ogani-ecommerce/vendor/laravel/framework/src/Illuminate/Database/Eloquent/Concerns/GuardsAttributes.php(155): Illuminate\\Database\\Console\\Seeds\\SeedCommand->Illuminate\\Database\\Console\\Seeds\\{closure}()
#30 /media/suraiya/New Volume/Lomeyo-Work/Practice-Projects(Internship)/ogani-ecommerce/vendor/laravel/framework/src/Illuminate/Database/Console/Seeds/SeedCommand.php(69): Illuminate\\Database\\Eloquent\\Model::unguarded()
#31 /media/suraiya/New Volume/Lomeyo-Work/Practice-Projects(Internship)/ogani-ecommerce/vendor/laravel/framework/src/Illuminate/Container/BoundMethod.php(36): Illuminate\\Database\\Console\\Seeds\\SeedCommand->handle()
#32 /media/suraiya/New Volume/Lomeyo-Work/Practice-Projects(Internship)/ogani-ecommerce/vendor/laravel/framework/src/Illuminate/Container/Util.php(41): Illuminate\\Container\\BoundMethod::Illuminate\\Container\\{closure}()
#33 /media/suraiya/New Volume/Lomeyo-Work/Practice-Projects(Internship)/ogani-ecommerce/vendor/laravel/framework/src/Illuminate/Container/BoundMethod.php(93): Illuminate\\Container\\Util::unwrapIfClosure()
#34 /media/suraiya/New Volume/Lomeyo-Work/Practice-Projects(Internship)/ogani-ecommerce/vendor/laravel/framework/src/Illuminate/Container/BoundMethod.php(35): Illuminate\\Container\\BoundMethod::callBoundMethod()
#35 /media/suraiya/New Volume/Lomeyo-Work/Practice-Projects(Internship)/ogani-ecommerce/vendor/laravel/framework/src/Illuminate/Container/Container.php(662): Illuminate\\Container\\BoundMethod::call()
#36 /media/suraiya/New Volume/Lomeyo-Work/Practice-Projects(Internship)/ogani-ecommerce/vendor/laravel/framework/src/Illuminate/Console/Command.php(208): Illuminate\\Container\\Container->call()
#37 /media/suraiya/New Volume/Lomeyo-Work/Practice-Projects(Internship)/ogani-ecommerce/vendor/symfony/console/Command/Command.php(326): Illuminate\\Console\\Command->execute()
#38 /media/suraiya/New Volume/Lomeyo-Work/Practice-Projects(Internship)/ogani-ecommerce/vendor/laravel/framework/src/Illuminate/Console/Command.php(177): Symfony\\Component\\Console\\Command\\Command->run()
#39 /media/suraiya/New Volume/Lomeyo-Work/Practice-Projects(Internship)/ogani-ecommerce/vendor/laravel/framework/src/Illuminate/Console/Concerns/CallsCommands.php(67): Illuminate\\Console\\Command->run()
#40 /media/suraiya/New Volume/Lomeyo-Work/Practice-Projects(Internship)/ogani-ecommerce/vendor/laravel/framework/src/Illuminate/Console/Concerns/CallsCommands.php(28): Illuminate\\Console\\Command->runCommand()
#41 /media/suraiya/New Volume/Lomeyo-Work/Practice-Projects(Internship)/ogani-ecommerce/vendor/laravel/framework/src/Illuminate/Database/Console/Migrations/FreshCommand.php(93): Illuminate\\Console\\Command->call()
#42 /media/suraiya/New Volume/Lomeyo-Work/Practice-Projects(Internship)/ogani-ecommerce/vendor/laravel/framework/src/Illuminate/Database/Console/Migrations/FreshCommand.php(69): Illuminate\\Database\\Console\\Migrations\\FreshCommand->runSeeder()
#43 /media/suraiya/New Volume/Lomeyo-Work/Practice-Projects(Internship)/ogani-ecommerce/vendor/laravel/framework/src/Illuminate/Container/BoundMethod.php(36): Illuminate\\Database\\Console\\Migrations\\FreshCommand->handle()
#44 /media/suraiya/New Volume/Lomeyo-Work/Practice-Projects(Internship)/ogani-ecommerce/vendor/laravel/framework/src/Illuminate/Container/Util.php(41): Illuminate\\Container\\BoundMethod::Illuminate\\Container\\{closure}()
#45 /media/suraiya/New Volume/Lomeyo-Work/Practice-Projects(Internship)/ogani-ecommerce/vendor/laravel/framework/src/Illuminate/Container/BoundMethod.php(93): Illuminate\\Container\\Util::unwrapIfClosure()
#46 /media/suraiya/New Volume/Lomeyo-Work/Practice-Projects(Internship)/ogani-ecommerce/vendor/laravel/framework/src/Illuminate/Container/BoundMethod.php(35): Illuminate\\Container\\BoundMethod::callBoundMethod()
#47 /media/suraiya/New Volume/Lomeyo-Work/Practice-Projects(Internship)/ogani-ecommerce/vendor/laravel/framework/src/Illuminate/Container/Container.php(662): Illuminate\\Container\\BoundMethod::call()
#48 /media/suraiya/New Volume/Lomeyo-Work/Practice-Projects(Internship)/ogani-ecommerce/vendor/laravel/framework/src/Illuminate/Console/Command.php(208): Illuminate\\Container\\Container->call()
#49 /media/suraiya/New Volume/Lomeyo-Work/Practice-Projects(Internship)/ogani-ecommerce/vendor/symfony/console/Command/Command.php(326): Illuminate\\Console\\Command->execute()
#50 /media/suraiya/New Volume/Lomeyo-Work/Practice-Projects(Internship)/ogani-ecommerce/vendor/laravel/framework/src/Illuminate/Console/Command.php(177): Symfony\\Component\\Console\\Command\\Command->run()
#51 /media/suraiya/New Volume/Lomeyo-Work/Practice-Projects(Internship)/ogani-ecommerce/vendor/symfony/console/Application.php(1081): Illuminate\\Console\\Command->run()
#52 /media/suraiya/New Volume/Lomeyo-Work/Practice-Projects(Internship)/ogani-ecommerce/vendor/symfony/console/Application.php(320): Symfony\\Component\\Console\\Application->doRunCommand()
#53 /media/suraiya/New Volume/Lomeyo-Work/Practice-Projects(Internship)/ogani-ecommerce/vendor/symfony/console/Application.php(174): Symfony\\Component\\Console\\Application->doRun()
#54 /media/suraiya/New Volume/Lomeyo-Work/Practice-Projects(Internship)/ogani-ecommerce/vendor/laravel/framework/src/Illuminate/Foundation/Console/Kernel.php(200): Symfony\\Component\\Console\\Application->run()
#55 /media/suraiya/New Volume/Lomeyo-Work/Practice-Projects(Internship)/ogani-ecommerce/artisan(35): Illuminate\\Foundation\\Console\\Kernel->handle()
#56 {main}
"} 
[2024-08-20 07:07:28] local.ERROR: Call to undefined method Database\Factories\ProductFactory::getRandomImage() {"exception":"[object] (BadMethodCallException(code: 0): Call to undefined method Database\\Factories\\ProductFactory::getRandomImage() at /media/suraiya/New Volume/Lomeyo-Work/Practice-Projects(Internship)/ogani-ecommerce/vendor/laravel/framework/src/Illuminate/Support/Traits/ForwardsCalls.php:71)
[stacktrace]
#0 /media/suraiya/New Volume/Lomeyo-Work/Practice-Projects(Internship)/ogani-ecommerce/vendor/laravel/framework/src/Illuminate/Database/Eloquent/Factories/Factory.php(902): Illuminate\\Database\\Eloquent\\Factories\\Factory::throwBadMethodCallException()
#1 /media/suraiya/New Volume/Lomeyo-Work/Practice-Projects(Internship)/ogani-ecommerce/database/factories/ProductFactory.php(39): Illuminate\\Database\\Eloquent\\Factories\\Factory->__call()
#2 /media/suraiya/New Volume/Lomeyo-Work/Practice-Projects(Internship)/ogani-ecommerce/vendor/laravel/framework/src/Illuminate/Database/Eloquent/Factories/Factory.php(446): Database\\Factories\\ProductFactory->definition()
#3 /media/suraiya/New Volume/Lomeyo-Work/Practice-Projects(Internship)/ogani-ecommerce/vendor/laravel/framework/src/Illuminate/Database/Eloquent/Factories/Factory.php(425): Illuminate\\Database\\Eloquent\\Factories\\Factory->getRawAttributes()
#4 /media/suraiya/New Volume/Lomeyo-Work/Practice-Projects(Internship)/ogani-ecommerce/vendor/laravel/framework/src/Illuminate/Database/Eloquent/Factories/Factory.php(409): Illuminate\\Database\\Eloquent\\Factories\\Factory->getExpandedAttributes()
#5 /media/suraiya/New Volume/Lomeyo-Work/Practice-Projects(Internship)/ogani-ecommerce/vendor/laravel/framework/src/Illuminate/Database/Eloquent/Concerns/GuardsAttributes.php(149): Illuminate\\Database\\Eloquent\\Factories\\Factory->Illuminate\\Database\\Eloquent\\Factories\\{closure}()
#6 /media/suraiya/New Volume/Lomeyo-Work/Practice-Projects(Internship)/ogani-ecommerce/vendor/laravel/framework/src/Illuminate/Database/Eloquent/Factories/Factory.php(408): Illuminate\\Database\\Eloquent\\Model::unguarded()
#7 /media/suraiya/New Volume/Lomeyo-Work/Practice-Projects(Internship)/ogani-ecommerce/vendor/laravel/framework/src/Illuminate/Database/Eloquent/Factories/Factory.php(392): Illuminate\\Database\\Eloquent\\Factories\\Factory->makeInstance()
#8 [internal function]: Illuminate\\Database\\Eloquent\\Factories\\Factory->Illuminate\\Database\\Eloquent\\Factories\\{closure}()
#9 /media/suraiya/New Volume/Lomeyo-Work/Practice-Projects(Internship)/ogani-ecommerce/vendor/laravel/framework/src/Illuminate/Database/Eloquent/Factories/Factory.php(391): array_map()
#10 /media/suraiya/New Volume/Lomeyo-Work/Practice-Projects(Internship)/ogani-ecommerce/vendor/laravel/framework/src/Illuminate/Database/Eloquent/Factories/Factory.php(276): Illuminate\\Database\\Eloquent\\Factories\\Factory->make()
#11 /media/suraiya/New Volume/Lomeyo-Work/Practice-Projects(Internship)/ogani-ecommerce/database/seeders/ProductSeeder.php(28): Illuminate\\Database\\Eloquent\\Factories\\Factory->create()
#12 /media/suraiya/New Volume/Lomeyo-Work/Practice-Projects(Internship)/ogani-ecommerce/vendor/laravel/framework/src/Illuminate/Container/BoundMethod.php(36): Database\\Seeders\\ProductSeeder->run()
#13 /media/suraiya/New Volume/Lomeyo-Work/Practice-Projects(Internship)/ogani-ecommerce/vendor/laravel/framework/src/Illuminate/Container/Util.php(41): Illuminate\\Container\\BoundMethod::Illuminate\\Container\\{closure}()
#14 /media/suraiya/New Volume/Lomeyo-Work/Practice-Projects(Internship)/ogani-ecommerce/vendor/laravel/framework/src/Illuminate/Container/BoundMethod.php(93): Illuminate\\Container\\Util::unwrapIfClosure()
#15 /media/suraiya/New Volume/Lomeyo-Work/Practice-Projects(Internship)/ogani-ecommerce/vendor/laravel/framework/src/Illuminate/Container/BoundMethod.php(35): Illuminate\\Container\\BoundMethod::callBoundMethod()
#16 /media/suraiya/New Volume/Lomeyo-Work/Practice-Projects(Internship)/ogani-ecommerce/vendor/laravel/framework/src/Illuminate/Container/Container.php(662): Illuminate\\Container\\BoundMethod::call()
#17 /media/suraiya/New Volume/Lomeyo-Work/Practice-Projects(Internship)/ogani-ecommerce/vendor/laravel/framework/src/Illuminate/Database/Seeder.php(184): Illuminate\\Container\\Container->call()
#18 /media/suraiya/New Volume/Lomeyo-Work/Practice-Projects(Internship)/ogani-ecommerce/vendor/laravel/framework/src/Illuminate/Database/Seeder.php(193): Illuminate\\Database\\Seeder->Illuminate\\Database\\{closure}()
#19 /media/suraiya/New Volume/Lomeyo-Work/Practice-Projects(Internship)/ogani-ecommerce/vendor/laravel/framework/src/Illuminate/Database/Seeder.php(61): Illuminate\\Database\\Seeder->__invoke()
#20 /media/suraiya/New Volume/Lomeyo-Work/Practice-Projects(Internship)/ogani-ecommerce/database/seeders/DatabaseSeeder.php(22): Illuminate\\Database\\Seeder->call()
#21 /media/suraiya/New Volume/Lomeyo-Work/Practice-Projects(Internship)/ogani-ecommerce/vendor/laravel/framework/src/Illuminate/Container/BoundMethod.php(36): Database\\Seeders\\DatabaseSeeder->run()
#22 /media/suraiya/New Volume/Lomeyo-Work/Practice-Projects(Internship)/ogani-ecommerce/vendor/laravel/framework/src/Illuminate/Container/Util.php(41): Illuminate\\Container\\BoundMethod::Illuminate\\Container\\{closure}()
#23 /media/suraiya/New Volume/Lomeyo-Work/Practice-Projects(Internship)/ogani-ecommerce/vendor/laravel/framework/src/Illuminate/Container/BoundMethod.php(93): Illuminate\\Container\\Util::unwrapIfClosure()
#24 /media/suraiya/New Volume/Lomeyo-Work/Practice-Projects(Internship)/ogani-ecommerce/vendor/laravel/framework/src/Illuminate/Container/BoundMethod.php(35): Illuminate\\Container\\BoundMethod::callBoundMethod()
#25 /media/suraiya/New Volume/Lomeyo-Work/Practice-Projects(Internship)/ogani-ecommerce/vendor/laravel/framework/src/Illuminate/Container/Container.php(662): Illuminate\\Container\\BoundMethod::call()
#26 /media/suraiya/New Volume/Lomeyo-Work/Practice-Projects(Internship)/ogani-ecommerce/vendor/laravel/framework/src/Illuminate/Database/Seeder.php(184): Illuminate\\Container\\Container->call()
#27 /media/suraiya/New Volume/Lomeyo-Work/Practice-Projects(Internship)/ogani-ecommerce/vendor/laravel/framework/src/Illuminate/Database/Seeder.php(193): Illuminate\\Database\\Seeder->Illuminate\\Database\\{closure}()
#28 /media/suraiya/New Volume/Lomeyo-Work/Practice-Projects(Internship)/ogani-ecommerce/vendor/laravel/framework/src/Illuminate/Database/Console/Seeds/SeedCommand.php(70): Illuminate\\Database\\Seeder->__invoke()
#29 /media/suraiya/New Volume/Lomeyo-Work/Practice-Projects(Internship)/ogani-ecommerce/vendor/laravel/framework/src/Illuminate/Database/Eloquent/Concerns/GuardsAttributes.php(155): Illuminate\\Database\\Console\\Seeds\\SeedCommand->Illuminate\\Database\\Console\\Seeds\\{closure}()
#30 /media/suraiya/New Volume/Lomeyo-Work/Practice-Projects(Internship)/ogani-ecommerce/vendor/laravel/framework/src/Illuminate/Database/Console/Seeds/SeedCommand.php(69): Illuminate\\Database\\Eloquent\\Model::unguarded()
#31 /media/suraiya/New Volume/Lomeyo-Work/Practice-Projects(Internship)/ogani-ecommerce/vendor/laravel/framework/src/Illuminate/Container/BoundMethod.php(36): Illuminate\\Database\\Console\\Seeds\\SeedCommand->handle()
#32 /media/suraiya/New Volume/Lomeyo-Work/Practice-Projects(Internship)/ogani-ecommerce/vendor/laravel/framework/src/Illuminate/Container/Util.php(41): Illuminate\\Container\\BoundMethod::Illuminate\\Container\\{closure}()
#33 /media/suraiya/New Volume/Lomeyo-Work/Practice-Projects(Internship)/ogani-ecommerce/vendor/laravel/framework/src/Illuminate/Container/BoundMethod.php(93): Illuminate\\Container\\Util::unwrapIfClosure()
#34 /media/suraiya/New Volume/Lomeyo-Work/Practice-Projects(Internship)/ogani-ecommerce/vendor/laravel/framework/src/Illuminate/Container/BoundMethod.php(35): Illuminate\\Container\\BoundMethod::callBoundMethod()
#35 /media/suraiya/New Volume/Lomeyo-Work/Practice-Projects(Internship)/ogani-ecommerce/vendor/laravel/framework/src/Illuminate/Container/Container.php(662): Illuminate\\Container\\BoundMethod::call()
#36 /media/suraiya/New Volume/Lomeyo-Work/Practice-Projects(Internship)/ogani-ecommerce/vendor/laravel/framework/src/Illuminate/Console/Command.php(208): Illuminate\\Container\\Container->call()
#37 /media/suraiya/New Volume/Lomeyo-Work/Practice-Projects(Internship)/ogani-ecommerce/vendor/symfony/console/Command/Command.php(326): Illuminate\\Console\\Command->execute()
#38 /media/suraiya/New Volume/Lomeyo-Work/Practice-Projects(Internship)/ogani-ecommerce/vendor/laravel/framework/src/Illuminate/Console/Command.php(177): Symfony\\Component\\Console\\Command\\Command->run()
#39 /media/suraiya/New Volume/Lomeyo-Work/Practice-Projects(Internship)/ogani-ecommerce/vendor/laravel/framework/src/Illuminate/Console/Concerns/CallsCommands.php(67): Illuminate\\Console\\Command->run()
#40 /media/suraiya/New Volume/Lomeyo-Work/Practice-Projects(Internship)/ogani-ecommerce/vendor/laravel/framework/src/Illuminate/Console/Concerns/CallsCommands.php(28): Illuminate\\Console\\Command->runCommand()
#41 /media/suraiya/New Volume/Lomeyo-Work/Practice-Projects(Internship)/ogani-ecommerce/vendor/laravel/framework/src/Illuminate/Database/Console/Migrations/FreshCommand.php(93): Illuminate\\Console\\Command->call()
#42 /media/suraiya/New Volume/Lomeyo-Work/Practice-Projects(Internship)/ogani-ecommerce/vendor/laravel/framework/src/Illuminate/Database/Console/Migrations/FreshCommand.php(69): Illuminate\\Database\\Console\\Migrations\\FreshCommand->runSeeder()
#43 /media/suraiya/New Volume/Lomeyo-Work/Practice-Projects(Internship)/ogani-ecommerce/vendor/laravel/framework/src/Illuminate/Container/BoundMethod.php(36): Illuminate\\Database\\Console\\Migrations\\FreshCommand->handle()
#44 /media/suraiya/New Volume/Lomeyo-Work/Practice-Projects(Internship)/ogani-ecommerce/vendor/laravel/framework/src/Illuminate/Container/Util.php(41): Illuminate\\Container\\BoundMethod::Illuminate\\Container\\{closure}()
#45 /media/suraiya/New Volume/Lomeyo-Work/Practice-Projects(Internship)/ogani-ecommerce/vendor/laravel/framework/src/Illuminate/Container/BoundMethod.php(93): Illuminate\\Container\\Util::unwrapIfClosure()
#46 /media/suraiya/New Volume/Lomeyo-Work/Practice-Projects(Internship)/ogani-ecommerce/vendor/laravel/framework/src/Illuminate/Container/BoundMethod.php(35): Illuminate\\Container\\BoundMethod::callBoundMethod()
#47 /media/suraiya/New Volume/Lomeyo-Work/Practice-Projects(Internship)/ogani-ecommerce/vendor/laravel/framework/src/Illuminate/Container/Container.php(662): Illuminate\\Container\\BoundMethod::call()
#48 /media/suraiya/New Volume/Lomeyo-Work/Practice-Projects(Internship)/ogani-ecommerce/vendor/laravel/framework/src/Illuminate/Console/Command.php(208): Illuminate\\Container\\Container->call()
#49 /media/suraiya/New Volume/Lomeyo-Work/Practice-Projects(Internship)/ogani-ecommerce/vendor/symfony/console/Command/Command.php(326): Illuminate\\Console\\Command->execute()
#50 /media/suraiya/New Volume/Lomeyo-Work/Practice-Projects(Internship)/ogani-ecommerce/vendor/laravel/framework/src/Illuminate/Console/Command.php(177): Symfony\\Component\\Console\\Command\\Command->run()
#51 /media/suraiya/New Volume/Lomeyo-Work/Practice-Projects(Internship)/ogani-ecommerce/vendor/symfony/console/Application.php(1081): Illuminate\\Console\\Command->run()
#52 /media/suraiya/New Volume/Lomeyo-Work/Practice-Projects(Internship)/ogani-ecommerce/vendor/symfony/console/Application.php(320): Symfony\\Component\\Console\\Application->doRunCommand()
#53 /media/suraiya/New Volume/Lomeyo-Work/Practice-Projects(Internship)/ogani-ecommerce/vendor/symfony/console/Application.php(174): Symfony\\Component\\Console\\Application->doRun()
#54 /media/suraiya/New Volume/Lomeyo-Work/Practice-Projects(Internship)/ogani-ecommerce/vendor/laravel/framework/src/Illuminate/Foundation/Console/Kernel.php(200): Symfony\\Component\\Console\\Application->run()
#55 /media/suraiya/New Volume/Lomeyo-Work/Practice-Projects(Internship)/ogani-ecommerce/artisan(35): Illuminate\\Foundation\\Console\\Kernel->handle()
#56 {main}
"} 
[2024-08-20 08:06:14] local.ERROR: $config must be a string or an array {"userId":2,"exception":"[object] (Stripe\\Exception\\InvalidArgumentException(code: 0): $config must be a string or an array at /media/suraiya/New Volume/Lomeyo-Work/Practice-Projects(Internship)/ogani-ecommerce/vendor/stripe/stripe-php/lib/BaseStripeClient.php:55)
[stacktrace]
#0 /media/suraiya/New Volume/Lomeyo-Work/Practice-Projects(Internship)/ogani-ecommerce/app/Http/Controllers/Frontend/CheckoutController.php(210): Stripe\\BaseStripeClient->__construct()
#1 /media/suraiya/New Volume/Lomeyo-Work/Practice-Projects(Internship)/ogani-ecommerce/vendor/laravel/framework/src/Illuminate/Routing/Controller.php(54): App\\Http\\Controllers\\Frontend\\CheckoutController->cashOnDeliveryPayment()
#2 /media/suraiya/New Volume/Lomeyo-Work/Practice-Projects(Internship)/ogani-ecommerce/vendor/laravel/framework/src/Illuminate/Routing/ControllerDispatcher.php(43): Illuminate\\Routing\\Controller->callAction()
#3 /media/suraiya/New Volume/Lomeyo-Work/Practice-Projects(Internship)/ogani-ecommerce/vendor/laravel/framework/src/Illuminate/Routing/Route.php(259): Illuminate\\Routing\\ControllerDispatcher->dispatch()
#4 /media/suraiya/New Volume/Lomeyo-Work/Practice-Projects(Internship)/ogani-ecommerce/vendor/laravel/framework/src/Illuminate/Routing/Route.php(205): Illuminate\\Routing\\Route->runController()
#5 /media/suraiya/New Volume/Lomeyo-Work/Practice-Projects(Internship)/ogani-ecommerce/vendor/laravel/framework/src/Illuminate/Routing/Router.php(799): Illuminate\\Routing\\Route->run()
#6 /media/suraiya/New Volume/Lomeyo-Work/Practice-Projects(Internship)/ogani-ecommerce/vendor/laravel/framework/src/Illuminate/Pipeline/Pipeline.php(141): Illuminate\\Routing\\Router->Illuminate\\Routing\\{closure}()
#7 /media/suraiya/New Volume/Lomeyo-Work/Practice-Projects(Internship)/ogani-ecommerce/vendor/laravel/framework/src/Illuminate/Routing/Middleware/SubstituteBindings.php(50): Illuminate\\Pipeline\\Pipeline->Illuminate\\Pipeline\\{closure}()
#8 /media/suraiya/New Volume/Lomeyo-Work/Practice-Projects(Internship)/ogani-ecommerce/vendor/laravel/framework/src/Illuminate/Pipeline/Pipeline.php(180): Illuminate\\Routing\\Middleware\\SubstituteBindings->handle()
#9 /media/suraiya/New Volume/Lomeyo-Work/Practice-Projects(Internship)/ogani-ecommerce/vendor/laravel/framework/src/Illuminate/Auth/Middleware/Authenticate.php(57): Illuminate\\Pipeline\\Pipeline->Illuminate\\Pipeline\\{closure}()
#10 /media/suraiya/New Volume/Lomeyo-Work/Practice-Projects(Internship)/ogani-ecommerce/vendor/laravel/framework/src/Illuminate/Pipeline/Pipeline.php(180): Illuminate\\Auth\\Middleware\\Authenticate->handle()
#11 /media/suraiya/New Volume/Lomeyo-Work/Practice-Projects(Internship)/ogani-ecommerce/vendor/laravel/framework/src/Illuminate/Foundation/Http/Middleware/VerifyCsrfToken.php(78): Illuminate\\Pipeline\\Pipeline->Illuminate\\Pipeline\\{closure}()
#12 /media/suraiya/New Volume/Lomeyo-Work/Practice-Projects(Internship)/ogani-ecommerce/vendor/laravel/framework/src/Illuminate/Pipeline/Pipeline.php(180): Illuminate\\Foundation\\Http\\Middleware\\VerifyCsrfToken->handle()
#13 /media/suraiya/New Volume/Lomeyo-Work/Practice-Projects(Internship)/ogani-ecommerce/vendor/laravel/framework/src/Illuminate/View/Middleware/ShareErrorsFromSession.php(49): Illuminate\\Pipeline\\Pipeline->Illuminate\\Pipeline\\{closure}()
#14 /media/suraiya/New Volume/Lomeyo-Work/Practice-Projects(Internship)/ogani-ecommerce/vendor/laravel/framework/src/Illuminate/Pipeline/Pipeline.php(180): Illuminate\\View\\Middleware\\ShareErrorsFromSession->handle()
#15 /media/suraiya/New Volume/Lomeyo-Work/Practice-Projects(Internship)/ogani-ecommerce/vendor/laravel/framework/src/Illuminate/Session/Middleware/StartSession.php(121): Illuminate\\Pipeline\\Pipeline->Illuminate\\Pipeline\\{closure}()
#16 /media/suraiya/New Volume/Lomeyo-Work/Practice-Projects(Internship)/ogani-ecommerce/vendor/laravel/framework/src/Illuminate/Session/Middleware/StartSession.php(64): Illuminate\\Session\\Middleware\\StartSession->handleStatefulRequest()
#17 /media/suraiya/New Volume/Lomeyo-Work/Practice-Projects(Internship)/ogani-ecommerce/vendor/laravel/framework/src/Illuminate/Pipeline/Pipeline.php(180): Illuminate\\Session\\Middleware\\StartSession->handle()
#18 /media/suraiya/New Volume/Lomeyo-Work/Practice-Projects(Internship)/ogani-ecommerce/vendor/laravel/framework/src/Illuminate/Cookie/Middleware/AddQueuedCookiesToResponse.php(37): Illuminate\\Pipeline\\Pipeline->Illuminate\\Pipeline\\{closure}()
#19 /media/suraiya/New Volume/Lomeyo-Work/Practice-Projects(Internship)/ogani-ecommerce/vendor/laravel/framework/src/Illuminate/Pipeline/Pipeline.php(180): Illuminate\\Cookie\\Middleware\\AddQueuedCookiesToResponse->handle()
#20 /media/suraiya/New Volume/Lomeyo-Work/Practice-Projects(Internship)/ogani-ecommerce/vendor/laravel/framework/src/Illuminate/Cookie/Middleware/EncryptCookies.php(67): Illuminate\\Pipeline\\Pipeline->Illuminate\\Pipeline\\{closure}()
#21 /media/suraiya/New Volume/Lomeyo-Work/Practice-Projects(Internship)/ogani-ecommerce/vendor/laravel/framework/src/Illuminate/Pipeline/Pipeline.php(180): Illuminate\\Cookie\\Middleware\\EncryptCookies->handle()
#22 /media/suraiya/New Volume/Lomeyo-Work/Practice-Projects(Internship)/ogani-ecommerce/vendor/laravel/framework/src/Illuminate/Pipeline/Pipeline.php(116): Illuminate\\Pipeline\\Pipeline->Illuminate\\Pipeline\\{closure}()
#23 /media/suraiya/New Volume/Lomeyo-Work/Practice-Projects(Internship)/ogani-ecommerce/vendor/laravel/framework/src/Illuminate/Routing/Router.php(798): Illuminate\\Pipeline\\Pipeline->then()
#24 /media/suraiya/New Volume/Lomeyo-Work/Practice-Projects(Internship)/ogani-ecommerce/vendor/laravel/framework/src/Illuminate/Routing/Router.php(777): Illuminate\\Routing\\Router->runRouteWithinStack()
#25 /media/suraiya/New Volume/Lomeyo-Work/Practice-Projects(Internship)/ogani-ecommerce/vendor/laravel/framework/src/Illuminate/Routing/Router.php(741): Illuminate\\Routing\\Router->runRoute()
#26 /media/suraiya/New Volume/Lomeyo-Work/Practice-Projects(Internship)/ogani-ecommerce/vendor/laravel/framework/src/Illuminate/Routing/Router.php(730): Illuminate\\Routing\\Router->dispatchToRoute()
#27 /media/suraiya/New Volume/Lomeyo-Work/Practice-Projects(Internship)/ogani-ecommerce/vendor/laravel/framework/src/Illuminate/Foundation/Http/Kernel.php(200): Illuminate\\Routing\\Router->dispatch()
#28 /media/suraiya/New Volume/Lomeyo-Work/Practice-Projects(Internship)/ogani-ecommerce/vendor/laravel/framework/src/Illuminate/Pipeline/Pipeline.php(141): Illuminate\\Foundation\\Http\\Kernel->Illuminate\\Foundation\\Http\\{closure}()
#29 /media/suraiya/New Volume/Lomeyo-Work/Practice-Projects(Internship)/ogani-ecommerce/vendor/laravel/framework/src/Illuminate/Foundation/Http/Middleware/TransformsRequest.php(21): Illuminate\\Pipeline\\Pipeline->Illuminate\\Pipeline\\{closure}()
#30 /media/suraiya/New Volume/Lomeyo-Work/Practice-Projects(Internship)/ogani-ecommerce/vendor/laravel/framework/src/Illuminate/Foundation/Http/Middleware/ConvertEmptyStringsToNull.php(31): Illuminate\\Foundation\\Http\\Middleware\\TransformsRequest->handle()
#31 /media/suraiya/New Volume/Lomeyo-Work/Practice-Projects(Internship)/ogani-ecommerce/vendor/laravel/framework/src/Illuminate/Pipeline/Pipeline.php(180): Illuminate\\Foundation\\Http\\Middleware\\ConvertEmptyStringsToNull->handle()
#32 /media/suraiya/New Volume/Lomeyo-Work/Practice-Projects(Internship)/ogani-ecommerce/vendor/laravel/framework/src/Illuminate/Foundation/Http/Middleware/TransformsRequest.php(21): Illuminate\\Pipeline\\Pipeline->Illuminate\\Pipeline\\{closure}()
#33 /media/suraiya/New Volume/Lomeyo-Work/Practice-Projects(Internship)/ogani-ecommerce/vendor/laravel/framework/src/Illuminate/Foundation/Http/Middleware/TrimStrings.php(40): Illuminate\\Foundation\\Http\\Middleware\\TransformsRequest->handle()
#34 /media/suraiya/New Volume/Lomeyo-Work/Practice-Projects(Internship)/ogani-ecommerce/vendor/laravel/framework/src/Illuminate/Pipeline/Pipeline.php(180): Illuminate\\Foundation\\Http\\Middleware\\TrimStrings->handle()
#35 /media/suraiya/New Volume/Lomeyo-Work/Practice-Projects(Internship)/ogani-ecommerce/vendor/laravel/framework/src/Illuminate/Foundation/Http/Middleware/ValidatePostSize.php(27): Illuminate\\Pipeline\\Pipeline->Illuminate\\Pipeline\\{closure}()
#36 /media/suraiya/New Volume/Lomeyo-Work/Practice-Projects(Internship)/ogani-ecommerce/vendor/laravel/framework/src/Illuminate/Pipeline/Pipeline.php(180): Illuminate\\Foundation\\Http\\Middleware\\ValidatePostSize->handle()
#37 /media/suraiya/New Volume/Lomeyo-Work/Practice-Projects(Internship)/ogani-ecommerce/vendor/laravel/framework/src/Illuminate/Foundation/Http/Middleware/PreventRequestsDuringMaintenance.php(86): Illuminate\\Pipeline\\Pipeline->Illuminate\\Pipeline\\{closure}()
#38 /media/suraiya/New Volume/Lomeyo-Work/Practice-Projects(Internship)/ogani-ecommerce/vendor/laravel/framework/src/Illuminate/Pipeline/Pipeline.php(180): Illuminate\\Foundation\\Http\\Middleware\\PreventRequestsDuringMaintenance->handle()
#39 /media/suraiya/New Volume/Lomeyo-Work/Practice-Projects(Internship)/ogani-ecommerce/vendor/laravel/framework/src/Illuminate/Http/Middleware/HandleCors.php(49): Illuminate\\Pipeline\\Pipeline->Illuminate\\Pipeline\\{closure}()
#40 /media/suraiya/New Volume/Lomeyo-Work/Practice-Projects(Internship)/ogani-ecommerce/vendor/laravel/framework/src/Illuminate/Pipeline/Pipeline.php(180): Illuminate\\Http\\Middleware\\HandleCors->handle()
#41 /media/suraiya/New Volume/Lomeyo-Work/Practice-Projects(Internship)/ogani-ecommerce/vendor/laravel/framework/src/Illuminate/Http/Middleware/TrustProxies.php(39): Illuminate\\Pipeline\\Pipeline->Illuminate\\Pipeline\\{closure}()
#42 /media/suraiya/New Volume/Lomeyo-Work/Practice-Projects(Internship)/ogani-ecommerce/vendor/laravel/framework/src/Illuminate/Pipeline/Pipeline.php(180): Illuminate\\Http\\Middleware\\TrustProxies->handle()
#43 /media/suraiya/New Volume/Lomeyo-Work/Practice-Projects(Internship)/ogani-ecommerce/vendor/laravel/framework/src/Illuminate/Pipeline/Pipeline.php(116): Illuminate\\Pipeline\\Pipeline->Illuminate\\Pipeline\\{closure}()
#44 /media/suraiya/New Volume/Lomeyo-Work/Practice-Projects(Internship)/ogani-ecommerce/vendor/laravel/framework/src/Illuminate/Foundation/Http/Kernel.php(175): Illuminate\\Pipeline\\Pipeline->then()
#45 /media/suraiya/New Volume/Lomeyo-Work/Practice-Projects(Internship)/ogani-ecommerce/vendor/laravel/framework/src/Illuminate/Foundation/Http/Kernel.php(144): Illuminate\\Foundation\\Http\\Kernel->sendRequestThroughRouter()
#46 /media/suraiya/New Volume/Lomeyo-Work/Practice-Projects(Internship)/ogani-ecommerce/public/index.php(51): Illuminate\\Foundation\\Http\\Kernel->handle()
#47 /media/suraiya/New Volume/Lomeyo-Work/Practice-Projects(Internship)/ogani-ecommerce/vendor/laravel/framework/src/Illuminate/Foundation/resources/server.php(16): require_once('...')
#48 {main}
"} 
[2024-08-20 09:28:34] local.ERROR: $config must be a string or an array {"userId":2,"exception":"[object] (Stripe\\Exception\\InvalidArgumentException(code: 0): $config must be a string or an array at /media/suraiya/New Volume/Lomeyo-Work/Practice-Projects(Internship)/ogani-ecommerce/vendor/stripe/stripe-php/lib/BaseStripeClient.php:55)
[stacktrace]
#0 /media/suraiya/New Volume/Lomeyo-Work/Practice-Projects(Internship)/ogani-ecommerce/app/Http/Controllers/Frontend/CheckoutController.php(210): Stripe\\BaseStripeClient->__construct()
#1 /media/suraiya/New Volume/Lomeyo-Work/Practice-Projects(Internship)/ogani-ecommerce/vendor/laravel/framework/src/Illuminate/Routing/Controller.php(54): App\\Http\\Controllers\\Frontend\\CheckoutController->cashOnDeliveryPayment()
#2 /media/suraiya/New Volume/Lomeyo-Work/Practice-Projects(Internship)/ogani-ecommerce/vendor/laravel/framework/src/Illuminate/Routing/ControllerDispatcher.php(43): Illuminate\\Routing\\Controller->callAction()
#3 /media/suraiya/New Volume/Lomeyo-Work/Practice-Projects(Internship)/ogani-ecommerce/vendor/laravel/framework/src/Illuminate/Routing/Route.php(259): Illuminate\\Routing\\ControllerDispatcher->dispatch()
#4 /media/suraiya/New Volume/Lomeyo-Work/Practice-Projects(Internship)/ogani-ecommerce/vendor/laravel/framework/src/Illuminate/Routing/Route.php(205): Illuminate\\Routing\\Route->runController()
#5 /media/suraiya/New Volume/Lomeyo-Work/Practice-Projects(Internship)/ogani-ecommerce/vendor/laravel/framework/src/Illuminate/Routing/Router.php(799): Illuminate\\Routing\\Route->run()
#6 /media/suraiya/New Volume/Lomeyo-Work/Practice-Projects(Internship)/ogani-ecommerce/vendor/laravel/framework/src/Illuminate/Pipeline/Pipeline.php(141): Illuminate\\Routing\\Router->Illuminate\\Routing\\{closure}()
#7 /media/suraiya/New Volume/Lomeyo-Work/Practice-Projects(Internship)/ogani-ecommerce/vendor/laravel/framework/src/Illuminate/Routing/Middleware/SubstituteBindings.php(50): Illuminate\\Pipeline\\Pipeline->Illuminate\\Pipeline\\{closure}()
#8 /media/suraiya/New Volume/Lomeyo-Work/Practice-Projects(Internship)/ogani-ecommerce/vendor/laravel/framework/src/Illuminate/Pipeline/Pipeline.php(180): Illuminate\\Routing\\Middleware\\SubstituteBindings->handle()
#9 /media/suraiya/New Volume/Lomeyo-Work/Practice-Projects(Internship)/ogani-ecommerce/vendor/laravel/framework/src/Illuminate/Auth/Middleware/Authenticate.php(57): Illuminate\\Pipeline\\Pipeline->Illuminate\\Pipeline\\{closure}()
#10 /media/suraiya/New Volume/Lomeyo-Work/Practice-Projects(Internship)/ogani-ecommerce/vendor/laravel/framework/src/Illuminate/Pipeline/Pipeline.php(180): Illuminate\\Auth\\Middleware\\Authenticate->handle()
#11 /media/suraiya/New Volume/Lomeyo-Work/Practice-Projects(Internship)/ogani-ecommerce/vendor/laravel/framework/src/Illuminate/Foundation/Http/Middleware/VerifyCsrfToken.php(78): Illuminate\\Pipeline\\Pipeline->Illuminate\\Pipeline\\{closure}()
#12 /media/suraiya/New Volume/Lomeyo-Work/Practice-Projects(Internship)/ogani-ecommerce/vendor/laravel/framework/src/Illuminate/Pipeline/Pipeline.php(180): Illuminate\\Foundation\\Http\\Middleware\\VerifyCsrfToken->handle()
#13 /media/suraiya/New Volume/Lomeyo-Work/Practice-Projects(Internship)/ogani-ecommerce/vendor/laravel/framework/src/Illuminate/View/Middleware/ShareErrorsFromSession.php(49): Illuminate\\Pipeline\\Pipeline->Illuminate\\Pipeline\\{closure}()
#14 /media/suraiya/New Volume/Lomeyo-Work/Practice-Projects(Internship)/ogani-ecommerce/vendor/laravel/framework/src/Illuminate/Pipeline/Pipeline.php(180): Illuminate\\View\\Middleware\\ShareErrorsFromSession->handle()
#15 /media/suraiya/New Volume/Lomeyo-Work/Practice-Projects(Internship)/ogani-ecommerce/vendor/laravel/framework/src/Illuminate/Session/Middleware/StartSession.php(121): Illuminate\\Pipeline\\Pipeline->Illuminate\\Pipeline\\{closure}()
#16 /media/suraiya/New Volume/Lomeyo-Work/Practice-Projects(Internship)/ogani-ecommerce/vendor/laravel/framework/src/Illuminate/Session/Middleware/StartSession.php(64): Illuminate\\Session\\Middleware\\StartSession->handleStatefulRequest()
#17 /media/suraiya/New Volume/Lomeyo-Work/Practice-Projects(Internship)/ogani-ecommerce/vendor/laravel/framework/src/Illuminate/Pipeline/Pipeline.php(180): Illuminate\\Session\\Middleware\\StartSession->handle()
#18 /media/suraiya/New Volume/Lomeyo-Work/Practice-Projects(Internship)/ogani-ecommerce/vendor/laravel/framework/src/Illuminate/Cookie/Middleware/AddQueuedCookiesToResponse.php(37): Illuminate\\Pipeline\\Pipeline->Illuminate\\Pipeline\\{closure}()
#19 /media/suraiya/New Volume/Lomeyo-Work/Practice-Projects(Internship)/ogani-ecommerce/vendor/laravel/framework/src/Illuminate/Pipeline/Pipeline.php(180): Illuminate\\Cookie\\Middleware\\AddQueuedCookiesToResponse->handle()
#20 /media/suraiya/New Volume/Lomeyo-Work/Practice-Projects(Internship)/ogani-ecommerce/vendor/laravel/framework/src/Illuminate/Cookie/Middleware/EncryptCookies.php(67): Illuminate\\Pipeline\\Pipeline->Illuminate\\Pipeline\\{closure}()
#21 /media/suraiya/New Volume/Lomeyo-Work/Practice-Projects(Internship)/ogani-ecommerce/vendor/laravel/framework/src/Illuminate/Pipeline/Pipeline.php(180): Illuminate\\Cookie\\Middleware\\EncryptCookies->handle()
#22 /media/suraiya/New Volume/Lomeyo-Work/Practice-Projects(Internship)/ogani-ecommerce/vendor/laravel/framework/src/Illuminate/Pipeline/Pipeline.php(116): Illuminate\\Pipeline\\Pipeline->Illuminate\\Pipeline\\{closure}()
#23 /media/suraiya/New Volume/Lomeyo-Work/Practice-Projects(Internship)/ogani-ecommerce/vendor/laravel/framework/src/Illuminate/Routing/Router.php(798): Illuminate\\Pipeline\\Pipeline->then()
#24 /media/suraiya/New Volume/Lomeyo-Work/Practice-Projects(Internship)/ogani-ecommerce/vendor/laravel/framework/src/Illuminate/Routing/Router.php(777): Illuminate\\Routing\\Router->runRouteWithinStack()
#25 /media/suraiya/New Volume/Lomeyo-Work/Practice-Projects(Internship)/ogani-ecommerce/vendor/laravel/framework/src/Illuminate/Routing/Router.php(741): Illuminate\\Routing\\Router->runRoute()
#26 /media/suraiya/New Volume/Lomeyo-Work/Practice-Projects(Internship)/ogani-ecommerce/vendor/laravel/framework/src/Illuminate/Routing/Router.php(730): Illuminate\\Routing\\Router->dispatchToRoute()
#27 /media/suraiya/New Volume/Lomeyo-Work/Practice-Projects(Internship)/ogani-ecommerce/vendor/laravel/framework/src/Illuminate/Foundation/Http/Kernel.php(200): Illuminate\\Routing\\Router->dispatch()
#28 /media/suraiya/New Volume/Lomeyo-Work/Practice-Projects(Internship)/ogani-ecommerce/vendor/laravel/framework/src/Illuminate/Pipeline/Pipeline.php(141): Illuminate\\Foundation\\Http\\Kernel->Illuminate\\Foundation\\Http\\{closure}()
#29 /media/suraiya/New Volume/Lomeyo-Work/Practice-Projects(Internship)/ogani-ecommerce/vendor/laravel/framework/src/Illuminate/Foundation/Http/Middleware/TransformsRequest.php(21): Illuminate\\Pipeline\\Pipeline->Illuminate\\Pipeline\\{closure}()
#30 /media/suraiya/New Volume/Lomeyo-Work/Practice-Projects(Internship)/ogani-ecommerce/vendor/laravel/framework/src/Illuminate/Foundation/Http/Middleware/ConvertEmptyStringsToNull.php(31): Illuminate\\Foundation\\Http\\Middleware\\TransformsRequest->handle()
#31 /media/suraiya/New Volume/Lomeyo-Work/Practice-Projects(Internship)/ogani-ecommerce/vendor/laravel/framework/src/Illuminate/Pipeline/Pipeline.php(180): Illuminate\\Foundation\\Http\\Middleware\\ConvertEmptyStringsToNull->handle()
#32 /media/suraiya/New Volume/Lomeyo-Work/Practice-Projects(Internship)/ogani-ecommerce/vendor/laravel/framework/src/Illuminate/Foundation/Http/Middleware/TransformsRequest.php(21): Illuminate\\Pipeline\\Pipeline->Illuminate\\Pipeline\\{closure}()
#33 /media/suraiya/New Volume/Lomeyo-Work/Practice-Projects(Internship)/ogani-ecommerce/vendor/laravel/framework/src/Illuminate/Foundation/Http/Middleware/TrimStrings.php(40): Illuminate\\Foundation\\Http\\Middleware\\TransformsRequest->handle()
#34 /media/suraiya/New Volume/Lomeyo-Work/Practice-Projects(Internship)/ogani-ecommerce/vendor/laravel/framework/src/Illuminate/Pipeline/Pipeline.php(180): Illuminate\\Foundation\\Http\\Middleware\\TrimStrings->handle()
#35 /media/suraiya/New Volume/Lomeyo-Work/Practice-Projects(Internship)/ogani-ecommerce/vendor/laravel/framework/src/Illuminate/Foundation/Http/Middleware/ValidatePostSize.php(27): Illuminate\\Pipeline\\Pipeline->Illuminate\\Pipeline\\{closure}()
#36 /media/suraiya/New Volume/Lomeyo-Work/Practice-Projects(Internship)/ogani-ecommerce/vendor/laravel/framework/src/Illuminate/Pipeline/Pipeline.php(180): Illuminate\\Foundation\\Http\\Middleware\\ValidatePostSize->handle()
#37 /media/suraiya/New Volume/Lomeyo-Work/Practice-Projects(Internship)/ogani-ecommerce/vendor/laravel/framework/src/Illuminate/Foundation/Http/Middleware/PreventRequestsDuringMaintenance.php(86): Illuminate\\Pipeline\\Pipeline->Illuminate\\Pipeline\\{closure}()
#38 /media/suraiya/New Volume/Lomeyo-Work/Practice-Projects(Internship)/ogani-ecommerce/vendor/laravel/framework/src/Illuminate/Pipeline/Pipeline.php(180): Illuminate\\Foundation\\Http\\Middleware\\PreventRequestsDuringMaintenance->handle()
#39 /media/suraiya/New Volume/Lomeyo-Work/Practice-Projects(Internship)/ogani-ecommerce/vendor/laravel/framework/src/Illuminate/Http/Middleware/HandleCors.php(49): Illuminate\\Pipeline\\Pipeline->Illuminate\\Pipeline\\{closure}()
#40 /media/suraiya/New Volume/Lomeyo-Work/Practice-Projects(Internship)/ogani-ecommerce/vendor/laravel/framework/src/Illuminate/Pipeline/Pipeline.php(180): Illuminate\\Http\\Middleware\\HandleCors->handle()
#41 /media/suraiya/New Volume/Lomeyo-Work/Practice-Projects(Internship)/ogani-ecommerce/vendor/laravel/framework/src/Illuminate/Http/Middleware/TrustProxies.php(39): Illuminate\\Pipeline\\Pipeline->Illuminate\\Pipeline\\{closure}()
#42 /media/suraiya/New Volume/Lomeyo-Work/Practice-Projects(Internship)/ogani-ecommerce/vendor/laravel/framework/src/Illuminate/Pipeline/Pipeline.php(180): Illuminate\\Http\\Middleware\\TrustProxies->handle()
#43 /media/suraiya/New Volume/Lomeyo-Work/Practice-Projects(Internship)/ogani-ecommerce/vendor/laravel/framework/src/Illuminate/Pipeline/Pipeline.php(116): Illuminate\\Pipeline\\Pipeline->Illuminate\\Pipeline\\{closure}()
#44 /media/suraiya/New Volume/Lomeyo-Work/Practice-Projects(Internship)/ogani-ecommerce/vendor/laravel/framework/src/Illuminate/Foundation/Http/Kernel.php(175): Illuminate\\Pipeline\\Pipeline->then()
#45 /media/suraiya/New Volume/Lomeyo-Work/Practice-Projects(Internship)/ogani-ecommerce/vendor/laravel/framework/src/Illuminate/Foundation/Http/Kernel.php(144): Illuminate\\Foundation\\Http\\Kernel->sendRequestThroughRouter()
#46 /media/suraiya/New Volume/Lomeyo-Work/Practice-Projects(Internship)/ogani-ecommerce/public/index.php(51): Illuminate\\Foundation\\Http\\Kernel->handle()
#47 /media/suraiya/New Volume/Lomeyo-Work/Practice-Projects(Internship)/ogani-ecommerce/vendor/laravel/framework/src/Illuminate/Foundation/resources/server.php(16): require_once('...')
#48 {main}
"} 
[2024-08-20 12:09:26] local.ERROR: Undefined constant "frontend" {"view":{"view":"/media/suraiya/New Volume/Lomeyo-Work/Practice-Projects(Internship","data":[]},"userId":1,"exception":"[object] (Spatie\\LaravelIgnition\\Exceptions\\ViewException(code: 0): Undefined constant \"frontend\" at /media/suraiya/New Volume/Lomeyo-Work/Practice-Projects(Internship)/ogani-ecommerce/resources/views/frontend/layouts/header.blade.php:83)
[stacktrace]
#0 /media/suraiya/New Volume/Lomeyo-Work/Practice-Projects(Internship)/ogani-ecommerce/vendor/laravel/framework/src/Illuminate/Filesystem/Filesystem.php(124): require()
#1 /media/suraiya/New Volume/Lomeyo-Work/Practice-Projects(Internship)/ogani-ecommerce/vendor/laravel/framework/src/Illuminate/Filesystem/Filesystem.php(125): Illuminate\\Filesystem\\Filesystem::Illuminate\\Filesystem\\{closure}()
#2 /media/suraiya/New Volume/Lomeyo-Work/Practice-Projects(Internship)/ogani-ecommerce/vendor/laravel/framework/src/Illuminate/View/Engines/PhpEngine.php(58): Illuminate\\Filesystem\\Filesystem->getRequire()
#3 /media/suraiya/New Volume/Lomeyo-Work/Practice-Projects(Internship)/ogani-ecommerce/vendor/laravel/framework/src/Illuminate/View/Engines/CompilerEngine.php(70): Illuminate\\View\\Engines\\PhpEngine->evaluatePath()
#4 /media/suraiya/New Volume/Lomeyo-Work/Practice-Projects(Internship)/ogani-ecommerce/vendor/laravel/framework/src/Illuminate/View/View.php(195): Illuminate\\View\\Engines\\CompilerEngine->get()
#5 /media/suraiya/New Volume/Lomeyo-Work/Practice-Projects(Internship)/ogani-ecommerce/vendor/laravel/framework/src/Illuminate/View/View.php(178): Illuminate\\View\\View->getContents()
#6 /media/suraiya/New Volume/Lomeyo-Work/Practice-Projects(Internship)/ogani-ecommerce/vendor/laravel/framework/src/Illuminate/View/View.php(147): Illuminate\\View\\View->renderContents()
#7 /media/suraiya/New Volume/Lomeyo-Work/Practice-Projects(Internship)/ogani-ecommerce/resources/views/frontend/layouts/app.blade.php(1): Illuminate\\View\\View->render()
#8 /media/suraiya/New Volume/Lomeyo-Work/Practice-Projects(Internship)/ogani-ecommerce/vendor/laravel/framework/src/Illuminate/Filesystem/Filesystem.php(124): require('...')
#9 /media/suraiya/New Volume/Lomeyo-Work/Practice-Projects(Internship)/ogani-ecommerce/vendor/laravel/framework/src/Illuminate/Filesystem/Filesystem.php(125): Illuminate\\Filesystem\\Filesystem::Illuminate\\Filesystem\\{closure}()
#10 /media/suraiya/New Volume/Lomeyo-Work/Practice-Projects(Internship)/ogani-ecommerce/vendor/laravel/framework/src/Illuminate/View/Engines/PhpEngine.php(58): Illuminate\\Filesystem\\Filesystem->getRequire()
#11 /media/suraiya/New Volume/Lomeyo-Work/Practice-Projects(Internship)/ogani-ecommerce/vendor/laravel/framework/src/Illuminate/View/Engines/CompilerEngine.php(70): Illuminate\\View\\Engines\\PhpEngine->evaluatePath()
#12 /media/suraiya/New Volume/Lomeyo-Work/Practice-Projects(Internship)/ogani-ecommerce/vendor/laravel/framework/src/Illuminate/View/View.php(195): Illuminate\\View\\Engines\\CompilerEngine->get()
#13 /media/suraiya/New Volume/Lomeyo-Work/Practice-Projects(Internship)/ogani-ecommerce/vendor/laravel/framework/src/Illuminate/View/View.php(178): Illuminate\\View\\View->getContents()
#14 /media/suraiya/New Volume/Lomeyo-Work/Practice-Projects(Internship)/ogani-ecommerce/vendor/laravel/framework/src/Illuminate/View/View.php(147): Illuminate\\View\\View->renderContents()
#15 /media/suraiya/New Volume/Lomeyo-Work/Practice-Projects(Internship)/ogani-ecommerce/resources/views/frontend/shop/product-details.blade.php(295): Illuminate\\View\\View->render()
#16 /media/suraiya/New Volume/Lomeyo-Work/Practice-Projects(Internship)/ogani-ecommerce/vendor/laravel/framework/src/Illuminate/Filesystem/Filesystem.php(124): require('...')
#17 /media/suraiya/New Volume/Lomeyo-Work/Practice-Projects(Internship)/ogani-ecommerce/vendor/laravel/framework/src/Illuminate/Filesystem/Filesystem.php(125): Illuminate\\Filesystem\\Filesystem::Illuminate\\Filesystem\\{closure}()
#18 /media/suraiya/New Volume/Lomeyo-Work/Practice-Projects(Internship)/ogani-ecommerce/vendor/laravel/framework/src/Illuminate/View/Engines/PhpEngine.php(58): Illuminate\\Filesystem\\Filesystem->getRequire()
#19 /media/suraiya/New Volume/Lomeyo-Work/Practice-Projects(Internship)/ogani-ecommerce/vendor/laravel/framework/src/Illuminate/View/Engines/CompilerEngine.php(70): Illuminate\\View\\Engines\\PhpEngine->evaluatePath()
#20 /media/suraiya/New Volume/Lomeyo-Work/Practice-Projects(Internship)/ogani-ecommerce/vendor/laravel/framework/src/Illuminate/View/View.php(195): Illuminate\\View\\Engines\\CompilerEngine->get()
#21 /media/suraiya/New Volume/Lomeyo-Work/Practice-Projects(Internship)/ogani-ecommerce/vendor/laravel/framework/src/Illuminate/View/View.php(178): Illuminate\\View\\View->getContents()
#22 /media/suraiya/New Volume/Lomeyo-Work/Practice-Projects(Internship)/ogani-ecommerce/vendor/laravel/framework/src/Illuminate/View/View.php(147): Illuminate\\View\\View->renderContents()
#23 /media/suraiya/New Volume/Lomeyo-Work/Practice-Projects(Internship)/ogani-ecommerce/vendor/laravel/framework/src/Illuminate/Http/Response.php(69): Illuminate\\View\\View->render()
#24 /media/suraiya/New Volume/Lomeyo-Work/Practice-Projects(Internship)/ogani-ecommerce/vendor/laravel/framework/src/Illuminate/Http/Response.php(35): Illuminate\\Http\\Response->setContent()
#25 /media/suraiya/New Volume/Lomeyo-Work/Practice-Projects(Internship)/ogani-ecommerce/vendor/laravel/framework/src/Illuminate/Routing/Router.php(911): Illuminate\\Http\\Response->__construct()
#26 /media/suraiya/New Volume/Lomeyo-Work/Practice-Projects(Internship)/ogani-ecommerce/vendor/laravel/framework/src/Illuminate/Routing/Router.php(878): Illuminate\\Routing\\Router::toResponse()
#27 /media/suraiya/New Volume/Lomeyo-Work/Practice-Projects(Internship)/ogani-ecommerce/vendor/laravel/framework/src/Illuminate/Routing/Router.php(798): Illuminate\\Routing\\Router->prepareResponse()
#28 /media/suraiya/New Volume/Lomeyo-Work/Practice-Projects(Internship)/ogani-ecommerce/vendor/laravel/framework/src/Illuminate/Pipeline/Pipeline.php(141): Illuminate\\Routing\\Router->Illuminate\\Routing\\{closure}()
#29 /media/suraiya/New Volume/Lomeyo-Work/Practice-Projects(Internship)/ogani-ecommerce/vendor/laravel/framework/src/Illuminate/Routing/Middleware/SubstituteBindings.php(50): Illuminate\\Pipeline\\Pipeline->Illuminate\\Pipeline\\{closure}()
#30 /media/suraiya/New Volume/Lomeyo-Work/Practice-Projects(Internship)/ogani-ecommerce/vendor/laravel/framework/src/Illuminate/Pipeline/Pipeline.php(180): Illuminate\\Routing\\Middleware\\SubstituteBindings->handle()
#31 /media/suraiya/New Volume/Lomeyo-Work/Practice-Projects(Internship)/ogani-ecommerce/vendor/laravel/framework/src/Illuminate/Foundation/Http/Middleware/VerifyCsrfToken.php(78): Illuminate\\Pipeline\\Pipeline->Illuminate\\Pipeline\\{closure}()
#32 /media/suraiya/New Volume/Lomeyo-Work/Practice-Projects(Internship)/ogani-ecommerce/vendor/laravel/framework/src/Illuminate/Pipeline/Pipeline.php(180): Illuminate\\Foundation\\Http\\Middleware\\VerifyCsrfToken->handle()
#33 /media/suraiya/New Volume/Lomeyo-Work/Practice-Projects(Internship)/ogani-ecommerce/vendor/laravel/framework/src/Illuminate/View/Middleware/ShareErrorsFromSession.php(49): Illuminate\\Pipeline\\Pipeline->Illuminate\\Pipeline\\{closure}()
#34 /media/suraiya/New Volume/Lomeyo-Work/Practice-Projects(Internship)/ogani-ecommerce/vendor/laravel/framework/src/Illuminate/Pipeline/Pipeline.php(180): Illuminate\\View\\Middleware\\ShareErrorsFromSession->handle()
#35 /media/suraiya/New Volume/Lomeyo-Work/Practice-Projects(Internship)/ogani-ecommerce/vendor/laravel/framework/src/Illuminate/Session/Middleware/StartSession.php(121): Illuminate\\Pipeline\\Pipeline->Illuminate\\Pipeline\\{closure}()
#36 /media/suraiya/New Volume/Lomeyo-Work/Practice-Projects(Internship)/ogani-ecommerce/vendor/laravel/framework/src/Illuminate/Session/Middleware/StartSession.php(64): Illuminate\\Session\\Middleware\\StartSession->handleStatefulRequest()
#37 /media/suraiya/New Volume/Lomeyo-Work/Practice-Projects(Internship)/ogani-ecommerce/vendor/laravel/framework/src/Illuminate/Pipeline/Pipeline.php(180): Illuminate\\Session\\Middleware\\StartSession->handle()
#38 /media/suraiya/New Volume/Lomeyo-Work/Practice-Projects(Internship)/ogani-ecommerce/vendor/laravel/framework/src/Illuminate/Cookie/Middleware/AddQueuedCookiesToResponse.php(37): Illuminate\\Pipeline\\Pipeline->Illuminate\\Pipeline\\{closure}()
#39 /media/suraiya/New Volume/Lomeyo-Work/Practice-Projects(Internship)/ogani-ecommerce/vendor/laravel/framework/src/Illuminate/Pipeline/Pipeline.php(180): Illuminate\\Cookie\\Middleware\\AddQueuedCookiesToResponse->handle()
#40 /media/suraiya/New Volume/Lomeyo-Work/Practice-Projects(Internship)/ogani-ecommerce/vendor/laravel/framework/src/Illuminate/Cookie/Middleware/EncryptCookies.php(67): Illuminate\\Pipeline\\Pipeline->Illuminate\\Pipeline\\{closure}()
#41 /media/suraiya/New Volume/Lomeyo-Work/Practice-Projects(Internship)/ogani-ecommerce/vendor/laravel/framework/src/Illuminate/Pipeline/Pipeline.php(180): Illuminate\\Cookie\\Middleware\\EncryptCookies->handle()
#42 /media/suraiya/New Volume/Lomeyo-Work/Practice-Projects(Internship)/ogani-ecommerce/vendor/laravel/framework/src/Illuminate/Pipeline/Pipeline.php(116): Illuminate\\Pipeline\\Pipeline->Illuminate\\Pipeline\\{closure}()
#43 /media/suraiya/New Volume/Lomeyo-Work/Practice-Projects(Internship)/ogani-ecommerce/vendor/laravel/framework/src/Illuminate/Routing/Router.php(798): Illuminate\\Pipeline\\Pipeline->then()
#44 /media/suraiya/New Volume/Lomeyo-Work/Practice-Projects(Internship)/ogani-ecommerce/vendor/laravel/framework/src/Illuminate/Routing/Router.php(777): Illuminate\\Routing\\Router->runRouteWithinStack()
#45 /media/suraiya/New Volume/Lomeyo-Work/Practice-Projects(Internship)/ogani-ecommerce/vendor/laravel/framework/src/Illuminate/Routing/Router.php(741): Illuminate\\Routing\\Router->runRoute()
#46 /media/suraiya/New Volume/Lomeyo-Work/Practice-Projects(Internship)/ogani-ecommerce/vendor/laravel/framework/src/Illuminate/Routing/Router.php(730): Illuminate\\Routing\\Router->dispatchToRoute()
#47 /media/suraiya/New Volume/Lomeyo-Work/Practice-Projects(Internship)/ogani-ecommerce/vendor/laravel/framework/src/Illuminate/Foundation/Http/Kernel.php(200): Illuminate\\Routing\\Router->dispatch()
#48 /media/suraiya/New Volume/Lomeyo-Work/Practice-Projects(Internship)/ogani-ecommerce/vendor/laravel/framework/src/Illuminate/Pipeline/Pipeline.php(141): Illuminate\\Foundation\\Http\\Kernel->Illuminate\\Foundation\\Http\\{closure}()
#49 /media/suraiya/New Volume/Lomeyo-Work/Practice-Projects(Internship)/ogani-ecommerce/vendor/laravel/framework/src/Illuminate/Foundation/Http/Middleware/TransformsRequest.php(21): Illuminate\\Pipeline\\Pipeline->Illuminate\\Pipeline\\{closure}()
#50 /media/suraiya/New Volume/Lomeyo-Work/Practice-Projects(Internship)/ogani-ecommerce/vendor/laravel/framework/src/Illuminate/Foundation/Http/Middleware/ConvertEmptyStringsToNull.php(31): Illuminate\\Foundation\\Http\\Middleware\\TransformsRequest->handle()
#51 /media/suraiya/New Volume/Lomeyo-Work/Practice-Projects(Internship)/ogani-ecommerce/vendor/laravel/framework/src/Illuminate/Pipeline/Pipeline.php(180): Illuminate\\Foundation\\Http\\Middleware\\ConvertEmptyStringsToNull->handle()
#52 /media/suraiya/New Volume/Lomeyo-Work/Practice-Projects(Internship)/ogani-ecommerce/vendor/laravel/framework/src/Illuminate/Foundation/Http/Middleware/TransformsRequest.php(21): Illuminate\\Pipeline\\Pipeline->Illuminate\\Pipeline\\{closure}()
#53 /media/suraiya/New Volume/Lomeyo-Work/Practice-Projects(Internship)/ogani-ecommerce/vendor/laravel/framework/src/Illuminate/Foundation/Http/Middleware/TrimStrings.php(40): Illuminate\\Foundation\\Http\\Middleware\\TransformsRequest->handle()
#54 /media/suraiya/New Volume/Lomeyo-Work/Practice-Projects(Internship)/ogani-ecommerce/vendor/laravel/framework/src/Illuminate/Pipeline/Pipeline.php(180): Illuminate\\Foundation\\Http\\Middleware\\TrimStrings->handle()
#55 /media/suraiya/New Volume/Lomeyo-Work/Practice-Projects(Internship)/ogani-ecommerce/vendor/laravel/framework/src/Illuminate/Foundation/Http/Middleware/ValidatePostSize.php(27): Illuminate\\Pipeline\\Pipeline->Illuminate\\Pipeline\\{closure}()
#56 /media/suraiya/New Volume/Lomeyo-Work/Practice-Projects(Internship)/ogani-ecommerce/vendor/laravel/framework/src/Illuminate/Pipeline/Pipeline.php(180): Illuminate\\Foundation\\Http\\Middleware\\ValidatePostSize->handle()
#57 /media/suraiya/New Volume/Lomeyo-Work/Practice-Projects(Internship)/ogani-ecommerce/vendor/laravel/framework/src/Illuminate/Foundation/Http/Middleware/PreventRequestsDuringMaintenance.php(86): Illuminate\\Pipeline\\Pipeline->Illuminate\\Pipeline\\{closure}()
#58 /media/suraiya/New Volume/Lomeyo-Work/Practice-Projects(Internship)/ogani-ecommerce/vendor/laravel/framework/src/Illuminate/Pipeline/Pipeline.php(180): Illuminate\\Foundation\\Http\\Middleware\\PreventRequestsDuringMaintenance->handle()
#59 /media/suraiya/New Volume/Lomeyo-Work/Practice-Projects(Internship)/ogani-ecommerce/vendor/laravel/framework/src/Illuminate/Http/Middleware/HandleCors.php(49): Illuminate\\Pipeline\\Pipeline->Illuminate\\Pipeline\\{closure}()
#60 /media/suraiya/New Volume/Lomeyo-Work/Practice-Projects(Internship)/ogani-ecommerce/vendor/laravel/framework/src/Illuminate/Pipeline/Pipeline.php(180): Illuminate\\Http\\Middleware\\HandleCors->handle()
#61 /media/suraiya/New Volume/Lomeyo-Work/Practice-Projects(Internship)/ogani-ecommerce/vendor/laravel/framework/src/Illuminate/Http/Middleware/TrustProxies.php(39): Illuminate\\Pipeline\\Pipeline->Illuminate\\Pipeline\\{closure}()
#62 /media/suraiya/New Volume/Lomeyo-Work/Practice-Projects(Internship)/ogani-ecommerce/vendor/laravel/framework/src/Illuminate/Pipeline/Pipeline.php(180): Illuminate\\Http\\Middleware\\TrustProxies->handle()
#63 /media/suraiya/New Volume/Lomeyo-Work/Practice-Projects(Internship)/ogani-ecommerce/vendor/laravel/framework/src/Illuminate/Pipeline/Pipeline.php(116): Illuminate\\Pipeline\\Pipeline->Illuminate\\Pipeline\\{closure}()
#64 /media/suraiya/New Volume/Lomeyo-Work/Practice-Projects(Internship)/ogani-ecommerce/vendor/laravel/framework/src/Illuminate/Foundation/Http/Kernel.php(175): Illuminate\\Pipeline\\Pipeline->then()
#65 /media/suraiya/New Volume/Lomeyo-Work/Practice-Projects(Internship)/ogani-ecommerce/vendor/laravel/framework/src/Illuminate/Foundation/Http/Kernel.php(144): Illuminate\\Foundation\\Http\\Kernel->sendRequestThroughRouter()
#66 /media/suraiya/New Volume/Lomeyo-Work/Practice-Projects(Internship)/ogani-ecommerce/public/index.php(51): Illuminate\\Foundation\\Http\\Kernel->handle()
#67 /media/suraiya/New Volume/Lomeyo-Work/Practice-Projects(Internship)/ogani-ecommerce/vendor/laravel/framework/src/Illuminate/Foundation/resources/server.php(16): require_once('...')
#68 {main}

[previous exception] [object] (Error(code: 0): Undefined constant \"frontend\" at /media/suraiya/New Volume/Lomeyo-Work/Practice-Projects(Internship)/ogani-ecommerce/storage/framework/views/fca5849e53e863123480d7310c986be8.php:83)
[stacktrace]
#0 /media/suraiya/New Volume/Lomeyo-Work/Practice-Projects(Internship)/ogani-ecommerce/vendor/laravel/framework/src/Illuminate/Filesystem/Filesystem.php(124): require()
#1 /media/suraiya/New Volume/Lomeyo-Work/Practice-Projects(Internship)/ogani-ecommerce/vendor/laravel/framework/src/Illuminate/Filesystem/Filesystem.php(125): Illuminate\\Filesystem\\Filesystem::Illuminate\\Filesystem\\{closure}()
#2 /media/suraiya/New Volume/Lomeyo-Work/Practice-Projects(Internship)/ogani-ecommerce/vendor/laravel/framework/src/Illuminate/View/Engines/PhpEngine.php(58): Illuminate\\Filesystem\\Filesystem->getRequire()
#3 /media/suraiya/New Volume/Lomeyo-Work/Practice-Projects(Internship)/ogani-ecommerce/vendor/laravel/framework/src/Illuminate/View/Engines/CompilerEngine.php(70): Illuminate\\View\\Engines\\PhpEngine->evaluatePath()
#4 /media/suraiya/New Volume/Lomeyo-Work/Practice-Projects(Internship)/ogani-ecommerce/vendor/laravel/framework/src/Illuminate/View/View.php(195): Illuminate\\View\\Engines\\CompilerEngine->get()
#5 /media/suraiya/New Volume/Lomeyo-Work/Practice-Projects(Internship)/ogani-ecommerce/vendor/laravel/framework/src/Illuminate/View/View.php(178): Illuminate\\View\\View->getContents()
#6 /media/suraiya/New Volume/Lomeyo-Work/Practice-Projects(Internship)/ogani-ecommerce/vendor/laravel/framework/src/Illuminate/View/View.php(147): Illuminate\\View\\View->renderContents()
#7 /media/suraiya/New Volume/Lomeyo-Work/Practice-Projects(Internship)/ogani-ecommerce/storage/framework/views/b8b66ae55bcd77389b4226012816b11e.php(1): Illuminate\\View\\View->render()
#8 /media/suraiya/New Volume/Lomeyo-Work/Practice-Projects(Internship)/ogani-ecommerce/vendor/laravel/framework/src/Illuminate/Filesystem/Filesystem.php(124): require('...')
#9 /media/suraiya/New Volume/Lomeyo-Work/Practice-Projects(Internship)/ogani-ecommerce/vendor/laravel/framework/src/Illuminate/Filesystem/Filesystem.php(125): Illuminate\\Filesystem\\Filesystem::Illuminate\\Filesystem\\{closure}()
#10 /media/suraiya/New Volume/Lomeyo-Work/Practice-Projects(Internship)/ogani-ecommerce/vendor/laravel/framework/src/Illuminate/View/Engines/PhpEngine.php(58): Illuminate\\Filesystem\\Filesystem->getRequire()
#11 /media/suraiya/New Volume/Lomeyo-Work/Practice-Projects(Internship)/ogani-ecommerce/vendor/laravel/framework/src/Illuminate/View/Engines/CompilerEngine.php(70): Illuminate\\View\\Engines\\PhpEngine->evaluatePath()
#12 /media/suraiya/New Volume/Lomeyo-Work/Practice-Projects(Internship)/ogani-ecommerce/vendor/laravel/framework/src/Illuminate/View/View.php(195): Illuminate\\View\\Engines\\CompilerEngine->get()
#13 /media/suraiya/New Volume/Lomeyo-Work/Practice-Projects(Internship)/ogani-ecommerce/vendor/laravel/framework/src/Illuminate/View/View.php(178): Illuminate\\View\\View->getContents()
#14 /media/suraiya/New Volume/Lomeyo-Work/Practice-Projects(Internship)/ogani-ecommerce/vendor/laravel/framework/src/Illuminate/View/View.php(147): Illuminate\\View\\View->renderContents()
#15 /media/suraiya/New Volume/Lomeyo-Work/Practice-Projects(Internship)/ogani-ecommerce/storage/framework/views/5d87826ac1c4025d4c835480e29a6244.php(300): Illuminate\\View\\View->render()
#16 /media/suraiya/New Volume/Lomeyo-Work/Practice-Projects(Internship)/ogani-ecommerce/vendor/laravel/framework/src/Illuminate/Filesystem/Filesystem.php(124): require('...')
#17 /media/suraiya/New Volume/Lomeyo-Work/Practice-Projects(Internship)/ogani-ecommerce/vendor/laravel/framework/src/Illuminate/Filesystem/Filesystem.php(125): Illuminate\\Filesystem\\Filesystem::Illuminate\\Filesystem\\{closure}()
#18 /media/suraiya/New Volume/Lomeyo-Work/Practice-Projects(Internship)/ogani-ecommerce/vendor/laravel/framework/src/Illuminate/View/Engines/PhpEngine.php(58): Illuminate\\Filesystem\\Filesystem->getRequire()
#19 /media/suraiya/New Volume/Lomeyo-Work/Practice-Projects(Internship)/ogani-ecommerce/vendor/laravel/framework/src/Illuminate/View/Engines/CompilerEngine.php(70): Illuminate\\View\\Engines\\PhpEngine->evaluatePath()
#20 /media/suraiya/New Volume/Lomeyo-Work/Practice-Projects(Internship)/ogani-ecommerce/vendor/laravel/framework/src/Illuminate/View/View.php(195): Illuminate\\View\\Engines\\CompilerEngine->get()
#21 /media/suraiya/New Volume/Lomeyo-Work/Practice-Projects(Internship)/ogani-ecommerce/vendor/laravel/framework/src/Illuminate/View/View.php(178): Illuminate\\View\\View->getContents()
#22 /media/suraiya/New Volume/Lomeyo-Work/Practice-Projects(Internship)/ogani-ecommerce/vendor/laravel/framework/src/Illuminate/View/View.php(147): Illuminate\\View\\View->renderContents()
#23 /media/suraiya/New Volume/Lomeyo-Work/Practice-Projects(Internship)/ogani-ecommerce/vendor/laravel/framework/src/Illuminate/Http/Response.php(69): Illuminate\\View\\View->render()
#24 /media/suraiya/New Volume/Lomeyo-Work/Practice-Projects(Internship)/ogani-ecommerce/vendor/laravel/framework/src/Illuminate/Http/Response.php(35): Illuminate\\Http\\Response->setContent()
#25 /media/suraiya/New Volume/Lomeyo-Work/Practice-Projects(Internship)/ogani-ecommerce/vendor/laravel/framework/src/Illuminate/Routing/Router.php(911): Illuminate\\Http\\Response->__construct()
#26 /media/suraiya/New Volume/Lomeyo-Work/Practice-Projects(Internship)/ogani-ecommerce/vendor/laravel/framework/src/Illuminate/Routing/Router.php(878): Illuminate\\Routing\\Router::toResponse()
#27 /media/suraiya/New Volume/Lomeyo-Work/Practice-Projects(Internship)/ogani-ecommerce/vendor/laravel/framework/src/Illuminate/Routing/Router.php(798): Illuminate\\Routing\\Router->prepareResponse()
#28 /media/suraiya/New Volume/Lomeyo-Work/Practice-Projects(Internship)/ogani-ecommerce/vendor/laravel/framework/src/Illuminate/Pipeline/Pipeline.php(141): Illuminate\\Routing\\Router->Illuminate\\Routing\\{closure}()
#29 /media/suraiya/New Volume/Lomeyo-Work/Practice-Projects(Internship)/ogani-ecommerce/vendor/laravel/framework/src/Illuminate/Routing/Middleware/SubstituteBindings.php(50): Illuminate\\Pipeline\\Pipeline->Illuminate\\Pipeline\\{closure}()
#30 /media/suraiya/New Volume/Lomeyo-Work/Practice-Projects(Internship)/ogani-ecommerce/vendor/laravel/framework/src/Illuminate/Pipeline/Pipeline.php(180): Illuminate\\Routing\\Middleware\\SubstituteBindings->handle()
#31 /media/suraiya/New Volume/Lomeyo-Work/Practice-Projects(Internship)/ogani-ecommerce/vendor/laravel/framework/src/Illuminate/Foundation/Http/Middleware/VerifyCsrfToken.php(78): Illuminate\\Pipeline\\Pipeline->Illuminate\\Pipeline\\{closure}()
#32 /media/suraiya/New Volume/Lomeyo-Work/Practice-Projects(Internship)/ogani-ecommerce/vendor/laravel/framework/src/Illuminate/Pipeline/Pipeline.php(180): Illuminate\\Foundation\\Http\\Middleware\\VerifyCsrfToken->handle()
#33 /media/suraiya/New Volume/Lomeyo-Work/Practice-Projects(Internship)/ogani-ecommerce/vendor/laravel/framework/src/Illuminate/View/Middleware/ShareErrorsFromSession.php(49): Illuminate\\Pipeline\\Pipeline->Illuminate\\Pipeline\\{closure}()
#34 /media/suraiya/New Volume/Lomeyo-Work/Practice-Projects(Internship)/ogani-ecommerce/vendor/laravel/framework/src/Illuminate/Pipeline/Pipeline.php(180): Illuminate\\View\\Middleware\\ShareErrorsFromSession->handle()
#35 /media/suraiya/New Volume/Lomeyo-Work/Practice-Projects(Internship)/ogani-ecommerce/vendor/laravel/framework/src/Illuminate/Session/Middleware/StartSession.php(121): Illuminate\\Pipeline\\Pipeline->Illuminate\\Pipeline\\{closure}()
#36 /media/suraiya/New Volume/Lomeyo-Work/Practice-Projects(Internship)/ogani-ecommerce/vendor/laravel/framework/src/Illuminate/Session/Middleware/StartSession.php(64): Illuminate\\Session\\Middleware\\StartSession->handleStatefulRequest()
#37 /media/suraiya/New Volume/Lomeyo-Work/Practice-Projects(Internship)/ogani-ecommerce/vendor/laravel/framework/src/Illuminate/Pipeline/Pipeline.php(180): Illuminate\\Session\\Middleware\\StartSession->handle()
#38 /media/suraiya/New Volume/Lomeyo-Work/Practice-Projects(Internship)/ogani-ecommerce/vendor/laravel/framework/src/Illuminate/Cookie/Middleware/AddQueuedCookiesToResponse.php(37): Illuminate\\Pipeline\\Pipeline->Illuminate\\Pipeline\\{closure}()
#39 /media/suraiya/New Volume/Lomeyo-Work/Practice-Projects(Internship)/ogani-ecommerce/vendor/laravel/framework/src/Illuminate/Pipeline/Pipeline.php(180): Illuminate\\Cookie\\Middleware\\AddQueuedCookiesToResponse->handle()
#40 /media/suraiya/New Volume/Lomeyo-Work/Practice-Projects(Internship)/ogani-ecommerce/vendor/laravel/framework/src/Illuminate/Cookie/Middleware/EncryptCookies.php(67): Illuminate\\Pipeline\\Pipeline->Illuminate\\Pipeline\\{closure}()
#41 /media/suraiya/New Volume/Lomeyo-Work/Practice-Projects(Internship)/ogani-ecommerce/vendor/laravel/framework/src/Illuminate/Pipeline/Pipeline.php(180): Illuminate\\Cookie\\Middleware\\EncryptCookies->handle()
#42 /media/suraiya/New Volume/Lomeyo-Work/Practice-Projects(Internship)/ogani-ecommerce/vendor/laravel/framework/src/Illuminate/Pipeline/Pipeline.php(116): Illuminate\\Pipeline\\Pipeline->Illuminate\\Pipeline\\{closure}()
#43 /media/suraiya/New Volume/Lomeyo-Work/Practice-Projects(Internship)/ogani-ecommerce/vendor/laravel/framework/src/Illuminate/Routing/Router.php(798): Illuminate\\Pipeline\\Pipeline->then()
#44 /media/suraiya/New Volume/Lomeyo-Work/Practice-Projects(Internship)/ogani-ecommerce/vendor/laravel/framework/src/Illuminate/Routing/Router.php(777): Illuminate\\Routing\\Router->runRouteWithinStack()
#45 /media/suraiya/New Volume/Lomeyo-Work/Practice-Projects(Internship)/ogani-ecommerce/vendor/laravel/framework/src/Illuminate/Routing/Router.php(741): Illuminate\\Routing\\Router->runRoute()
#46 /media/suraiya/New Volume/Lomeyo-Work/Practice-Projects(Internship)/ogani-ecommerce/vendor/laravel/framework/src/Illuminate/Routing/Router.php(730): Illuminate\\Routing\\Router->dispatchToRoute()
#47 /media/suraiya/New Volume/Lomeyo-Work/Practice-Projects(Internship)/ogani-ecommerce/vendor/laravel/framework/src/Illuminate/Foundation/Http/Kernel.php(200): Illuminate\\Routing\\Router->dispatch()
#48 /media/suraiya/New Volume/Lomeyo-Work/Practice-Projects(Internship)/ogani-ecommerce/vendor/laravel/framework/src/Illuminate/Pipeline/Pipeline.php(141): Illuminate\\Foundation\\Http\\Kernel->Illuminate\\Foundation\\Http\\{closure}()
#49 /media/suraiya/New Volume/Lomeyo-Work/Practice-Projects(Internship)/ogani-ecommerce/vendor/laravel/framework/src/Illuminate/Foundation/Http/Middleware/TransformsRequest.php(21): Illuminate\\Pipeline\\Pipeline->Illuminate\\Pipeline\\{closure}()
#50 /media/suraiya/New Volume/Lomeyo-Work/Practice-Projects(Internship)/ogani-ecommerce/vendor/laravel/framework/src/Illuminate/Foundation/Http/Middleware/ConvertEmptyStringsToNull.php(31): Illuminate\\Foundation\\Http\\Middleware\\TransformsRequest->handle()
#51 /media/suraiya/New Volume/Lomeyo-Work/Practice-Projects(Internship)/ogani-ecommerce/vendor/laravel/framework/src/Illuminate/Pipeline/Pipeline.php(180): Illuminate\\Foundation\\Http\\Middleware\\ConvertEmptyStringsToNull->handle()
#52 /media/suraiya/New Volume/Lomeyo-Work/Practice-Projects(Internship)/ogani-ecommerce/vendor/laravel/framework/src/Illuminate/Foundation/Http/Middleware/TransformsRequest.php(21): Illuminate\\Pipeline\\Pipeline->Illuminate\\Pipeline\\{closure}()
#53 /media/suraiya/New Volume/Lomeyo-Work/Practice-Projects(Internship)/ogani-ecommerce/vendor/laravel/framework/src/Illuminate/Foundation/Http/Middleware/TrimStrings.php(40): Illuminate\\Foundation\\Http\\Middleware\\TransformsRequest->handle()
#54 /media/suraiya/New Volume/Lomeyo-Work/Practice-Projects(Internship)/ogani-ecommerce/vendor/laravel/framework/src/Illuminate/Pipeline/Pipeline.php(180): Illuminate\\Foundation\\Http\\Middleware\\TrimStrings->handle()
#55 /media/suraiya/New Volume/Lomeyo-Work/Practice-Projects(Internship)/ogani-ecommerce/vendor/laravel/framework/src/Illuminate/Foundation/Http/Middleware/ValidatePostSize.php(27): Illuminate\\Pipeline\\Pipeline->Illuminate\\Pipeline\\{closure}()
#56 /media/suraiya/New Volume/Lomeyo-Work/Practice-Projects(Internship)/ogani-ecommerce/vendor/laravel/framework/src/Illuminate/Pipeline/Pipeline.php(180): Illuminate\\Foundation\\Http\\Middleware\\ValidatePostSize->handle()
#57 /media/suraiya/New Volume/Lomeyo-Work/Practice-Projects(Internship)/ogani-ecommerce/vendor/laravel/framework/src/Illuminate/Foundation/Http/Middleware/PreventRequestsDuringMaintenance.php(86): Illuminate\\Pipeline\\Pipeline->Illuminate\\Pipeline\\{closure}()
#58 /media/suraiya/New Volume/Lomeyo-Work/Practice-Projects(Internship)/ogani-ecommerce/vendor/laravel/framework/src/Illuminate/Pipeline/Pipeline.php(180): Illuminate\\Foundation\\Http\\Middleware\\PreventRequestsDuringMaintenance->handle()
#59 /media/suraiya/New Volume/Lomeyo-Work/Practice-Projects(Internship)/ogani-ecommerce/vendor/laravel/framework/src/Illuminate/Http/Middleware/HandleCors.php(49): Illuminate\\Pipeline\\Pipeline->Illuminate\\Pipeline\\{closure}()
#60 /media/suraiya/New Volume/Lomeyo-Work/Practice-Projects(Internship)/ogani-ecommerce/vendor/laravel/framework/src/Illuminate/Pipeline/Pipeline.php(180): Illuminate\\Http\\Middleware\\HandleCors->handle()
#61 /media/suraiya/New Volume/Lomeyo-Work/Practice-Projects(Internship)/ogani-ecommerce/vendor/laravel/framework/src/Illuminate/Http/Middleware/TrustProxies.php(39): Illuminate\\Pipeline\\Pipeline->Illuminate\\Pipeline\\{closure}()
#62 /media/suraiya/New Volume/Lomeyo-Work/Practice-Projects(Internship)/ogani-ecommerce/vendor/laravel/framework/src/Illuminate/Pipeline/Pipeline.php(180): Illuminate\\Http\\Middleware\\TrustProxies->handle()
#63 /media/suraiya/New Volume/Lomeyo-Work/Practice-Projects(Internship)/ogani-ecommerce/vendor/laravel/framework/src/Illuminate/Pipeline/Pipeline.php(116): Illuminate\\Pipeline\\Pipeline->Illuminate\\Pipeline\\{closure}()
#64 /media/suraiya/New Volume/Lomeyo-Work/Practice-Projects(Internship)/ogani-ecommerce/vendor/laravel/framework/src/Illuminate/Foundation/Http/Kernel.php(175): Illuminate\\Pipeline\\Pipeline->then()
#65 /media/suraiya/New Volume/Lomeyo-Work/Practice-Projects(Internship)/ogani-ecommerce/vendor/laravel/framework/src/Illuminate/Foundation/Http/Kernel.php(144): Illuminate\\Foundation\\Http\\Kernel->sendRequestThroughRouter()
#66 /media/suraiya/New Volume/Lomeyo-Work/Practice-Projects(Internship)/ogani-ecommerce/public/index.php(51): Illuminate\\Foundation\\Http\\Kernel->handle()
#67 /media/suraiya/New Volume/Lomeyo-Work/Practice-Projects(Internship)/ogani-ecommerce/vendor/laravel/framework/src/Illuminate/Foundation/resources/server.php(16): require_once('...')
#68 {main}
"} 
[2024-08-20 12:09:43] local.ERROR: Undefined constant "frontend" {"view":{"view":"/media/suraiya/New Volume/Lomeyo-Work/Practice-Projects(Internship","data":[]},"userId":1,"exception":"[object] (Spatie\\LaravelIgnition\\Exceptions\\ViewException(code: 0): Undefined constant \"frontend\" at /media/suraiya/New Volume/Lomeyo-Work/Practice-Projects(Internship)/ogani-ecommerce/resources/views/frontend/layouts/header.blade.php:83)
[stacktrace]
#0 /media/suraiya/New Volume/Lomeyo-Work/Practice-Projects(Internship)/ogani-ecommerce/vendor/laravel/framework/src/Illuminate/Filesystem/Filesystem.php(124): require()
#1 /media/suraiya/New Volume/Lomeyo-Work/Practice-Projects(Internship)/ogani-ecommerce/vendor/laravel/framework/src/Illuminate/Filesystem/Filesystem.php(125): Illuminate\\Filesystem\\Filesystem::Illuminate\\Filesystem\\{closure}()
#2 /media/suraiya/New Volume/Lomeyo-Work/Practice-Projects(Internship)/ogani-ecommerce/vendor/laravel/framework/src/Illuminate/View/Engines/PhpEngine.php(58): Illuminate\\Filesystem\\Filesystem->getRequire()
#3 /media/suraiya/New Volume/Lomeyo-Work/Practice-Projects(Internship)/ogani-ecommerce/vendor/laravel/framework/src/Illuminate/View/Engines/CompilerEngine.php(70): Illuminate\\View\\Engines\\PhpEngine->evaluatePath()
#4 /media/suraiya/New Volume/Lomeyo-Work/Practice-Projects(Internship)/ogani-ecommerce/vendor/laravel/framework/src/Illuminate/View/View.php(195): Illuminate\\View\\Engines\\CompilerEngine->get()
#5 /media/suraiya/New Volume/Lomeyo-Work/Practice-Projects(Internship)/ogani-ecommerce/vendor/laravel/framework/src/Illuminate/View/View.php(178): Illuminate\\View\\View->getContents()
#6 /media/suraiya/New Volume/Lomeyo-Work/Practice-Projects(Internship)/ogani-ecommerce/vendor/laravel/framework/src/Illuminate/View/View.php(147): Illuminate\\View\\View->renderContents()
#7 /media/suraiya/New Volume/Lomeyo-Work/Practice-Projects(Internship)/ogani-ecommerce/resources/views/frontend/layouts/app.blade.php(1): Illuminate\\View\\View->render()
#8 /media/suraiya/New Volume/Lomeyo-Work/Practice-Projects(Internship)/ogani-ecommerce/vendor/laravel/framework/src/Illuminate/Filesystem/Filesystem.php(124): require('...')
#9 /media/suraiya/New Volume/Lomeyo-Work/Practice-Projects(Internship)/ogani-ecommerce/vendor/laravel/framework/src/Illuminate/Filesystem/Filesystem.php(125): Illuminate\\Filesystem\\Filesystem::Illuminate\\Filesystem\\{closure}()
#10 /media/suraiya/New Volume/Lomeyo-Work/Practice-Projects(Internship)/ogani-ecommerce/vendor/laravel/framework/src/Illuminate/View/Engines/PhpEngine.php(58): Illuminate\\Filesystem\\Filesystem->getRequire()
#11 /media/suraiya/New Volume/Lomeyo-Work/Practice-Projects(Internship)/ogani-ecommerce/vendor/laravel/framework/src/Illuminate/View/Engines/CompilerEngine.php(70): Illuminate\\View\\Engines\\PhpEngine->evaluatePath()
#12 /media/suraiya/New Volume/Lomeyo-Work/Practice-Projects(Internship)/ogani-ecommerce/vendor/laravel/framework/src/Illuminate/View/View.php(195): Illuminate\\View\\Engines\\CompilerEngine->get()
#13 /media/suraiya/New Volume/Lomeyo-Work/Practice-Projects(Internship)/ogani-ecommerce/vendor/laravel/framework/src/Illuminate/View/View.php(178): Illuminate\\View\\View->getContents()
#14 /media/suraiya/New Volume/Lomeyo-Work/Practice-Projects(Internship)/ogani-ecommerce/vendor/laravel/framework/src/Illuminate/View/View.php(147): Illuminate\\View\\View->renderContents()
#15 /media/suraiya/New Volume/Lomeyo-Work/Practice-Projects(Internship)/ogani-ecommerce/resources/views/frontend/shop/product-details.blade.php(295): Illuminate\\View\\View->render()
#16 /media/suraiya/New Volume/Lomeyo-Work/Practice-Projects(Internship)/ogani-ecommerce/vendor/laravel/framework/src/Illuminate/Filesystem/Filesystem.php(124): require('...')
#17 /media/suraiya/New Volume/Lomeyo-Work/Practice-Projects(Internship)/ogani-ecommerce/vendor/laravel/framework/src/Illuminate/Filesystem/Filesystem.php(125): Illuminate\\Filesystem\\Filesystem::Illuminate\\Filesystem\\{closure}()
#18 /media/suraiya/New Volume/Lomeyo-Work/Practice-Projects(Internship)/ogani-ecommerce/vendor/laravel/framework/src/Illuminate/View/Engines/PhpEngine.php(58): Illuminate\\Filesystem\\Filesystem->getRequire()
#19 /media/suraiya/New Volume/Lomeyo-Work/Practice-Projects(Internship)/ogani-ecommerce/vendor/laravel/framework/src/Illuminate/View/Engines/CompilerEngine.php(70): Illuminate\\View\\Engines\\PhpEngine->evaluatePath()
#20 /media/suraiya/New Volume/Lomeyo-Work/Practice-Projects(Internship)/ogani-ecommerce/vendor/laravel/framework/src/Illuminate/View/View.php(195): Illuminate\\View\\Engines\\CompilerEngine->get()
#21 /media/suraiya/New Volume/Lomeyo-Work/Practice-Projects(Internship)/ogani-ecommerce/vendor/laravel/framework/src/Illuminate/View/View.php(178): Illuminate\\View\\View->getContents()
#22 /media/suraiya/New Volume/Lomeyo-Work/Practice-Projects(Internship)/ogani-ecommerce/vendor/laravel/framework/src/Illuminate/View/View.php(147): Illuminate\\View\\View->renderContents()
#23 /media/suraiya/New Volume/Lomeyo-Work/Practice-Projects(Internship)/ogani-ecommerce/vendor/laravel/framework/src/Illuminate/Http/Response.php(69): Illuminate\\View\\View->render()
#24 /media/suraiya/New Volume/Lomeyo-Work/Practice-Projects(Internship)/ogani-ecommerce/vendor/laravel/framework/src/Illuminate/Http/Response.php(35): Illuminate\\Http\\Response->setContent()
#25 /media/suraiya/New Volume/Lomeyo-Work/Practice-Projects(Internship)/ogani-ecommerce/vendor/laravel/framework/src/Illuminate/Routing/Router.php(911): Illuminate\\Http\\Response->__construct()
#26 /media/suraiya/New Volume/Lomeyo-Work/Practice-Projects(Internship)/ogani-ecommerce/vendor/laravel/framework/src/Illuminate/Routing/Router.php(878): Illuminate\\Routing\\Router::toResponse()
#27 /media/suraiya/New Volume/Lomeyo-Work/Practice-Projects(Internship)/ogani-ecommerce/vendor/laravel/framework/src/Illuminate/Routing/Router.php(798): Illuminate\\Routing\\Router->prepareResponse()
#28 /media/suraiya/New Volume/Lomeyo-Work/Practice-Projects(Internship)/ogani-ecommerce/vendor/laravel/framework/src/Illuminate/Pipeline/Pipeline.php(141): Illuminate\\Routing\\Router->Illuminate\\Routing\\{closure}()
#29 /media/suraiya/New Volume/Lomeyo-Work/Practice-Projects(Internship)/ogani-ecommerce/vendor/laravel/framework/src/Illuminate/Routing/Middleware/SubstituteBindings.php(50): Illuminate\\Pipeline\\Pipeline->Illuminate\\Pipeline\\{closure}()
#30 /media/suraiya/New Volume/Lomeyo-Work/Practice-Projects(Internship)/ogani-ecommerce/vendor/laravel/framework/src/Illuminate/Pipeline/Pipeline.php(180): Illuminate\\Routing\\Middleware\\SubstituteBindings->handle()
#31 /media/suraiya/New Volume/Lomeyo-Work/Practice-Projects(Internship)/ogani-ecommerce/vendor/laravel/framework/src/Illuminate/Foundation/Http/Middleware/VerifyCsrfToken.php(78): Illuminate\\Pipeline\\Pipeline->Illuminate\\Pipeline\\{closure}()
#32 /media/suraiya/New Volume/Lomeyo-Work/Practice-Projects(Internship)/ogani-ecommerce/vendor/laravel/framework/src/Illuminate/Pipeline/Pipeline.php(180): Illuminate\\Foundation\\Http\\Middleware\\VerifyCsrfToken->handle()
#33 /media/suraiya/New Volume/Lomeyo-Work/Practice-Projects(Internship)/ogani-ecommerce/vendor/laravel/framework/src/Illuminate/View/Middleware/ShareErrorsFromSession.php(49): Illuminate\\Pipeline\\Pipeline->Illuminate\\Pipeline\\{closure}()
#34 /media/suraiya/New Volume/Lomeyo-Work/Practice-Projects(Internship)/ogani-ecommerce/vendor/laravel/framework/src/Illuminate/Pipeline/Pipeline.php(180): Illuminate\\View\\Middleware\\ShareErrorsFromSession->handle()
#35 /media/suraiya/New Volume/Lomeyo-Work/Practice-Projects(Internship)/ogani-ecommerce/vendor/laravel/framework/src/Illuminate/Session/Middleware/StartSession.php(121): Illuminate\\Pipeline\\Pipeline->Illuminate\\Pipeline\\{closure}()
#36 /media/suraiya/New Volume/Lomeyo-Work/Practice-Projects(Internship)/ogani-ecommerce/vendor/laravel/framework/src/Illuminate/Session/Middleware/StartSession.php(64): Illuminate\\Session\\Middleware\\StartSession->handleStatefulRequest()
#37 /media/suraiya/New Volume/Lomeyo-Work/Practice-Projects(Internship)/ogani-ecommerce/vendor/laravel/framework/src/Illuminate/Pipeline/Pipeline.php(180): Illuminate\\Session\\Middleware\\StartSession->handle()
#38 /media/suraiya/New Volume/Lomeyo-Work/Practice-Projects(Internship)/ogani-ecommerce/vendor/laravel/framework/src/Illuminate/Cookie/Middleware/AddQueuedCookiesToResponse.php(37): Illuminate\\Pipeline\\Pipeline->Illuminate\\Pipeline\\{closure}()
#39 /media/suraiya/New Volume/Lomeyo-Work/Practice-Projects(Internship)/ogani-ecommerce/vendor/laravel/framework/src/Illuminate/Pipeline/Pipeline.php(180): Illuminate\\Cookie\\Middleware\\AddQueuedCookiesToResponse->handle()
#40 /media/suraiya/New Volume/Lomeyo-Work/Practice-Projects(Internship)/ogani-ecommerce/vendor/laravel/framework/src/Illuminate/Cookie/Middleware/EncryptCookies.php(67): Illuminate\\Pipeline\\Pipeline->Illuminate\\Pipeline\\{closure}()
#41 /media/suraiya/New Volume/Lomeyo-Work/Practice-Projects(Internship)/ogani-ecommerce/vendor/laravel/framework/src/Illuminate/Pipeline/Pipeline.php(180): Illuminate\\Cookie\\Middleware\\EncryptCookies->handle()
#42 /media/suraiya/New Volume/Lomeyo-Work/Practice-Projects(Internship)/ogani-ecommerce/vendor/laravel/framework/src/Illuminate/Pipeline/Pipeline.php(116): Illuminate\\Pipeline\\Pipeline->Illuminate\\Pipeline\\{closure}()
#43 /media/suraiya/New Volume/Lomeyo-Work/Practice-Projects(Internship)/ogani-ecommerce/vendor/laravel/framework/src/Illuminate/Routing/Router.php(798): Illuminate\\Pipeline\\Pipeline->then()
#44 /media/suraiya/New Volume/Lomeyo-Work/Practice-Projects(Internship)/ogani-ecommerce/vendor/laravel/framework/src/Illuminate/Routing/Router.php(777): Illuminate\\Routing\\Router->runRouteWithinStack()
#45 /media/suraiya/New Volume/Lomeyo-Work/Practice-Projects(Internship)/ogani-ecommerce/vendor/laravel/framework/src/Illuminate/Routing/Router.php(741): Illuminate\\Routing\\Router->runRoute()
#46 /media/suraiya/New Volume/Lomeyo-Work/Practice-Projects(Internship)/ogani-ecommerce/vendor/laravel/framework/src/Illuminate/Routing/Router.php(730): Illuminate\\Routing\\Router->dispatchToRoute()
#47 /media/suraiya/New Volume/Lomeyo-Work/Practice-Projects(Internship)/ogani-ecommerce/vendor/laravel/framework/src/Illuminate/Foundation/Http/Kernel.php(200): Illuminate\\Routing\\Router->dispatch()
#48 /media/suraiya/New Volume/Lomeyo-Work/Practice-Projects(Internship)/ogani-ecommerce/vendor/laravel/framework/src/Illuminate/Pipeline/Pipeline.php(141): Illuminate\\Foundation\\Http\\Kernel->Illuminate\\Foundation\\Http\\{closure}()
#49 /media/suraiya/New Volume/Lomeyo-Work/Practice-Projects(Internship)/ogani-ecommerce/vendor/laravel/framework/src/Illuminate/Foundation/Http/Middleware/TransformsRequest.php(21): Illuminate\\Pipeline\\Pipeline->Illuminate\\Pipeline\\{closure}()
#50 /media/suraiya/New Volume/Lomeyo-Work/Practice-Projects(Internship)/ogani-ecommerce/vendor/laravel/framework/src/Illuminate/Foundation/Http/Middleware/ConvertEmptyStringsToNull.php(31): Illuminate\\Foundation\\Http\\Middleware\\TransformsRequest->handle()
#51 /media/suraiya/New Volume/Lomeyo-Work/Practice-Projects(Internship)/ogani-ecommerce/vendor/laravel/framework/src/Illuminate/Pipeline/Pipeline.php(180): Illuminate\\Foundation\\Http\\Middleware\\ConvertEmptyStringsToNull->handle()
#52 /media/suraiya/New Volume/Lomeyo-Work/Practice-Projects(Internship)/ogani-ecommerce/vendor/laravel/framework/src/Illuminate/Foundation/Http/Middleware/TransformsRequest.php(21): Illuminate\\Pipeline\\Pipeline->Illuminate\\Pipeline\\{closure}()
#53 /media/suraiya/New Volume/Lomeyo-Work/Practice-Projects(Internship)/ogani-ecommerce/vendor/laravel/framework/src/Illuminate/Foundation/Http/Middleware/TrimStrings.php(40): Illuminate\\Foundation\\Http\\Middleware\\TransformsRequest->handle()
#54 /media/suraiya/New Volume/Lomeyo-Work/Practice-Projects(Internship)/ogani-ecommerce/vendor/laravel/framework/src/Illuminate/Pipeline/Pipeline.php(180): Illuminate\\Foundation\\Http\\Middleware\\TrimStrings->handle()
#55 /media/suraiya/New Volume/Lomeyo-Work/Practice-Projects(Internship)/ogani-ecommerce/vendor/laravel/framework/src/Illuminate/Foundation/Http/Middleware/ValidatePostSize.php(27): Illuminate\\Pipeline\\Pipeline->Illuminate\\Pipeline\\{closure}()
#56 /media/suraiya/New Volume/Lomeyo-Work/Practice-Projects(Internship)/ogani-ecommerce/vendor/laravel/framework/src/Illuminate/Pipeline/Pipeline.php(180): Illuminate\\Foundation\\Http\\Middleware\\ValidatePostSize->handle()
#57 /media/suraiya/New Volume/Lomeyo-Work/Practice-Projects(Internship)/ogani-ecommerce/vendor/laravel/framework/src/Illuminate/Foundation/Http/Middleware/PreventRequestsDuringMaintenance.php(86): Illuminate\\Pipeline\\Pipeline->Illuminate\\Pipeline\\{closure}()
#58 /media/suraiya/New Volume/Lomeyo-Work/Practice-Projects(Internship)/ogani-ecommerce/vendor/laravel/framework/src/Illuminate/Pipeline/Pipeline.php(180): Illuminate\\Foundation\\Http\\Middleware\\PreventRequestsDuringMaintenance->handle()
#59 /media/suraiya/New Volume/Lomeyo-Work/Practice-Projects(Internship)/ogani-ecommerce/vendor/laravel/framework/src/Illuminate/Http/Middleware/HandleCors.php(49): Illuminate\\Pipeline\\Pipeline->Illuminate\\Pipeline\\{closure}()
#60 /media/suraiya/New Volume/Lomeyo-Work/Practice-Projects(Internship)/ogani-ecommerce/vendor/laravel/framework/src/Illuminate/Pipeline/Pipeline.php(180): Illuminate\\Http\\Middleware\\HandleCors->handle()
#61 /media/suraiya/New Volume/Lomeyo-Work/Practice-Projects(Internship)/ogani-ecommerce/vendor/laravel/framework/src/Illuminate/Http/Middleware/TrustProxies.php(39): Illuminate\\Pipeline\\Pipeline->Illuminate\\Pipeline\\{closure}()
#62 /media/suraiya/New Volume/Lomeyo-Work/Practice-Projects(Internship)/ogani-ecommerce/vendor/laravel/framework/src/Illuminate/Pipeline/Pipeline.php(180): Illuminate\\Http\\Middleware\\TrustProxies->handle()
#63 /media/suraiya/New Volume/Lomeyo-Work/Practice-Projects(Internship)/ogani-ecommerce/vendor/laravel/framework/src/Illuminate/Pipeline/Pipeline.php(116): Illuminate\\Pipeline\\Pipeline->Illuminate\\Pipeline\\{closure}()
#64 /media/suraiya/New Volume/Lomeyo-Work/Practice-Projects(Internship)/ogani-ecommerce/vendor/laravel/framework/src/Illuminate/Foundation/Http/Kernel.php(175): Illuminate\\Pipeline\\Pipeline->then()
#65 /media/suraiya/New Volume/Lomeyo-Work/Practice-Projects(Internship)/ogani-ecommerce/vendor/laravel/framework/src/Illuminate/Foundation/Http/Kernel.php(144): Illuminate\\Foundation\\Http\\Kernel->sendRequestThroughRouter()
#66 /media/suraiya/New Volume/Lomeyo-Work/Practice-Projects(Internship)/ogani-ecommerce/public/index.php(51): Illuminate\\Foundation\\Http\\Kernel->handle()
#67 /media/suraiya/New Volume/Lomeyo-Work/Practice-Projects(Internship)/ogani-ecommerce/vendor/laravel/framework/src/Illuminate/Foundation/resources/server.php(16): require_once('...')
#68 {main}

[previous exception] [object] (Error(code: 0): Undefined constant \"frontend\" at /media/suraiya/New Volume/Lomeyo-Work/Practice-Projects(Internship)/ogani-ecommerce/storage/framework/views/fca5849e53e863123480d7310c986be8.php:83)
[stacktrace]
#0 /media/suraiya/New Volume/Lomeyo-Work/Practice-Projects(Internship)/ogani-ecommerce/vendor/laravel/framework/src/Illuminate/Filesystem/Filesystem.php(124): require()
#1 /media/suraiya/New Volume/Lomeyo-Work/Practice-Projects(Internship)/ogani-ecommerce/vendor/laravel/framework/src/Illuminate/Filesystem/Filesystem.php(125): Illuminate\\Filesystem\\Filesystem::Illuminate\\Filesystem\\{closure}()
#2 /media/suraiya/New Volume/Lomeyo-Work/Practice-Projects(Internship)/ogani-ecommerce/vendor/laravel/framework/src/Illuminate/View/Engines/PhpEngine.php(58): Illuminate\\Filesystem\\Filesystem->getRequire()
#3 /media/suraiya/New Volume/Lomeyo-Work/Practice-Projects(Internship)/ogani-ecommerce/vendor/laravel/framework/src/Illuminate/View/Engines/CompilerEngine.php(70): Illuminate\\View\\Engines\\PhpEngine->evaluatePath()
#4 /media/suraiya/New Volume/Lomeyo-Work/Practice-Projects(Internship)/ogani-ecommerce/vendor/laravel/framework/src/Illuminate/View/View.php(195): Illuminate\\View\\Engines\\CompilerEngine->get()
#5 /media/suraiya/New Volume/Lomeyo-Work/Practice-Projects(Internship)/ogani-ecommerce/vendor/laravel/framework/src/Illuminate/View/View.php(178): Illuminate\\View\\View->getContents()
#6 /media/suraiya/New Volume/Lomeyo-Work/Practice-Projects(Internship)/ogani-ecommerce/vendor/laravel/framework/src/Illuminate/View/View.php(147): Illuminate\\View\\View->renderContents()
#7 /media/suraiya/New Volume/Lomeyo-Work/Practice-Projects(Internship)/ogani-ecommerce/storage/framework/views/b8b66ae55bcd77389b4226012816b11e.php(1): Illuminate\\View\\View->render()
#8 /media/suraiya/New Volume/Lomeyo-Work/Practice-Projects(Internship)/ogani-ecommerce/vendor/laravel/framework/src/Illuminate/Filesystem/Filesystem.php(124): require('...')
#9 /media/suraiya/New Volume/Lomeyo-Work/Practice-Projects(Internship)/ogani-ecommerce/vendor/laravel/framework/src/Illuminate/Filesystem/Filesystem.php(125): Illuminate\\Filesystem\\Filesystem::Illuminate\\Filesystem\\{closure}()
#10 /media/suraiya/New Volume/Lomeyo-Work/Practice-Projects(Internship)/ogani-ecommerce/vendor/laravel/framework/src/Illuminate/View/Engines/PhpEngine.php(58): Illuminate\\Filesystem\\Filesystem->getRequire()
#11 /media/suraiya/New Volume/Lomeyo-Work/Practice-Projects(Internship)/ogani-ecommerce/vendor/laravel/framework/src/Illuminate/View/Engines/CompilerEngine.php(70): Illuminate\\View\\Engines\\PhpEngine->evaluatePath()
#12 /media/suraiya/New Volume/Lomeyo-Work/Practice-Projects(Internship)/ogani-ecommerce/vendor/laravel/framework/src/Illuminate/View/View.php(195): Illuminate\\View\\Engines\\CompilerEngine->get()
#13 /media/suraiya/New Volume/Lomeyo-Work/Practice-Projects(Internship)/ogani-ecommerce/vendor/laravel/framework/src/Illuminate/View/View.php(178): Illuminate\\View\\View->getContents()
#14 /media/suraiya/New Volume/Lomeyo-Work/Practice-Projects(Internship)/ogani-ecommerce/vendor/laravel/framework/src/Illuminate/View/View.php(147): Illuminate\\View\\View->renderContents()
#15 /media/suraiya/New Volume/Lomeyo-Work/Practice-Projects(Internship)/ogani-ecommerce/storage/framework/views/5d87826ac1c4025d4c835480e29a6244.php(300): Illuminate\\View\\View->render()
#16 /media/suraiya/New Volume/Lomeyo-Work/Practice-Projects(Internship)/ogani-ecommerce/vendor/laravel/framework/src/Illuminate/Filesystem/Filesystem.php(124): require('...')
#17 /media/suraiya/New Volume/Lomeyo-Work/Practice-Projects(Internship)/ogani-ecommerce/vendor/laravel/framework/src/Illuminate/Filesystem/Filesystem.php(125): Illuminate\\Filesystem\\Filesystem::Illuminate\\Filesystem\\{closure}()
#18 /media/suraiya/New Volume/Lomeyo-Work/Practice-Projects(Internship)/ogani-ecommerce/vendor/laravel/framework/src/Illuminate/View/Engines/PhpEngine.php(58): Illuminate\\Filesystem\\Filesystem->getRequire()
#19 /media/suraiya/New Volume/Lomeyo-Work/Practice-Projects(Internship)/ogani-ecommerce/vendor/laravel/framework/src/Illuminate/View/Engines/CompilerEngine.php(70): Illuminate\\View\\Engines\\PhpEngine->evaluatePath()
#20 /media/suraiya/New Volume/Lomeyo-Work/Practice-Projects(Internship)/ogani-ecommerce/vendor/laravel/framework/src/Illuminate/View/View.php(195): Illuminate\\View\\Engines\\CompilerEngine->get()
#21 /media/suraiya/New Volume/Lomeyo-Work/Practice-Projects(Internship)/ogani-ecommerce/vendor/laravel/framework/src/Illuminate/View/View.php(178): Illuminate\\View\\View->getContents()
#22 /media/suraiya/New Volume/Lomeyo-Work/Practice-Projects(Internship)/ogani-ecommerce/vendor/laravel/framework/src/Illuminate/View/View.php(147): Illuminate\\View\\View->renderContents()
#23 /media/suraiya/New Volume/Lomeyo-Work/Practice-Projects(Internship)/ogani-ecommerce/vendor/laravel/framework/src/Illuminate/Http/Response.php(69): Illuminate\\View\\View->render()
#24 /media/suraiya/New Volume/Lomeyo-Work/Practice-Projects(Internship)/ogani-ecommerce/vendor/laravel/framework/src/Illuminate/Http/Response.php(35): Illuminate\\Http\\Response->setContent()
#25 /media/suraiya/New Volume/Lomeyo-Work/Practice-Projects(Internship)/ogani-ecommerce/vendor/laravel/framework/src/Illuminate/Routing/Router.php(911): Illuminate\\Http\\Response->__construct()
#26 /media/suraiya/New Volume/Lomeyo-Work/Practice-Projects(Internship)/ogani-ecommerce/vendor/laravel/framework/src/Illuminate/Routing/Router.php(878): Illuminate\\Routing\\Router::toResponse()
#27 /media/suraiya/New Volume/Lomeyo-Work/Practice-Projects(Internship)/ogani-ecommerce/vendor/laravel/framework/src/Illuminate/Routing/Router.php(798): Illuminate\\Routing\\Router->prepareResponse()
#28 /media/suraiya/New Volume/Lomeyo-Work/Practice-Projects(Internship)/ogani-ecommerce/vendor/laravel/framework/src/Illuminate/Pipeline/Pipeline.php(141): Illuminate\\Routing\\Router->Illuminate\\Routing\\{closure}()
#29 /media/suraiya/New Volume/Lomeyo-Work/Practice-Projects(Internship)/ogani-ecommerce/vendor/laravel/framework/src/Illuminate/Routing/Middleware/SubstituteBindings.php(50): Illuminate\\Pipeline\\Pipeline->Illuminate\\Pipeline\\{closure}()
#30 /media/suraiya/New Volume/Lomeyo-Work/Practice-Projects(Internship)/ogani-ecommerce/vendor/laravel/framework/src/Illuminate/Pipeline/Pipeline.php(180): Illuminate\\Routing\\Middleware\\SubstituteBindings->handle()
#31 /media/suraiya/New Volume/Lomeyo-Work/Practice-Projects(Internship)/ogani-ecommerce/vendor/laravel/framework/src/Illuminate/Foundation/Http/Middleware/VerifyCsrfToken.php(78): Illuminate\\Pipeline\\Pipeline->Illuminate\\Pipeline\\{closure}()
#32 /media/suraiya/New Volume/Lomeyo-Work/Practice-Projects(Internship)/ogani-ecommerce/vendor/laravel/framework/src/Illuminate/Pipeline/Pipeline.php(180): Illuminate\\Foundation\\Http\\Middleware\\VerifyCsrfToken->handle()
#33 /media/suraiya/New Volume/Lomeyo-Work/Practice-Projects(Internship)/ogani-ecommerce/vendor/laravel/framework/src/Illuminate/View/Middleware/ShareErrorsFromSession.php(49): Illuminate\\Pipeline\\Pipeline->Illuminate\\Pipeline\\{closure}()
#34 /media/suraiya/New Volume/Lomeyo-Work/Practice-Projects(Internship)/ogani-ecommerce/vendor/laravel/framework/src/Illuminate/Pipeline/Pipeline.php(180): Illuminate\\View\\Middleware\\ShareErrorsFromSession->handle()
#35 /media/suraiya/New Volume/Lomeyo-Work/Practice-Projects(Internship)/ogani-ecommerce/vendor/laravel/framework/src/Illuminate/Session/Middleware/StartSession.php(121): Illuminate\\Pipeline\\Pipeline->Illuminate\\Pipeline\\{closure}()
#36 /media/suraiya/New Volume/Lomeyo-Work/Practice-Projects(Internship)/ogani-ecommerce/vendor/laravel/framework/src/Illuminate/Session/Middleware/StartSession.php(64): Illuminate\\Session\\Middleware\\StartSession->handleStatefulRequest()
#37 /media/suraiya/New Volume/Lomeyo-Work/Practice-Projects(Internship)/ogani-ecommerce/vendor/laravel/framework/src/Illuminate/Pipeline/Pipeline.php(180): Illuminate\\Session\\Middleware\\StartSession->handle()
#38 /media/suraiya/New Volume/Lomeyo-Work/Practice-Projects(Internship)/ogani-ecommerce/vendor/laravel/framework/src/Illuminate/Cookie/Middleware/AddQueuedCookiesToResponse.php(37): Illuminate\\Pipeline\\Pipeline->Illuminate\\Pipeline\\{closure}()
#39 /media/suraiya/New Volume/Lomeyo-Work/Practice-Projects(Internship)/ogani-ecommerce/vendor/laravel/framework/src/Illuminate/Pipeline/Pipeline.php(180): Illuminate\\Cookie\\Middleware\\AddQueuedCookiesToResponse->handle()
#40 /media/suraiya/New Volume/Lomeyo-Work/Practice-Projects(Internship)/ogani-ecommerce/vendor/laravel/framework/src/Illuminate/Cookie/Middleware/EncryptCookies.php(67): Illuminate\\Pipeline\\Pipeline->Illuminate\\Pipeline\\{closure}()
#41 /media/suraiya/New Volume/Lomeyo-Work/Practice-Projects(Internship)/ogani-ecommerce/vendor/laravel/framework/src/Illuminate/Pipeline/Pipeline.php(180): Illuminate\\Cookie\\Middleware\\EncryptCookies->handle()
#42 /media/suraiya/New Volume/Lomeyo-Work/Practice-Projects(Internship)/ogani-ecommerce/vendor/laravel/framework/src/Illuminate/Pipeline/Pipeline.php(116): Illuminate\\Pipeline\\Pipeline->Illuminate\\Pipeline\\{closure}()
#43 /media/suraiya/New Volume/Lomeyo-Work/Practice-Projects(Internship)/ogani-ecommerce/vendor/laravel/framework/src/Illuminate/Routing/Router.php(798): Illuminate\\Pipeline\\Pipeline->then()
#44 /media/suraiya/New Volume/Lomeyo-Work/Practice-Projects(Internship)/ogani-ecommerce/vendor/laravel/framework/src/Illuminate/Routing/Router.php(777): Illuminate\\Routing\\Router->runRouteWithinStack()
#45 /media/suraiya/New Volume/Lomeyo-Work/Practice-Projects(Internship)/ogani-ecommerce/vendor/laravel/framework/src/Illuminate/Routing/Router.php(741): Illuminate\\Routing\\Router->runRoute()
#46 /media/suraiya/New Volume/Lomeyo-Work/Practice-Projects(Internship)/ogani-ecommerce/vendor/laravel/framework/src/Illuminate/Routing/Router.php(730): Illuminate\\Routing\\Router->dispatchToRoute()
#47 /media/suraiya/New Volume/Lomeyo-Work/Practice-Projects(Internship)/ogani-ecommerce/vendor/laravel/framework/src/Illuminate/Foundation/Http/Kernel.php(200): Illuminate\\Routing\\Router->dispatch()
#48 /media/suraiya/New Volume/Lomeyo-Work/Practice-Projects(Internship)/ogani-ecommerce/vendor/laravel/framework/src/Illuminate/Pipeline/Pipeline.php(141): Illuminate\\Foundation\\Http\\Kernel->Illuminate\\Foundation\\Http\\{closure}()
#49 /media/suraiya/New Volume/Lomeyo-Work/Practice-Projects(Internship)/ogani-ecommerce/vendor/laravel/framework/src/Illuminate/Foundation/Http/Middleware/TransformsRequest.php(21): Illuminate\\Pipeline\\Pipeline->Illuminate\\Pipeline\\{closure}()
#50 /media/suraiya/New Volume/Lomeyo-Work/Practice-Projects(Internship)/ogani-ecommerce/vendor/laravel/framework/src/Illuminate/Foundation/Http/Middleware/ConvertEmptyStringsToNull.php(31): Illuminate\\Foundation\\Http\\Middleware\\TransformsRequest->handle()
#51 /media/suraiya/New Volume/Lomeyo-Work/Practice-Projects(Internship)/ogani-ecommerce/vendor/laravel/framework/src/Illuminate/Pipeline/Pipeline.php(180): Illuminate\\Foundation\\Http\\Middleware\\ConvertEmptyStringsToNull->handle()
#52 /media/suraiya/New Volume/Lomeyo-Work/Practice-Projects(Internship)/ogani-ecommerce/vendor/laravel/framework/src/Illuminate/Foundation/Http/Middleware/TransformsRequest.php(21): Illuminate\\Pipeline\\Pipeline->Illuminate\\Pipeline\\{closure}()
#53 /media/suraiya/New Volume/Lomeyo-Work/Practice-Projects(Internship)/ogani-ecommerce/vendor/laravel/framework/src/Illuminate/Foundation/Http/Middleware/TrimStrings.php(40): Illuminate\\Foundation\\Http\\Middleware\\TransformsRequest->handle()
#54 /media/suraiya/New Volume/Lomeyo-Work/Practice-Projects(Internship)/ogani-ecommerce/vendor/laravel/framework/src/Illuminate/Pipeline/Pipeline.php(180): Illuminate\\Foundation\\Http\\Middleware\\TrimStrings->handle()
#55 /media/suraiya/New Volume/Lomeyo-Work/Practice-Projects(Internship)/ogani-ecommerce/vendor/laravel/framework/src/Illuminate/Foundation/Http/Middleware/ValidatePostSize.php(27): Illuminate\\Pipeline\\Pipeline->Illuminate\\Pipeline\\{closure}()
#56 /media/suraiya/New Volume/Lomeyo-Work/Practice-Projects(Internship)/ogani-ecommerce/vendor/laravel/framework/src/Illuminate/Pipeline/Pipeline.php(180): Illuminate\\Foundation\\Http\\Middleware\\ValidatePostSize->handle()
#57 /media/suraiya/New Volume/Lomeyo-Work/Practice-Projects(Internship)/ogani-ecommerce/vendor/laravel/framework/src/Illuminate/Foundation/Http/Middleware/PreventRequestsDuringMaintenance.php(86): Illuminate\\Pipeline\\Pipeline->Illuminate\\Pipeline\\{closure}()
#58 /media/suraiya/New Volume/Lomeyo-Work/Practice-Projects(Internship)/ogani-ecommerce/vendor/laravel/framework/src/Illuminate/Pipeline/Pipeline.php(180): Illuminate\\Foundation\\Http\\Middleware\\PreventRequestsDuringMaintenance->handle()
#59 /media/suraiya/New Volume/Lomeyo-Work/Practice-Projects(Internship)/ogani-ecommerce/vendor/laravel/framework/src/Illuminate/Http/Middleware/HandleCors.php(49): Illuminate\\Pipeline\\Pipeline->Illuminate\\Pipeline\\{closure}()
#60 /media/suraiya/New Volume/Lomeyo-Work/Practice-Projects(Internship)/ogani-ecommerce/vendor/laravel/framework/src/Illuminate/Pipeline/Pipeline.php(180): Illuminate\\Http\\Middleware\\HandleCors->handle()
#61 /media/suraiya/New Volume/Lomeyo-Work/Practice-Projects(Internship)/ogani-ecommerce/vendor/laravel/framework/src/Illuminate/Http/Middleware/TrustProxies.php(39): Illuminate\\Pipeline\\Pipeline->Illuminate\\Pipeline\\{closure}()
#62 /media/suraiya/New Volume/Lomeyo-Work/Practice-Projects(Internship)/ogani-ecommerce/vendor/laravel/framework/src/Illuminate/Pipeline/Pipeline.php(180): Illuminate\\Http\\Middleware\\TrustProxies->handle()
#63 /media/suraiya/New Volume/Lomeyo-Work/Practice-Projects(Internship)/ogani-ecommerce/vendor/laravel/framework/src/Illuminate/Pipeline/Pipeline.php(116): Illuminate\\Pipeline\\Pipeline->Illuminate\\Pipeline\\{closure}()
#64 /media/suraiya/New Volume/Lomeyo-Work/Practice-Projects(Internship)/ogani-ecommerce/vendor/laravel/framework/src/Illuminate/Foundation/Http/Kernel.php(175): Illuminate\\Pipeline\\Pipeline->then()
#65 /media/suraiya/New Volume/Lomeyo-Work/Practice-Projects(Internship)/ogani-ecommerce/vendor/laravel/framework/src/Illuminate/Foundation/Http/Kernel.php(144): Illuminate\\Foundation\\Http\\Kernel->sendRequestThroughRouter()
#66 /media/suraiya/New Volume/Lomeyo-Work/Practice-Projects(Internship)/ogani-ecommerce/public/index.php(51): Illuminate\\Foundation\\Http\\Kernel->handle()
#67 /media/suraiya/New Volume/Lomeyo-Work/Practice-Projects(Internship)/ogani-ecommerce/vendor/laravel/framework/src/Illuminate/Foundation/resources/server.php(16): require_once('...')
#68 {main}
"} 
[2024-08-20 12:12:03] local.ERROR: Undefined constant "frontend" {"view":{"view":"/media/suraiya/New Volume/Lomeyo-Work/Practice-Projects(Internship","data":[]},"userId":1,"exception":"[object] (Spatie\\LaravelIgnition\\Exceptions\\ViewException(code: 0): Undefined constant \"frontend\" at /media/suraiya/New Volume/Lomeyo-Work/Practice-Projects(Internship)/ogani-ecommerce/resources/views/frontend/layouts/header.blade.php:84)
[stacktrace]
#0 /media/suraiya/New Volume/Lomeyo-Work/Practice-Projects(Internship)/ogani-ecommerce/vendor/laravel/framework/src/Illuminate/Filesystem/Filesystem.php(124): require()
#1 /media/suraiya/New Volume/Lomeyo-Work/Practice-Projects(Internship)/ogani-ecommerce/vendor/laravel/framework/src/Illuminate/Filesystem/Filesystem.php(125): Illuminate\\Filesystem\\Filesystem::Illuminate\\Filesystem\\{closure}()
#2 /media/suraiya/New Volume/Lomeyo-Work/Practice-Projects(Internship)/ogani-ecommerce/vendor/laravel/framework/src/Illuminate/View/Engines/PhpEngine.php(58): Illuminate\\Filesystem\\Filesystem->getRequire()
#3 /media/suraiya/New Volume/Lomeyo-Work/Practice-Projects(Internship)/ogani-ecommerce/vendor/laravel/framework/src/Illuminate/View/Engines/CompilerEngine.php(70): Illuminate\\View\\Engines\\PhpEngine->evaluatePath()
#4 /media/suraiya/New Volume/Lomeyo-Work/Practice-Projects(Internship)/ogani-ecommerce/vendor/laravel/framework/src/Illuminate/View/View.php(195): Illuminate\\View\\Engines\\CompilerEngine->get()
#5 /media/suraiya/New Volume/Lomeyo-Work/Practice-Projects(Internship)/ogani-ecommerce/vendor/laravel/framework/src/Illuminate/View/View.php(178): Illuminate\\View\\View->getContents()
#6 /media/suraiya/New Volume/Lomeyo-Work/Practice-Projects(Internship)/ogani-ecommerce/vendor/laravel/framework/src/Illuminate/View/View.php(147): Illuminate\\View\\View->renderContents()
#7 /media/suraiya/New Volume/Lomeyo-Work/Practice-Projects(Internship)/ogani-ecommerce/resources/views/frontend/layouts/app.blade.php(1): Illuminate\\View\\View->render()
#8 /media/suraiya/New Volume/Lomeyo-Work/Practice-Projects(Internship)/ogani-ecommerce/vendor/laravel/framework/src/Illuminate/Filesystem/Filesystem.php(124): require('...')
#9 /media/suraiya/New Volume/Lomeyo-Work/Practice-Projects(Internship)/ogani-ecommerce/vendor/laravel/framework/src/Illuminate/Filesystem/Filesystem.php(125): Illuminate\\Filesystem\\Filesystem::Illuminate\\Filesystem\\{closure}()
#10 /media/suraiya/New Volume/Lomeyo-Work/Practice-Projects(Internship)/ogani-ecommerce/vendor/laravel/framework/src/Illuminate/View/Engines/PhpEngine.php(58): Illuminate\\Filesystem\\Filesystem->getRequire()
#11 /media/suraiya/New Volume/Lomeyo-Work/Practice-Projects(Internship)/ogani-ecommerce/vendor/laravel/framework/src/Illuminate/View/Engines/CompilerEngine.php(70): Illuminate\\View\\Engines\\PhpEngine->evaluatePath()
#12 /media/suraiya/New Volume/Lomeyo-Work/Practice-Projects(Internship)/ogani-ecommerce/vendor/laravel/framework/src/Illuminate/View/View.php(195): Illuminate\\View\\Engines\\CompilerEngine->get()
#13 /media/suraiya/New Volume/Lomeyo-Work/Practice-Projects(Internship)/ogani-ecommerce/vendor/laravel/framework/src/Illuminate/View/View.php(178): Illuminate\\View\\View->getContents()
#14 /media/suraiya/New Volume/Lomeyo-Work/Practice-Projects(Internship)/ogani-ecommerce/vendor/laravel/framework/src/Illuminate/View/View.php(147): Illuminate\\View\\View->renderContents()
#15 /media/suraiya/New Volume/Lomeyo-Work/Practice-Projects(Internship)/ogani-ecommerce/resources/views/frontend/shop/product-details.blade.php(295): Illuminate\\View\\View->render()
#16 /media/suraiya/New Volume/Lomeyo-Work/Practice-Projects(Internship)/ogani-ecommerce/vendor/laravel/framework/src/Illuminate/Filesystem/Filesystem.php(124): require('...')
#17 /media/suraiya/New Volume/Lomeyo-Work/Practice-Projects(Internship)/ogani-ecommerce/vendor/laravel/framework/src/Illuminate/Filesystem/Filesystem.php(125): Illuminate\\Filesystem\\Filesystem::Illuminate\\Filesystem\\{closure}()
#18 /media/suraiya/New Volume/Lomeyo-Work/Practice-Projects(Internship)/ogani-ecommerce/vendor/laravel/framework/src/Illuminate/View/Engines/PhpEngine.php(58): Illuminate\\Filesystem\\Filesystem->getRequire()
#19 /media/suraiya/New Volume/Lomeyo-Work/Practice-Projects(Internship)/ogani-ecommerce/vendor/laravel/framework/src/Illuminate/View/Engines/CompilerEngine.php(70): Illuminate\\View\\Engines\\PhpEngine->evaluatePath()
#20 /media/suraiya/New Volume/Lomeyo-Work/Practice-Projects(Internship)/ogani-ecommerce/vendor/laravel/framework/src/Illuminate/View/View.php(195): Illuminate\\View\\Engines\\CompilerEngine->get()
#21 /media/suraiya/New Volume/Lomeyo-Work/Practice-Projects(Internship)/ogani-ecommerce/vendor/laravel/framework/src/Illuminate/View/View.php(178): Illuminate\\View\\View->getContents()
#22 /media/suraiya/New Volume/Lomeyo-Work/Practice-Projects(Internship)/ogani-ecommerce/vendor/laravel/framework/src/Illuminate/View/View.php(147): Illuminate\\View\\View->renderContents()
#23 /media/suraiya/New Volume/Lomeyo-Work/Practice-Projects(Internship)/ogani-ecommerce/vendor/laravel/framework/src/Illuminate/Http/Response.php(69): Illuminate\\View\\View->render()
#24 /media/suraiya/New Volume/Lomeyo-Work/Practice-Projects(Internship)/ogani-ecommerce/vendor/laravel/framework/src/Illuminate/Http/Response.php(35): Illuminate\\Http\\Response->setContent()
#25 /media/suraiya/New Volume/Lomeyo-Work/Practice-Projects(Internship)/ogani-ecommerce/vendor/laravel/framework/src/Illuminate/Routing/Router.php(911): Illuminate\\Http\\Response->__construct()
#26 /media/suraiya/New Volume/Lomeyo-Work/Practice-Projects(Internship)/ogani-ecommerce/vendor/laravel/framework/src/Illuminate/Routing/Router.php(878): Illuminate\\Routing\\Router::toResponse()
#27 /media/suraiya/New Volume/Lomeyo-Work/Practice-Projects(Internship)/ogani-ecommerce/vendor/laravel/framework/src/Illuminate/Routing/Router.php(798): Illuminate\\Routing\\Router->prepareResponse()
#28 /media/suraiya/New Volume/Lomeyo-Work/Practice-Projects(Internship)/ogani-ecommerce/vendor/laravel/framework/src/Illuminate/Pipeline/Pipeline.php(141): Illuminate\\Routing\\Router->Illuminate\\Routing\\{closure}()
#29 /media/suraiya/New Volume/Lomeyo-Work/Practice-Projects(Internship)/ogani-ecommerce/vendor/laravel/framework/src/Illuminate/Routing/Middleware/SubstituteBindings.php(50): Illuminate\\Pipeline\\Pipeline->Illuminate\\Pipeline\\{closure}()
#30 /media/suraiya/New Volume/Lomeyo-Work/Practice-Projects(Internship)/ogani-ecommerce/vendor/laravel/framework/src/Illuminate/Pipeline/Pipeline.php(180): Illuminate\\Routing\\Middleware\\SubstituteBindings->handle()
#31 /media/suraiya/New Volume/Lomeyo-Work/Practice-Projects(Internship)/ogani-ecommerce/vendor/laravel/framework/src/Illuminate/Foundation/Http/Middleware/VerifyCsrfToken.php(78): Illuminate\\Pipeline\\Pipeline->Illuminate\\Pipeline\\{closure}()
#32 /media/suraiya/New Volume/Lomeyo-Work/Practice-Projects(Internship)/ogani-ecommerce/vendor/laravel/framework/src/Illuminate/Pipeline/Pipeline.php(180): Illuminate\\Foundation\\Http\\Middleware\\VerifyCsrfToken->handle()
#33 /media/suraiya/New Volume/Lomeyo-Work/Practice-Projects(Internship)/ogani-ecommerce/vendor/laravel/framework/src/Illuminate/View/Middleware/ShareErrorsFromSession.php(49): Illuminate\\Pipeline\\Pipeline->Illuminate\\Pipeline\\{closure}()
#34 /media/suraiya/New Volume/Lomeyo-Work/Practice-Projects(Internship)/ogani-ecommerce/vendor/laravel/framework/src/Illuminate/Pipeline/Pipeline.php(180): Illuminate\\View\\Middleware\\ShareErrorsFromSession->handle()
#35 /media/suraiya/New Volume/Lomeyo-Work/Practice-Projects(Internship)/ogani-ecommerce/vendor/laravel/framework/src/Illuminate/Session/Middleware/StartSession.php(121): Illuminate\\Pipeline\\Pipeline->Illuminate\\Pipeline\\{closure}()
#36 /media/suraiya/New Volume/Lomeyo-Work/Practice-Projects(Internship)/ogani-ecommerce/vendor/laravel/framework/src/Illuminate/Session/Middleware/StartSession.php(64): Illuminate\\Session\\Middleware\\StartSession->handleStatefulRequest()
#37 /media/suraiya/New Volume/Lomeyo-Work/Practice-Projects(Internship)/ogani-ecommerce/vendor/laravel/framework/src/Illuminate/Pipeline/Pipeline.php(180): Illuminate\\Session\\Middleware\\StartSession->handle()
#38 /media/suraiya/New Volume/Lomeyo-Work/Practice-Projects(Internship)/ogani-ecommerce/vendor/laravel/framework/src/Illuminate/Cookie/Middleware/AddQueuedCookiesToResponse.php(37): Illuminate\\Pipeline\\Pipeline->Illuminate\\Pipeline\\{closure}()
#39 /media/suraiya/New Volume/Lomeyo-Work/Practice-Projects(Internship)/ogani-ecommerce/vendor/laravel/framework/src/Illuminate/Pipeline/Pipeline.php(180): Illuminate\\Cookie\\Middleware\\AddQueuedCookiesToResponse->handle()
#40 /media/suraiya/New Volume/Lomeyo-Work/Practice-Projects(Internship)/ogani-ecommerce/vendor/laravel/framework/src/Illuminate/Cookie/Middleware/EncryptCookies.php(67): Illuminate\\Pipeline\\Pipeline->Illuminate\\Pipeline\\{closure}()
#41 /media/suraiya/New Volume/Lomeyo-Work/Practice-Projects(Internship)/ogani-ecommerce/vendor/laravel/framework/src/Illuminate/Pipeline/Pipeline.php(180): Illuminate\\Cookie\\Middleware\\EncryptCookies->handle()
#42 /media/suraiya/New Volume/Lomeyo-Work/Practice-Projects(Internship)/ogani-ecommerce/vendor/laravel/framework/src/Illuminate/Pipeline/Pipeline.php(116): Illuminate\\Pipeline\\Pipeline->Illuminate\\Pipeline\\{closure}()
#43 /media/suraiya/New Volume/Lomeyo-Work/Practice-Projects(Internship)/ogani-ecommerce/vendor/laravel/framework/src/Illuminate/Routing/Router.php(798): Illuminate\\Pipeline\\Pipeline->then()
#44 /media/suraiya/New Volume/Lomeyo-Work/Practice-Projects(Internship)/ogani-ecommerce/vendor/laravel/framework/src/Illuminate/Routing/Router.php(777): Illuminate\\Routing\\Router->runRouteWithinStack()
#45 /media/suraiya/New Volume/Lomeyo-Work/Practice-Projects(Internship)/ogani-ecommerce/vendor/laravel/framework/src/Illuminate/Routing/Router.php(741): Illuminate\\Routing\\Router->runRoute()
#46 /media/suraiya/New Volume/Lomeyo-Work/Practice-Projects(Internship)/ogani-ecommerce/vendor/laravel/framework/src/Illuminate/Routing/Router.php(730): Illuminate\\Routing\\Router->dispatchToRoute()
#47 /media/suraiya/New Volume/Lomeyo-Work/Practice-Projects(Internship)/ogani-ecommerce/vendor/laravel/framework/src/Illuminate/Foundation/Http/Kernel.php(200): Illuminate\\Routing\\Router->dispatch()
#48 /media/suraiya/New Volume/Lomeyo-Work/Practice-Projects(Internship)/ogani-ecommerce/vendor/laravel/framework/src/Illuminate/Pipeline/Pipeline.php(141): Illuminate\\Foundation\\Http\\Kernel->Illuminate\\Foundation\\Http\\{closure}()
#49 /media/suraiya/New Volume/Lomeyo-Work/Practice-Projects(Internship)/ogani-ecommerce/vendor/laravel/framework/src/Illuminate/Foundation/Http/Middleware/TransformsRequest.php(21): Illuminate\\Pipeline\\Pipeline->Illuminate\\Pipeline\\{closure}()
#50 /media/suraiya/New Volume/Lomeyo-Work/Practice-Projects(Internship)/ogani-ecommerce/vendor/laravel/framework/src/Illuminate/Foundation/Http/Middleware/ConvertEmptyStringsToNull.php(31): Illuminate\\Foundation\\Http\\Middleware\\TransformsRequest->handle()
#51 /media/suraiya/New Volume/Lomeyo-Work/Practice-Projects(Internship)/ogani-ecommerce/vendor/laravel/framework/src/Illuminate/Pipeline/Pipeline.php(180): Illuminate\\Foundation\\Http\\Middleware\\ConvertEmptyStringsToNull->handle()
#52 /media/suraiya/New Volume/Lomeyo-Work/Practice-Projects(Internship)/ogani-ecommerce/vendor/laravel/framework/src/Illuminate/Foundation/Http/Middleware/TransformsRequest.php(21): Illuminate\\Pipeline\\Pipeline->Illuminate\\Pipeline\\{closure}()
#53 /media/suraiya/New Volume/Lomeyo-Work/Practice-Projects(Internship)/ogani-ecommerce/vendor/laravel/framework/src/Illuminate/Foundation/Http/Middleware/TrimStrings.php(40): Illuminate\\Foundation\\Http\\Middleware\\TransformsRequest->handle()
#54 /media/suraiya/New Volume/Lomeyo-Work/Practice-Projects(Internship)/ogani-ecommerce/vendor/laravel/framework/src/Illuminate/Pipeline/Pipeline.php(180): Illuminate\\Foundation\\Http\\Middleware\\TrimStrings->handle()
#55 /media/suraiya/New Volume/Lomeyo-Work/Practice-Projects(Internship)/ogani-ecommerce/vendor/laravel/framework/src/Illuminate/Foundation/Http/Middleware/ValidatePostSize.php(27): Illuminate\\Pipeline\\Pipeline->Illuminate\\Pipeline\\{closure}()
#56 /media/suraiya/New Volume/Lomeyo-Work/Practice-Projects(Internship)/ogani-ecommerce/vendor/laravel/framework/src/Illuminate/Pipeline/Pipeline.php(180): Illuminate\\Foundation\\Http\\Middleware\\ValidatePostSize->handle()
#57 /media/suraiya/New Volume/Lomeyo-Work/Practice-Projects(Internship)/ogani-ecommerce/vendor/laravel/framework/src/Illuminate/Foundation/Http/Middleware/PreventRequestsDuringMaintenance.php(86): Illuminate\\Pipeline\\Pipeline->Illuminate\\Pipeline\\{closure}()
#58 /media/suraiya/New Volume/Lomeyo-Work/Practice-Projects(Internship)/ogani-ecommerce/vendor/laravel/framework/src/Illuminate/Pipeline/Pipeline.php(180): Illuminate\\Foundation\\Http\\Middleware\\PreventRequestsDuringMaintenance->handle()
#59 /media/suraiya/New Volume/Lomeyo-Work/Practice-Projects(Internship)/ogani-ecommerce/vendor/laravel/framework/src/Illuminate/Http/Middleware/HandleCors.php(49): Illuminate\\Pipeline\\Pipeline->Illuminate\\Pipeline\\{closure}()
#60 /media/suraiya/New Volume/Lomeyo-Work/Practice-Projects(Internship)/ogani-ecommerce/vendor/laravel/framework/src/Illuminate/Pipeline/Pipeline.php(180): Illuminate\\Http\\Middleware\\HandleCors->handle()
#61 /media/suraiya/New Volume/Lomeyo-Work/Practice-Projects(Internship)/ogani-ecommerce/vendor/laravel/framework/src/Illuminate/Http/Middleware/TrustProxies.php(39): Illuminate\\Pipeline\\Pipeline->Illuminate\\Pipeline\\{closure}()
#62 /media/suraiya/New Volume/Lomeyo-Work/Practice-Projects(Internship)/ogani-ecommerce/vendor/laravel/framework/src/Illuminate/Pipeline/Pipeline.php(180): Illuminate\\Http\\Middleware\\TrustProxies->handle()
#63 /media/suraiya/New Volume/Lomeyo-Work/Practice-Projects(Internship)/ogani-ecommerce/vendor/laravel/framework/src/Illuminate/Pipeline/Pipeline.php(116): Illuminate\\Pipeline\\Pipeline->Illuminate\\Pipeline\\{closure}()
#64 /media/suraiya/New Volume/Lomeyo-Work/Practice-Projects(Internship)/ogani-ecommerce/vendor/laravel/framework/src/Illuminate/Foundation/Http/Kernel.php(175): Illuminate\\Pipeline\\Pipeline->then()
#65 /media/suraiya/New Volume/Lomeyo-Work/Practice-Projects(Internship)/ogani-ecommerce/vendor/laravel/framework/src/Illuminate/Foundation/Http/Kernel.php(144): Illuminate\\Foundation\\Http\\Kernel->sendRequestThroughRouter()
#66 /media/suraiya/New Volume/Lomeyo-Work/Practice-Projects(Internship)/ogani-ecommerce/public/index.php(51): Illuminate\\Foundation\\Http\\Kernel->handle()
#67 /media/suraiya/New Volume/Lomeyo-Work/Practice-Projects(Internship)/ogani-ecommerce/vendor/laravel/framework/src/Illuminate/Foundation/resources/server.php(16): require_once('...')
#68 {main}

[previous exception] [object] (Error(code: 0): Undefined constant \"frontend\" at /media/suraiya/New Volume/Lomeyo-Work/Practice-Projects(Internship)/ogani-ecommerce/storage/framework/views/fca5849e53e863123480d7310c986be8.php:84)
[stacktrace]
#0 /media/suraiya/New Volume/Lomeyo-Work/Practice-Projects(Internship)/ogani-ecommerce/vendor/laravel/framework/src/Illuminate/Filesystem/Filesystem.php(124): require()
#1 /media/suraiya/New Volume/Lomeyo-Work/Practice-Projects(Internship)/ogani-ecommerce/vendor/laravel/framework/src/Illuminate/Filesystem/Filesystem.php(125): Illuminate\\Filesystem\\Filesystem::Illuminate\\Filesystem\\{closure}()
#2 /media/suraiya/New Volume/Lomeyo-Work/Practice-Projects(Internship)/ogani-ecommerce/vendor/laravel/framework/src/Illuminate/View/Engines/PhpEngine.php(58): Illuminate\\Filesystem\\Filesystem->getRequire()
#3 /media/suraiya/New Volume/Lomeyo-Work/Practice-Projects(Internship)/ogani-ecommerce/vendor/laravel/framework/src/Illuminate/View/Engines/CompilerEngine.php(70): Illuminate\\View\\Engines\\PhpEngine->evaluatePath()
#4 /media/suraiya/New Volume/Lomeyo-Work/Practice-Projects(Internship)/ogani-ecommerce/vendor/laravel/framework/src/Illuminate/View/View.php(195): Illuminate\\View\\Engines\\CompilerEngine->get()
#5 /media/suraiya/New Volume/Lomeyo-Work/Practice-Projects(Internship)/ogani-ecommerce/vendor/laravel/framework/src/Illuminate/View/View.php(178): Illuminate\\View\\View->getContents()
#6 /media/suraiya/New Volume/Lomeyo-Work/Practice-Projects(Internship)/ogani-ecommerce/vendor/laravel/framework/src/Illuminate/View/View.php(147): Illuminate\\View\\View->renderContents()
#7 /media/suraiya/New Volume/Lomeyo-Work/Practice-Projects(Internship)/ogani-ecommerce/storage/framework/views/b8b66ae55bcd77389b4226012816b11e.php(1): Illuminate\\View\\View->render()
#8 /media/suraiya/New Volume/Lomeyo-Work/Practice-Projects(Internship)/ogani-ecommerce/vendor/laravel/framework/src/Illuminate/Filesystem/Filesystem.php(124): require('...')
#9 /media/suraiya/New Volume/Lomeyo-Work/Practice-Projects(Internship)/ogani-ecommerce/vendor/laravel/framework/src/Illuminate/Filesystem/Filesystem.php(125): Illuminate\\Filesystem\\Filesystem::Illuminate\\Filesystem\\{closure}()
#10 /media/suraiya/New Volume/Lomeyo-Work/Practice-Projects(Internship)/ogani-ecommerce/vendor/laravel/framework/src/Illuminate/View/Engines/PhpEngine.php(58): Illuminate\\Filesystem\\Filesystem->getRequire()
#11 /media/suraiya/New Volume/Lomeyo-Work/Practice-Projects(Internship)/ogani-ecommerce/vendor/laravel/framework/src/Illuminate/View/Engines/CompilerEngine.php(70): Illuminate\\View\\Engines\\PhpEngine->evaluatePath()
#12 /media/suraiya/New Volume/Lomeyo-Work/Practice-Projects(Internship)/ogani-ecommerce/vendor/laravel/framework/src/Illuminate/View/View.php(195): Illuminate\\View\\Engines\\CompilerEngine->get()
#13 /media/suraiya/New Volume/Lomeyo-Work/Practice-Projects(Internship)/ogani-ecommerce/vendor/laravel/framework/src/Illuminate/View/View.php(178): Illuminate\\View\\View->getContents()
#14 /media/suraiya/New Volume/Lomeyo-Work/Practice-Projects(Internship)/ogani-ecommerce/vendor/laravel/framework/src/Illuminate/View/View.php(147): Illuminate\\View\\View->renderContents()
#15 /media/suraiya/New Volume/Lomeyo-Work/Practice-Projects(Internship)/ogani-ecommerce/storage/framework/views/5d87826ac1c4025d4c835480e29a6244.php(300): Illuminate\\View\\View->render()
#16 /media/suraiya/New Volume/Lomeyo-Work/Practice-Projects(Internship)/ogani-ecommerce/vendor/laravel/framework/src/Illuminate/Filesystem/Filesystem.php(124): require('...')
#17 /media/suraiya/New Volume/Lomeyo-Work/Practice-Projects(Internship)/ogani-ecommerce/vendor/laravel/framework/src/Illuminate/Filesystem/Filesystem.php(125): Illuminate\\Filesystem\\Filesystem::Illuminate\\Filesystem\\{closure}()
#18 /media/suraiya/New Volume/Lomeyo-Work/Practice-Projects(Internship)/ogani-ecommerce/vendor/laravel/framework/src/Illuminate/View/Engines/PhpEngine.php(58): Illuminate\\Filesystem\\Filesystem->getRequire()
#19 /media/suraiya/New Volume/Lomeyo-Work/Practice-Projects(Internship)/ogani-ecommerce/vendor/laravel/framework/src/Illuminate/View/Engines/CompilerEngine.php(70): Illuminate\\View\\Engines\\PhpEngine->evaluatePath()
#20 /media/suraiya/New Volume/Lomeyo-Work/Practice-Projects(Internship)/ogani-ecommerce/vendor/laravel/framework/src/Illuminate/View/View.php(195): Illuminate\\View\\Engines\\CompilerEngine->get()
#21 /media/suraiya/New Volume/Lomeyo-Work/Practice-Projects(Internship)/ogani-ecommerce/vendor/laravel/framework/src/Illuminate/View/View.php(178): Illuminate\\View\\View->getContents()
#22 /media/suraiya/New Volume/Lomeyo-Work/Practice-Projects(Internship)/ogani-ecommerce/vendor/laravel/framework/src/Illuminate/View/View.php(147): Illuminate\\View\\View->renderContents()
#23 /media/suraiya/New Volume/Lomeyo-Work/Practice-Projects(Internship)/ogani-ecommerce/vendor/laravel/framework/src/Illuminate/Http/Response.php(69): Illuminate\\View\\View->render()
#24 /media/suraiya/New Volume/Lomeyo-Work/Practice-Projects(Internship)/ogani-ecommerce/vendor/laravel/framework/src/Illuminate/Http/Response.php(35): Illuminate\\Http\\Response->setContent()
#25 /media/suraiya/New Volume/Lomeyo-Work/Practice-Projects(Internship)/ogani-ecommerce/vendor/laravel/framework/src/Illuminate/Routing/Router.php(911): Illuminate\\Http\\Response->__construct()
#26 /media/suraiya/New Volume/Lomeyo-Work/Practice-Projects(Internship)/ogani-ecommerce/vendor/laravel/framework/src/Illuminate/Routing/Router.php(878): Illuminate\\Routing\\Router::toResponse()
#27 /media/suraiya/New Volume/Lomeyo-Work/Practice-Projects(Internship)/ogani-ecommerce/vendor/laravel/framework/src/Illuminate/Routing/Router.php(798): Illuminate\\Routing\\Router->prepareResponse()
#28 /media/suraiya/New Volume/Lomeyo-Work/Practice-Projects(Internship)/ogani-ecommerce/vendor/laravel/framework/src/Illuminate/Pipeline/Pipeline.php(141): Illuminate\\Routing\\Router->Illuminate\\Routing\\{closure}()
#29 /media/suraiya/New Volume/Lomeyo-Work/Practice-Projects(Internship)/ogani-ecommerce/vendor/laravel/framework/src/Illuminate/Routing/Middleware/SubstituteBindings.php(50): Illuminate\\Pipeline\\Pipeline->Illuminate\\Pipeline\\{closure}()
#30 /media/suraiya/New Volume/Lomeyo-Work/Practice-Projects(Internship)/ogani-ecommerce/vendor/laravel/framework/src/Illuminate/Pipeline/Pipeline.php(180): Illuminate\\Routing\\Middleware\\SubstituteBindings->handle()
#31 /media/suraiya/New Volume/Lomeyo-Work/Practice-Projects(Internship)/ogani-ecommerce/vendor/laravel/framework/src/Illuminate/Foundation/Http/Middleware/VerifyCsrfToken.php(78): Illuminate\\Pipeline\\Pipeline->Illuminate\\Pipeline\\{closure}()
#32 /media/suraiya/New Volume/Lomeyo-Work/Practice-Projects(Internship)/ogani-ecommerce/vendor/laravel/framework/src/Illuminate/Pipeline/Pipeline.php(180): Illuminate\\Foundation\\Http\\Middleware\\VerifyCsrfToken->handle()
#33 /media/suraiya/New Volume/Lomeyo-Work/Practice-Projects(Internship)/ogani-ecommerce/vendor/laravel/framework/src/Illuminate/View/Middleware/ShareErrorsFromSession.php(49): Illuminate\\Pipeline\\Pipeline->Illuminate\\Pipeline\\{closure}()
#34 /media/suraiya/New Volume/Lomeyo-Work/Practice-Projects(Internship)/ogani-ecommerce/vendor/laravel/framework/src/Illuminate/Pipeline/Pipeline.php(180): Illuminate\\View\\Middleware\\ShareErrorsFromSession->handle()
#35 /media/suraiya/New Volume/Lomeyo-Work/Practice-Projects(Internship)/ogani-ecommerce/vendor/laravel/framework/src/Illuminate/Session/Middleware/StartSession.php(121): Illuminate\\Pipeline\\Pipeline->Illuminate\\Pipeline\\{closure}()
#36 /media/suraiya/New Volume/Lomeyo-Work/Practice-Projects(Internship)/ogani-ecommerce/vendor/laravel/framework/src/Illuminate/Session/Middleware/StartSession.php(64): Illuminate\\Session\\Middleware\\StartSession->handleStatefulRequest()
#37 /media/suraiya/New Volume/Lomeyo-Work/Practice-Projects(Internship)/ogani-ecommerce/vendor/laravel/framework/src/Illuminate/Pipeline/Pipeline.php(180): Illuminate\\Session\\Middleware\\StartSession->handle()
#38 /media/suraiya/New Volume/Lomeyo-Work/Practice-Projects(Internship)/ogani-ecommerce/vendor/laravel/framework/src/Illuminate/Cookie/Middleware/AddQueuedCookiesToResponse.php(37): Illuminate\\Pipeline\\Pipeline->Illuminate\\Pipeline\\{closure}()
#39 /media/suraiya/New Volume/Lomeyo-Work/Practice-Projects(Internship)/ogani-ecommerce/vendor/laravel/framework/src/Illuminate/Pipeline/Pipeline.php(180): Illuminate\\Cookie\\Middleware\\AddQueuedCookiesToResponse->handle()
#40 /media/suraiya/New Volume/Lomeyo-Work/Practice-Projects(Internship)/ogani-ecommerce/vendor/laravel/framework/src/Illuminate/Cookie/Middleware/EncryptCookies.php(67): Illuminate\\Pipeline\\Pipeline->Illuminate\\Pipeline\\{closure}()
#41 /media/suraiya/New Volume/Lomeyo-Work/Practice-Projects(Internship)/ogani-ecommerce/vendor/laravel/framework/src/Illuminate/Pipeline/Pipeline.php(180): Illuminate\\Cookie\\Middleware\\EncryptCookies->handle()
#42 /media/suraiya/New Volume/Lomeyo-Work/Practice-Projects(Internship)/ogani-ecommerce/vendor/laravel/framework/src/Illuminate/Pipeline/Pipeline.php(116): Illuminate\\Pipeline\\Pipeline->Illuminate\\Pipeline\\{closure}()
#43 /media/suraiya/New Volume/Lomeyo-Work/Practice-Projects(Internship)/ogani-ecommerce/vendor/laravel/framework/src/Illuminate/Routing/Router.php(798): Illuminate\\Pipeline\\Pipeline->then()
#44 /media/suraiya/New Volume/Lomeyo-Work/Practice-Projects(Internship)/ogani-ecommerce/vendor/laravel/framework/src/Illuminate/Routing/Router.php(777): Illuminate\\Routing\\Router->runRouteWithinStack()
#45 /media/suraiya/New Volume/Lomeyo-Work/Practice-Projects(Internship)/ogani-ecommerce/vendor/laravel/framework/src/Illuminate/Routing/Router.php(741): Illuminate\\Routing\\Router->runRoute()
#46 /media/suraiya/New Volume/Lomeyo-Work/Practice-Projects(Internship)/ogani-ecommerce/vendor/laravel/framework/src/Illuminate/Routing/Router.php(730): Illuminate\\Routing\\Router->dispatchToRoute()
#47 /media/suraiya/New Volume/Lomeyo-Work/Practice-Projects(Internship)/ogani-ecommerce/vendor/laravel/framework/src/Illuminate/Foundation/Http/Kernel.php(200): Illuminate\\Routing\\Router->dispatch()
#48 /media/suraiya/New Volume/Lomeyo-Work/Practice-Projects(Internship)/ogani-ecommerce/vendor/laravel/framework/src/Illuminate/Pipeline/Pipeline.php(141): Illuminate\\Foundation\\Http\\Kernel->Illuminate\\Foundation\\Http\\{closure}()
#49 /media/suraiya/New Volume/Lomeyo-Work/Practice-Projects(Internship)/ogani-ecommerce/vendor/laravel/framework/src/Illuminate/Foundation/Http/Middleware/TransformsRequest.php(21): Illuminate\\Pipeline\\Pipeline->Illuminate\\Pipeline\\{closure}()
#50 /media/suraiya/New Volume/Lomeyo-Work/Practice-Projects(Internship)/ogani-ecommerce/vendor/laravel/framework/src/Illuminate/Foundation/Http/Middleware/ConvertEmptyStringsToNull.php(31): Illuminate\\Foundation\\Http\\Middleware\\TransformsRequest->handle()
#51 /media/suraiya/New Volume/Lomeyo-Work/Practice-Projects(Internship)/ogani-ecommerce/vendor/laravel/framework/src/Illuminate/Pipeline/Pipeline.php(180): Illuminate\\Foundation\\Http\\Middleware\\ConvertEmptyStringsToNull->handle()
#52 /media/suraiya/New Volume/Lomeyo-Work/Practice-Projects(Internship)/ogani-ecommerce/vendor/laravel/framework/src/Illuminate/Foundation/Http/Middleware/TransformsRequest.php(21): Illuminate\\Pipeline\\Pipeline->Illuminate\\Pipeline\\{closure}()
#53 /media/suraiya/New Volume/Lomeyo-Work/Practice-Projects(Internship)/ogani-ecommerce/vendor/laravel/framework/src/Illuminate/Foundation/Http/Middleware/TrimStrings.php(40): Illuminate\\Foundation\\Http\\Middleware\\TransformsRequest->handle()
#54 /media/suraiya/New Volume/Lomeyo-Work/Practice-Projects(Internship)/ogani-ecommerce/vendor/laravel/framework/src/Illuminate/Pipeline/Pipeline.php(180): Illuminate\\Foundation\\Http\\Middleware\\TrimStrings->handle()
#55 /media/suraiya/New Volume/Lomeyo-Work/Practice-Projects(Internship)/ogani-ecommerce/vendor/laravel/framework/src/Illuminate/Foundation/Http/Middleware/ValidatePostSize.php(27): Illuminate\\Pipeline\\Pipeline->Illuminate\\Pipeline\\{closure}()
#56 /media/suraiya/New Volume/Lomeyo-Work/Practice-Projects(Internship)/ogani-ecommerce/vendor/laravel/framework/src/Illuminate/Pipeline/Pipeline.php(180): Illuminate\\Foundation\\Http\\Middleware\\ValidatePostSize->handle()
#57 /media/suraiya/New Volume/Lomeyo-Work/Practice-Projects(Internship)/ogani-ecommerce/vendor/laravel/framework/src/Illuminate/Foundation/Http/Middleware/PreventRequestsDuringMaintenance.php(86): Illuminate\\Pipeline\\Pipeline->Illuminate\\Pipeline\\{closure}()
#58 /media/suraiya/New Volume/Lomeyo-Work/Practice-Projects(Internship)/ogani-ecommerce/vendor/laravel/framework/src/Illuminate/Pipeline/Pipeline.php(180): Illuminate\\Foundation\\Http\\Middleware\\PreventRequestsDuringMaintenance->handle()
#59 /media/suraiya/New Volume/Lomeyo-Work/Practice-Projects(Internship)/ogani-ecommerce/vendor/laravel/framework/src/Illuminate/Http/Middleware/HandleCors.php(49): Illuminate\\Pipeline\\Pipeline->Illuminate\\Pipeline\\{closure}()
#60 /media/suraiya/New Volume/Lomeyo-Work/Practice-Projects(Internship)/ogani-ecommerce/vendor/laravel/framework/src/Illuminate/Pipeline/Pipeline.php(180): Illuminate\\Http\\Middleware\\HandleCors->handle()
#61 /media/suraiya/New Volume/Lomeyo-Work/Practice-Projects(Internship)/ogani-ecommerce/vendor/laravel/framework/src/Illuminate/Http/Middleware/TrustProxies.php(39): Illuminate\\Pipeline\\Pipeline->Illuminate\\Pipeline\\{closure}()
#62 /media/suraiya/New Volume/Lomeyo-Work/Practice-Projects(Internship)/ogani-ecommerce/vendor/laravel/framework/src/Illuminate/Pipeline/Pipeline.php(180): Illuminate\\Http\\Middleware\\TrustProxies->handle()
#63 /media/suraiya/New Volume/Lomeyo-Work/Practice-Projects(Internship)/ogani-ecommerce/vendor/laravel/framework/src/Illuminate/Pipeline/Pipeline.php(116): Illuminate\\Pipeline\\Pipeline->Illuminate\\Pipeline\\{closure}()
#64 /media/suraiya/New Volume/Lomeyo-Work/Practice-Projects(Internship)/ogani-ecommerce/vendor/laravel/framework/src/Illuminate/Foundation/Http/Kernel.php(175): Illuminate\\Pipeline\\Pipeline->then()
#65 /media/suraiya/New Volume/Lomeyo-Work/Practice-Projects(Internship)/ogani-ecommerce/vendor/laravel/framework/src/Illuminate/Foundation/Http/Kernel.php(144): Illuminate\\Foundation\\Http\\Kernel->sendRequestThroughRouter()
#66 /media/suraiya/New Volume/Lomeyo-Work/Practice-Projects(Internship)/ogani-ecommerce/public/index.php(51): Illuminate\\Foundation\\Http\\Kernel->handle()
#67 /media/suraiya/New Volume/Lomeyo-Work/Practice-Projects(Internship)/ogani-ecommerce/vendor/laravel/framework/src/Illuminate/Foundation/resources/server.php(16): require_once('...')
#68 {main}
"} 
